/*--------------------------------*- C++ -*----------------------------------*\
| =========                 |                                                 |
| \\      /  F ield         | OpenFOAM: The Open Source CFD Toolbox           |
|  \\    /   O peration     | Version:  2012                                  |
|   \\  /    A nd           | Website:  www.openfoam.com                      |
|    \\/     M anipulation  |                                                 |
\*---------------------------------------------------------------------------*/
FoamFile
{
    version     2.0;
    format      ascii;
    class       labelList;
    note        "nPoints:116383  nCells:57780  nFaces:231210  nInternalFaces:114828";
    location    "constant/polyMesh";
    object      neighbour;
}
// * * * * * * * * * * * * * * * * * * * * * * * * * * * * * * * * * * * * * //


114828
(
1
90
2
91
3
92
4
93
5
94
6
95
7
96
8
97
9
98
10
99
11
100
12
101
13
102
14
103
15
104
16
105
17
106
18
107
19
108
20
109
21
110
22
111
23
112
24
113
25
114
26
115
27
116
28
117
29
118
30
119
31
120
32
121
33
122
34
123
35
124
36
125
37
126
38
127
39
128
40
129
41
130
42
131
43
132
44
133
45
134
46
135
47
136
48
137
49
138
50
139
51
140
52
141
53
142
54
143
55
144
56
145
57
146
58
147
59
148
60
149
61
150
62
151
63
152
64
153
65
154
66
155
67
156
68
157
69
158
70
159
71
160
72
161
73
162
74
163
75
164
76
165
77
166
78
167
79
168
80
169
81
170
82
171
83
172
84
173
85
174
86
175
87
176
88
177
89
178
179
91
180
92
181
93
182
94
183
95
184
96
185
97
186
98
187
99
188
100
189
101
190
102
191
103
192
104
193
105
194
106
195
107
196
108
197
109
198
110
199
111
200
112
201
113
202
114
203
115
204
116
205
117
206
118
207
119
208
120
209
121
210
122
211
123
212
124
213
125
214
126
215
127
216
128
217
129
218
130
219
131
220
132
221
133
222
134
223
135
224
136
225
137
226
138
227
139
228
140
229
141
230
142
231
143
232
144
233
145
234
146
235
147
236
148
237
149
238
150
239
151
240
152
241
153
242
154
243
155
244
156
245
157
246
158
247
159
248
160
249
161
250
162
251
163
252
164
253
165
254
166
255
167
256
168
257
169
258
170
259
171
260
172
261
173
262
174
263
175
264
176
265
177
266
178
267
179
268
269
181
270
182
271
183
272
184
273
185
274
186
275
187
276
188
277
189
278
190
279
191
280
192
281
193
282
194
283
195
284
196
285
197
286
198
287
199
288
200
289
201
290
202
291
203
292
204
293
205
294
206
295
207
296
208
297
209
298
210
299
211
300
212
301
213
302
214
303
215
304
216
305
217
306
218
307
219
308
220
309
221
310
222
311
223
312
224
313
225
314
226
315
227
316
228
317
229
318
230
319
231
320
232
321
233
322
234
323
235
324
236
325
237
326
238
327
239
328
240
329
241
330
242
331
243
332
244
333
245
334
246
335
247
336
248
337
249
338
250
339
251
340
252
341
253
342
254
343
255
344
256
345
257
346
258
347
259
348
260
349
261
350
262
351
263
352
264
353
265
354
266
355
267
356
268
357
269
358
359
271
360
272
361
273
362
274
363
275
364
276
365
277
366
278
367
279
368
280
369
281
370
282
371
283
372
284
373
285
374
286
375
287
376
288
377
289
378
290
379
291
380
292
381
293
382
294
383
295
384
296
385
297
386
298
387
299
388
300
389
301
390
302
391
303
392
304
393
305
394
306
395
307
396
308
397
309
398
310
399
311
400
312
401
313
402
314
403
315
404
316
405
317
406
318
407
319
408
320
409
321
410
322
411
323
412
324
413
325
414
326
415
327
416
328
417
329
418
330
419
331
420
332
421
333
422
334
423
335
424
336
425
337
426
338
427
339
428
340
429
341
430
342
431
343
432
344
433
345
434
346
435
347
436
348
437
349
438
350
439
351
440
352
441
353
442
354
443
355
444
356
445
357
446
358
447
359
448
449
361
450
362
451
363
452
364
453
365
454
366
455
367
456
368
457
369
458
370
459
371
460
372
461
373
462
374
463
375
464
376
465
377
466
378
467
379
468
380
469
381
470
382
471
383
472
384
473
385
474
386
475
387
476
388
477
389
478
390
479
391
480
392
481
393
482
394
483
395
484
396
485
397
486
398
487
399
488
400
489
401
490
402
491
403
492
404
493
405
494
406
495
407
496
408
497
409
498
410
499
411
500
412
501
413
502
414
503
415
504
416
505
417
506
418
507
419
508
420
509
421
510
422
511
423
512
424
513
425
514
426
515
427
516
428
517
429
518
430
519
431
520
432
521
433
522
434
523
435
524
436
525
437
526
438
527
439
528
440
529
441
530
442
531
443
532
444
533
445
534
446
535
447
536
448
537
449
538
539
451
540
452
541
453
542
454
543
455
544
456
545
457
546
458
547
459
548
460
549
461
550
462
551
463
552
464
553
465
554
466
555
467
556
468
557
469
558
470
559
471
560
472
561
473
562
474
563
475
564
476
565
477
566
478
567
479
568
480
569
481
570
482
571
483
572
484
573
485
574
486
575
487
576
488
577
489
578
490
579
491
580
492
581
493
582
494
583
495
584
496
585
497
586
498
587
499
588
500
589
501
590
502
591
503
592
504
593
505
594
506
595
507
596
508
597
509
598
510
599
511
600
512
601
513
602
514
603
515
604
516
605
517
606
518
607
519
608
520
609
521
610
522
611
523
612
524
613
525
614
526
615
527
616
528
617
529
618
530
619
531
620
532
621
533
622
534
623
535
624
536
625
537
626
538
627
539
628
629
541
630
542
631
543
632
544
633
545
634
546
635
547
636
548
637
549
638
550
639
551
640
552
641
553
642
554
643
555
644
556
645
557
646
558
647
559
648
560
649
561
650
562
651
563
652
564
653
565
654
566
655
567
656
568
657
569
658
570
659
571
660
572
661
573
662
574
663
575
664
576
665
577
666
578
667
579
668
580
669
581
670
582
671
583
672
584
673
585
674
586
675
587
676
588
677
589
678
590
679
591
680
592
681
593
682
594
683
595
684
596
685
597
686
598
687
599
688
600
689
601
690
602
691
603
692
604
693
605
694
606
695
607
696
608
697
609
698
610
699
611
700
612
701
613
702
614
703
615
704
616
705
617
706
618
707
619
708
620
709
621
710
622
711
623
712
624
713
625
714
626
715
627
716
628
717
629
718
719
631
720
632
721
633
722
634
723
635
724
636
725
637
726
638
727
639
728
640
729
641
730
642
731
643
732
644
733
645
734
646
735
647
736
648
737
649
738
650
739
651
740
652
741
653
742
654
743
655
744
656
745
657
746
658
747
659
748
660
749
661
750
662
751
663
752
664
753
665
754
666
755
667
756
668
757
669
758
670
759
671
760
672
761
673
762
674
763
675
764
676
765
677
766
678
767
679
768
680
769
681
770
682
771
683
772
684
773
685
774
686
775
687
776
688
777
689
778
690
779
691
780
692
781
693
782
694
783
695
784
696
785
697
786
698
787
699
788
700
789
701
790
702
791
703
792
704
793
705
794
706
795
707
796
708
797
709
798
710
799
711
800
712
801
713
802
714
803
715
804
716
805
717
806
718
807
719
808
809
721
810
722
811
723
812
724
813
725
814
726
815
727
816
728
817
729
818
730
819
731
820
732
821
733
822
734
823
735
824
736
825
737
826
738
827
739
828
740
829
741
830
742
831
743
832
744
833
745
834
746
835
747
836
748
837
749
838
750
839
751
840
752
841
753
842
754
843
755
844
756
845
757
846
758
847
759
848
760
849
761
850
762
851
763
852
764
853
765
854
766
855
767
856
768
857
769
858
770
859
771
860
772
861
773
862
774
863
775
864
776
865
777
866
778
867
779
868
780
869
781
870
782
871
783
872
784
873
785
874
786
875
787
876
788
877
789
878
790
879
791
880
792
881
793
882
794
883
795
884
796
885
797
886
798
887
799
888
800
889
801
890
802
891
803
892
804
893
805
894
806
895
807
896
808
897
809
898
899
811
900
812
901
813
902
814
903
815
904
816
905
817
906
818
907
819
908
820
909
821
910
822
911
823
912
824
913
825
914
826
915
827
916
828
917
829
918
830
919
831
920
832
921
833
922
834
923
835
924
836
925
837
926
838
927
839
928
840
929
841
930
842
931
843
932
844
933
845
934
846
935
847
936
848
937
849
938
850
939
851
940
852
941
853
942
854
943
855
944
856
945
857
946
858
947
859
948
860
949
861
950
862
951
863
952
864
953
865
954
866
955
867
956
868
957
869
958
870
959
871
960
872
961
873
962
874
963
875
964
876
965
877
966
878
967
879
968
880
969
881
970
882
971
883
972
884
973
885
974
886
975
887
976
888
977
889
978
890
979
891
980
892
981
893
982
894
983
895
984
896
985
897
986
898
987
899
988
989
901
990
902
991
903
992
904
993
905
994
906
995
907
996
908
997
909
998
910
999
911
1000
912
1001
913
1002
914
1003
915
1004
916
1005
917
1006
918
1007
919
1008
920
1009
921
1010
922
1011
923
1012
924
1013
925
1014
926
1015
927
1016
928
1017
929
1018
930
1019
931
1020
932
1021
933
1022
934
1023
935
1024
936
1025
937
1026
938
1027
939
1028
940
1029
941
1030
942
1031
943
1032
944
1033
945
1034
946
1035
947
1036
948
1037
949
1038
950
1039
951
1040
952
1041
953
1042
954
1043
955
1044
956
1045
957
1046
958
1047
959
1048
960
1049
961
1050
962
1051
963
1052
964
1053
965
1054
966
1055
967
1056
968
1057
969
1058
970
1059
971
1060
972
1061
973
1062
974
1063
975
1064
976
1065
977
1066
978
1067
979
1068
980
1069
981
1070
982
1071
983
1072
984
1073
985
1074
986
1075
987
1076
988
1077
989
1078
1079
991
1080
992
1081
993
1082
994
1083
995
1084
996
1085
997
1086
998
1087
999
1088
1000
1089
1001
1090
1002
1091
1003
1092
1004
1093
1005
1094
1006
1095
1007
1096
1008
1097
1009
1098
1010
1099
1011
1100
1012
1101
1013
1102
1014
1103
1015
1104
1016
1105
1017
1106
1018
1107
1019
1108
1020
1109
1021
1110
1022
1111
1023
1112
1024
1113
1025
1114
1026
1115
1027
1116
1028
1117
1029
1118
1030
1119
1031
1120
1032
1121
1033
1122
1034
1123
1035
1124
1036
1125
1037
1126
1038
1127
1039
1128
1040
1129
1041
1130
1042
1131
1043
1132
1044
1133
1045
1134
1046
1135
1047
1136
1048
1137
1049
1138
1050
1139
1051
1140
1052
1141
1053
1142
1054
1143
1055
1144
1056
1145
1057
1146
1058
1147
1059
1148
1060
1149
1061
1150
1062
1151
1063
1152
1064
1153
1065
1154
1066
1155
1067
1156
1068
1157
1069
1158
1070
1159
1071
1160
1072
1161
1073
1162
1074
1163
1075
1164
1076
1165
1077
1166
1078
1167
1079
1168
1169
1081
1170
1082
1171
1083
1172
1084
1173
1085
1174
1086
1175
1087
1176
1088
1177
1089
1178
1090
1179
1091
1180
1092
1181
1093
1182
1094
1183
1095
1184
1096
1185
1097
1186
1098
1187
1099
1188
1100
1189
1101
1190
1102
1191
1103
1192
1104
1193
1105
1194
1106
1195
1107
1196
1108
1197
1109
1198
1110
1199
1111
1200
1112
1201
1113
1202
1114
1203
1115
1204
1116
1205
1117
1206
1118
1207
1119
1208
1120
1209
1121
1210
1122
1211
1123
1212
1124
1213
1125
1214
1126
1215
1127
1216
1128
1217
1129
1218
1130
1219
1131
1220
1132
1221
1133
1222
1134
1223
1135
1224
1136
1225
1137
1226
1138
1227
1139
1228
1140
1229
1141
1230
1142
1231
1143
1232
1144
1233
1145
1234
1146
1235
1147
1236
1148
1237
1149
1238
1150
1239
1151
1240
1152
1241
1153
1242
1154
1243
1155
1244
1156
1245
1157
1246
1158
1247
1159
1248
1160
1249
1161
1250
1162
1251
1163
1252
1164
1253
1165
1254
1166
1255
1167
1256
1168
1257
1169
1258
1259
1171
1260
1172
1261
1173
1262
1174
1263
1175
1264
1176
1265
1177
1266
1178
1267
1179
1268
1180
1269
1181
1270
1182
1271
1183
1272
1184
1273
1185
1274
1186
1275
1187
1276
1188
1277
1189
1278
1190
1279
1191
1280
1192
1281
1193
1282
1194
1283
1195
1284
1196
1285
1197
1286
1198
1287
1199
1288
1200
1289
1201
1290
1202
1291
1203
1292
1204
1293
1205
1294
1206
1295
1207
1296
1208
1297
1209
1298
1210
1299
1211
1300
1212
1301
1213
1302
1214
1303
1215
1304
1216
1305
1217
1306
1218
1307
1219
1308
1220
1309
1221
1310
1222
1311
1223
1312
1224
1313
1225
1314
1226
1315
1227
1316
1228
1317
1229
1318
1230
1319
1231
1320
1232
1321
1233
1322
1234
1323
1235
1324
1236
1325
1237
1326
1238
1327
1239
1328
1240
1329
1241
1330
1242
1331
1243
1332
1244
1333
1245
1334
1246
1335
1247
1336
1248
1337
1249
1338
1250
1339
1251
1340
1252
1341
1253
1342
1254
1343
1255
1344
1256
1345
1257
1346
1258
1347
1259
1348
1349
1261
1350
1262
1351
1263
1352
1264
1353
1265
1354
1266
1355
1267
1356
1268
1357
1269
1358
1270
1359
1271
1360
1272
1361
1273
1362
1274
1363
1275
1364
1276
1365
1277
1366
1278
1367
1279
1368
1280
1369
1281
1370
1282
1371
1283
1372
1284
1373
1285
1374
1286
1375
1287
1376
1288
1377
1289
1378
1290
1379
1291
1380
1292
1381
1293
1382
1294
1383
1295
1384
1296
1385
1297
1386
1298
1387
1299
1388
1300
1389
1301
1390
1302
1391
1303
1392
1304
1393
1305
1394
1306
1395
1307
1396
1308
1397
1309
1398
1310
1399
1311
1400
1312
1401
1313
1402
1314
1403
1315
1404
1316
1405
1317
1406
1318
1407
1319
1408
1320
1409
1321
1410
1322
1411
1323
1412
1324
1413
1325
1414
1326
1415
1327
1416
1328
1417
1329
1418
1330
1419
1331
1420
1332
1421
1333
1422
1334
1423
1335
1424
1336
1425
1337
1426
1338
1427
1339
1428
1340
1429
1341
1430
1342
1431
1343
1432
1344
1433
1345
1434
1346
1435
1347
1436
1348
1437
1349
1438
1439
1351
1440
1352
1441
1353
1442
1354
1443
1355
1444
1356
1445
1357
1446
1358
1447
1359
1448
1360
1449
1361
1450
1362
1451
1363
1452
1364
1453
1365
1454
1366
1455
1367
1456
1368
1457
1369
1458
1370
1459
1371
1460
1372
1461
1373
1462
1374
1463
1375
1464
1376
1465
1377
1466
1378
1467
1379
1468
1380
1469
1381
1470
1382
1471
1383
1472
1384
1473
1385
1474
1386
1475
1387
1476
1388
1477
1389
1478
1390
1479
1391
1480
1392
1481
1393
1482
1394
1483
1395
1484
1396
1485
1397
1486
1398
1487
1399
1488
1400
1489
1401
1490
1402
1491
1403
1492
1404
1493
1405
1494
1406
1495
1407
1496
1408
1497
1409
1498
1410
1499
1411
1500
1412
1501
1413
1502
1414
1503
1415
1504
1416
1505
1417
1506
1418
1507
1419
1508
1420
1509
1421
1510
1422
1511
1423
1512
1424
1513
1425
1514
1426
1515
1427
1516
1428
1517
1429
1518
1430
1519
1431
1520
1432
1521
1433
1522
1434
1523
1435
1524
1436
1525
1437
1526
1438
1527
1439
1528
1529
1441
1530
1442
1531
1443
1532
1444
1533
1445
1534
1446
1535
1447
1536
1448
1537
1449
1538
1450
1539
1451
1540
1452
1541
1453
1542
1454
1543
1455
1544
1456
1545
1457
1546
1458
1547
1459
1548
1460
1549
1461
1550
1462
1551
1463
1552
1464
1553
1465
1554
1466
1555
1467
1556
1468
1557
1469
1558
1470
1559
1471
1560
1472
1561
1473
1562
1474
1563
1475
1564
1476
1565
1477
1566
1478
1567
1479
1568
1480
1569
1481
1570
1482
1571
1483
1572
1484
1573
1485
1574
1486
1575
1487
1576
1488
1577
1489
1578
1490
1579
1491
1580
1492
1581
1493
1582
1494
1583
1495
1584
1496
1585
1497
1586
1498
1587
1499
1588
1500
1589
1501
1590
1502
1591
1503
1592
1504
1593
1505
1594
1506
1595
1507
1596
1508
1597
1509
1598
1510
1599
1511
1600
1512
1601
1513
1602
1514
1603
1515
1604
1516
1605
1517
1606
1518
1607
1519
1608
1520
1609
1521
1610
1522
1611
1523
1612
1524
1613
1525
1614
1526
1615
1527
1616
1528
1617
1529
1618
1619
1531
1620
1532
1621
1533
1622
1534
1623
1535
1624
1536
1625
1537
1626
1538
1627
1539
1628
1540
1629
1541
1630
1542
1631
1543
1632
1544
1633
1545
1634
1546
1635
1547
1636
1548
1637
1549
1638
1550
1639
1551
1640
1552
1641
1553
1642
1554
1643
1555
1644
1556
1645
1557
1646
1558
1647
1559
1648
1560
1649
1561
1650
1562
1651
1563
1652
1564
1653
1565
1654
1566
1655
1567
1656
1568
1657
1569
1658
1570
1659
1571
1660
1572
1661
1573
1662
1574
1663
1575
1664
1576
1665
1577
1666
1578
1667
1579
1668
1580
1669
1581
1670
1582
1671
1583
1672
1584
1673
1585
1674
1586
1675
1587
1676
1588
1677
1589
1678
1590
1679
1591
1680
1592
1681
1593
1682
1594
1683
1595
1684
1596
1685
1597
1686
1598
1687
1599
1688
1600
1689
1601
1690
1602
1691
1603
1692
1604
1693
1605
1694
1606
1695
1607
1696
1608
1697
1609
1698
1610
1699
1611
1700
1612
1701
1613
1702
1614
1703
1615
1704
1616
1705
1617
1706
1618
1707
1619
1708
1709
1621
1710
1622
1711
1623
1712
1624
1713
1625
1714
1626
1715
1627
1716
1628
1717
1629
1718
1630
1719
1631
1720
1632
1721
1633
1722
1634
1723
1635
1724
1636
1725
1637
1726
1638
1727
1639
1728
1640
1729
1641
1730
1642
1731
1643
1732
1644
1733
1645
1734
1646
1735
1647
1736
1648
1737
1649
1738
1650
1739
1651
1740
1652
1741
1653
1742
1654
1743
1655
1744
1656
1745
1657
1746
1658
1747
1659
1748
1660
1749
1661
1750
1662
1751
1663
1752
1664
1753
1665
1754
1666
1755
1667
1756
1668
1757
1669
1758
1670
1759
1671
1760
1672
1761
1673
1762
1674
1763
1675
1764
1676
1765
1677
1766
1678
1767
1679
1768
1680
1769
1681
1770
1682
1771
1683
1772
1684
1773
1685
1774
1686
1775
1687
1776
1688
1777
1689
1778
1690
1779
1691
1780
1692
1781
1693
1782
1694
1783
1695
1784
1696
1785
1697
1786
1698
1787
1699
1788
1700
1789
1701
1790
1702
1791
1703
1792
1704
1793
1705
1794
1706
1795
1707
1796
1708
1797
1709
1798
1799
1711
1800
1712
1801
1713
1802
1714
1803
1715
1804
1716
1805
1717
1806
1718
1807
1719
1808
1720
1809
1721
1810
1722
1811
1723
1812
1724
1813
1725
1814
1726
1815
1727
1816
1728
1817
1729
1818
1730
1819
1731
1820
1732
1821
1733
1822
1734
1823
1735
1824
1736
1825
1737
1826
1738
1827
1739
1828
1740
1829
1741
1830
1742
1831
1743
1832
1744
1833
1745
1834
1746
1835
1747
1836
1748
1837
1749
1838
1750
1839
1751
1840
1752
1841
1753
1842
1754
1843
1755
1844
1756
1845
1757
1846
1758
1847
1759
1848
1760
1849
1761
1850
1762
1851
1763
1852
1764
1853
1765
1854
1766
1855
1767
1856
1768
1857
1769
1858
1770
1859
1771
1860
1772
1861
1773
1862
1774
1863
1775
1864
1776
1865
1777
1866
1778
1867
1779
1868
1780
1869
1781
1870
1782
1871
1783
1872
1784
1873
1785
1874
1786
1875
1787
1876
1788
1877
1789
1878
1790
1879
1791
1880
1792
1881
1793
1882
1794
1883
1795
1884
1796
1885
1797
1886
1798
1887
1799
1888
1889
1801
1890
1802
1891
1803
1892
1804
1893
1805
1894
1806
1895
1807
1896
1808
1897
1809
1898
1810
1899
1811
1900
1812
1901
1813
1902
1814
1903
1815
1904
1816
1905
1817
1906
1818
1907
1819
1908
1820
1909
1821
1910
1822
1911
1823
1912
1824
1913
1825
1914
1826
1915
1827
1916
1828
1917
1829
1918
1830
1919
1831
1920
1832
1921
1833
1922
1834
1923
1835
1924
1836
1925
1837
1926
1838
1927
1839
1928
1840
1929
1841
1930
1842
1931
1843
1932
1844
1933
1845
1934
1846
1935
1847
1936
1848
1937
1849
1938
1850
1939
1851
1940
1852
1941
1853
1942
1854
1943
1855
1944
1856
1945
1857
1946
1858
1947
1859
1948
1860
1949
1861
1950
1862
1951
1863
1952
1864
1953
1865
1954
1866
1955
1867
1956
1868
1957
1869
1958
1870
1959
1871
1960
1872
1961
1873
1962
1874
1963
1875
1964
1876
1965
1877
1966
1878
1967
1879
1968
1880
1969
1881
1970
1882
1971
1883
1972
1884
1973
1885
1974
1886
1975
1887
1976
1888
1977
1889
1978
1979
1891
1980
1892
1981
1893
1982
1894
1983
1895
1984
1896
1985
1897
1986
1898
1987
1899
1988
1900
1989
1901
1990
1902
1991
1903
1992
1904
1993
1905
1994
1906
1995
1907
1996
1908
1997
1909
1998
1910
1999
1911
2000
1912
2001
1913
2002
1914
2003
1915
2004
1916
2005
1917
2006
1918
2007
1919
2008
1920
2009
1921
2010
1922
2011
1923
2012
1924
2013
1925
2014
1926
2015
1927
2016
1928
2017
1929
2018
1930
2019
1931
2020
1932
2021
1933
2022
1934
2023
1935
2024
1936
2025
1937
2026
1938
2027
1939
2028
1940
2029
1941
2030
1942
2031
1943
2032
1944
2033
1945
2034
1946
2035
1947
2036
1948
2037
1949
2038
1950
2039
1951
2040
1952
2041
1953
2042
1954
2043
1955
2044
1956
2045
1957
2046
1958
2047
1959
2048
1960
2049
1961
2050
1962
2051
1963
2052
1964
2053
1965
2054
1966
2055
1967
2056
1968
2057
1969
2058
1970
2059
1971
2060
1972
2061
1973
2062
1974
2063
1975
2064
1976
2065
1977
2066
1978
2067
1979
2068
2069
1981
2070
1982
2071
1983
2072
1984
2073
1985
2074
1986
2075
1987
2076
1988
2077
1989
2078
1990
2079
1991
2080
1992
2081
1993
2082
1994
2083
1995
2084
1996
2085
1997
2086
1998
2087
1999
2088
2000
2089
2001
2090
2002
2091
2003
2092
2004
2093
2005
2094
2006
2095
2007
2096
2008
2097
2009
2098
2010
2099
2011
2100
2012
2101
2013
2102
2014
2103
2015
2104
2016
2105
2017
2106
2018
2107
2019
2108
2020
2109
2021
2110
2022
2111
2023
2112
2024
2113
2025
2114
2026
2115
2027
2116
2028
2117
2029
2118
2030
2119
2031
2120
2032
2121
2033
2122
2034
2123
2035
2124
2036
2125
2037
2126
2038
2127
2039
2128
2040
2129
2041
2130
2042
2131
2043
2132
2044
2133
2045
2134
2046
2135
2047
2136
2048
2137
2049
2138
2050
2139
2051
2140
2052
2141
2053
2142
2054
2143
2055
2144
2056
2145
2057
2146
2058
2147
2059
2148
2060
2149
2061
2150
2062
2151
2063
2152
2064
2153
2065
2154
2066
2155
2067
2156
2068
2157
2069
2158
2159
2071
2160
2072
2161
2073
2162
2074
2163
2075
2164
2076
2165
2077
2166
2078
2167
2079
2168
2080
2169
2081
2170
2082
2171
2083
2172
2084
2173
2085
2174
2086
2175
2087
2176
2088
2177
2089
2178
2090
2179
2091
2180
2092
2181
2093
2182
2094
2183
2095
2184
2096
2185
2097
2186
2098
2187
2099
2188
2100
2189
2101
2190
2102
2191
2103
2192
2104
2193
2105
2194
2106
2195
2107
2196
2108
2197
2109
2198
2110
2199
2111
2200
2112
2201
2113
2202
2114
2203
2115
2204
2116
2205
2117
2206
2118
2207
2119
2208
2120
2209
2121
2210
2122
2211
2123
2212
2124
2213
2125
2214
2126
2215
2127
2216
2128
2217
2129
2218
2130
2219
2131
2220
2132
2221
2133
2222
2134
2223
2135
2224
2136
2225
2137
2226
2138
2227
2139
2228
2140
2229
2141
2230
2142
2231
2143
2232
2144
2233
2145
2234
2146
2235
2147
2236
2148
2237
2149
2238
2150
2239
2151
2240
2152
2241
2153
2242
2154
2243
2155
2244
2156
2245
2157
2246
2158
2247
2159
2248
2249
2161
2250
2162
2251
2163
2252
2164
2253
2165
2254
2166
2255
2167
2256
2168
2257
2169
2258
2170
2259
2171
2260
2172
2261
2173
2262
2174
2263
2175
2264
2176
2265
2177
2266
2178
2267
2179
2268
2180
2269
2181
2270
2182
2271
2183
2272
2184
2273
2185
2274
2186
2275
2187
2276
2188
2277
2189
2278
2190
2279
2191
2280
2192
2281
2193
2282
2194
2283
2195
2284
2196
2285
2197
2286
2198
2287
2199
2288
2200
2289
2201
2290
2202
2291
2203
2292
2204
2293
2205
2294
2206
2295
2207
2296
2208
2297
2209
2298
2210
2299
2211
2300
2212
2301
2213
2302
2214
2303
2215
2304
2216
2305
2217
2306
2218
2307
2219
2308
2220
2309
2221
2310
2222
2311
2223
2312
2224
2313
2225
2314
2226
2315
2227
2316
2228
2317
2229
2318
2230
2319
2231
2320
2232
2321
2233
2322
2234
2323
2235
2324
2236
2325
2237
2326
2238
2327
2239
2328
2240
2329
2241
2330
2242
2331
2243
2332
2244
2333
2245
2334
2246
2335
2247
2336
2248
2337
2249
2338
2339
2251
2340
2252
2341
2253
2342
2254
2343
2255
2344
2256
2345
2257
2346
2258
2347
2259
2348
2260
2349
2261
2350
2262
2351
2263
2352
2264
2353
2265
2354
2266
2355
2267
2356
2268
2357
2269
2358
2270
2359
2271
2360
2272
2361
2273
2362
2274
2363
2275
2364
2276
2365
2277
2366
2278
2367
2279
2368
2280
2369
2281
2370
2282
2371
2283
2372
2284
2373
2285
2374
2286
2375
2287
2376
2288
2377
2289
2378
2290
2379
2291
2380
2292
2381
2293
2382
2294
2383
2295
2384
2296
2385
2297
2386
2298
2387
2299
2388
2300
2389
2301
2390
2302
2391
2303
2392
2304
2393
2305
2394
2306
2395
2307
2396
2308
2397
2309
2398
2310
2399
2311
2400
2312
2401
2313
2402
2314
2403
2315
2404
2316
2405
2317
2406
2318
2407
2319
2408
2320
2409
2321
2410
2322
2411
2323
2412
2324
2413
2325
2414
2326
2415
2327
2416
2328
2417
2329
2418
2330
2419
2331
2420
2332
2421
2333
2422
2334
2423
2335
2424
2336
2425
2337
2426
2338
2427
2339
2428
2429
2341
2430
2342
2431
2343
2432
2344
2433
2345
2434
2346
2435
2347
2436
2348
2437
2349
2438
2350
2439
2351
2440
2352
2441
2353
2442
2354
2443
2355
2444
2356
2445
2357
2446
2358
2447
2359
2448
2360
2449
2361
2450
2362
2451
2363
2452
2364
2453
2365
2454
2366
2455
2367
2456
2368
2457
2369
2458
2370
2459
2371
2460
2372
2461
2373
2462
2374
2463
2375
2464
2376
2465
2377
2466
2378
2467
2379
2468
2380
2469
2381
2470
2382
2471
2383
2472
2384
2473
2385
2474
2386
2475
2387
2476
2388
2477
2389
2478
2390
2479
2391
2480
2392
2481
2393
2482
2394
2483
2395
2484
2396
2485
2397
2486
2398
2487
2399
2488
2400
2489
2401
2490
2402
2491
2403
2492
2404
2493
2405
2494
2406
2495
2407
2496
2408
2497
2409
2498
2410
2499
2411
2500
2412
2501
2413
2502
2414
2503
2415
2504
2416
2505
2417
2506
2418
2507
2419
2508
2420
2509
2421
2510
2422
2511
2423
2512
2424
2513
2425
2514
2426
2515
2427
2516
2428
2517
2429
2518
2519
2431
2520
2432
2521
2433
2522
2434
2523
2435
2524
2436
2525
2437
2526
2438
2527
2439
2528
2440
2529
2441
2530
2442
2531
2443
2532
2444
2533
2445
2534
2446
2535
2447
2536
2448
2537
2449
2538
2450
2539
2451
2540
2452
2541
2453
2542
2454
2543
2455
2544
2456
2545
2457
2546
2458
2547
2459
2548
2460
2549
2461
2550
2462
2551
2463
2552
2464
2553
2465
2554
2466
2555
2467
2556
2468
2557
2469
2558
2470
2559
2471
2560
2472
2561
2473
2562
2474
2563
2475
2564
2476
2565
2477
2566
2478
2567
2479
2568
2480
2569
2481
2570
2482
2571
2483
2572
2484
2573
2485
2574
2486
2575
2487
2576
2488
2577
2489
2578
2490
2579
2491
2580
2492
2581
2493
2582
2494
2583
2495
2584
2496
2585
2497
2586
2498
2587
2499
2588
2500
2589
2501
2590
2502
2591
2503
2592
2504
2593
2505
2594
2506
2595
2507
2596
2508
2597
2509
2598
2510
2599
2511
2600
2512
2601
2513
2602
2514
2603
2515
2604
2516
2605
2517
2606
2518
2607
2519
2608
2609
2521
2610
2522
2611
2523
2612
2524
2613
2525
2614
2526
2615
2527
2616
2528
2617
2529
2618
2530
2619
2531
2620
2532
2621
2533
2622
2534
2623
2535
2624
2536
2625
2537
2626
2538
2627
2539
2628
2540
2629
2541
2630
2542
2631
2543
2632
2544
2633
2545
2634
2546
2635
2547
2636
2548
2637
2549
2638
2550
2639
2551
2640
2552
2641
2553
2642
2554
2643
2555
2644
2556
2645
2557
2646
2558
2647
2559
2648
2560
2649
2561
2650
2562
2651
2563
2652
2564
2653
2565
2654
2566
2655
2567
2656
2568
2657
2569
2658
2570
2659
2571
2660
2572
2661
2573
2662
2574
2663
2575
2664
2576
2665
2577
2666
2578
2667
2579
2668
2580
2669
2581
2670
2582
2671
2583
2672
2584
2673
2585
2674
2586
2675
2587
2676
2588
2677
2589
2678
2590
2679
2591
2680
2592
2681
2593
2682
2594
2683
2595
2684
2596
2685
2597
2686
2598
2687
2599
2688
2600
2689
2601
2690
2602
2691
2603
2692
2604
2693
2605
2694
2606
2695
2607
2696
2608
2697
2609
2698
2699
2611
2700
2612
2701
2613
2702
2614
2703
2615
2704
2616
2705
2617
2706
2618
2707
2619
2708
2620
2709
2621
2710
2622
2711
2623
2712
2624
2713
2625
2714
2626
2715
2627
2716
2628
2717
2629
2718
2630
2719
2631
2720
2632
2721
2633
2722
2634
2723
2635
2724
2636
2725
2637
2726
2638
2727
2639
2728
2640
2729
2641
2730
2642
2731
2643
2732
2644
2733
2645
2734
2646
2735
2647
2736
2648
2737
2649
2738
2650
2739
2651
2740
2652
2741
2653
2742
2654
2743
2655
2744
2656
2745
2657
2746
2658
2747
2659
2748
2660
2749
2661
2750
2662
2751
2663
2752
2664
2753
2665
2754
2666
2755
2667
2756
2668
2757
2669
2758
2670
2759
2671
2760
2672
2761
2673
2762
2674
2763
2675
2764
2676
2765
2677
2766
2678
2767
2679
2768
2680
2769
2681
2770
2682
2771
2683
2772
2684
2773
2685
2774
2686
2775
2687
2776
2688
2777
2689
2778
2690
2779
2691
2780
2692
2781
2693
2782
2694
2783
2695
2784
2696
2785
2697
2786
2698
2787
2699
2788
2789
2701
2790
2702
2791
2703
2792
2704
2793
2705
2794
2706
2795
2707
2796
2708
2797
2709
2798
2710
2799
2711
2800
2712
2801
2713
2802
2714
2803
2715
2804
2716
2805
2717
2806
2718
2807
2719
2808
2720
2809
2721
2810
2722
2811
2723
2812
2724
2813
2725
2814
2726
2815
2727
2816
2728
2817
2729
2818
2730
2819
2731
2820
2732
2821
2733
2822
2734
2823
2735
2824
2736
2825
2737
2826
2738
2827
2739
2828
2740
2829
2741
2830
2742
2831
2743
2832
2744
2833
2745
2834
2746
2835
2747
2836
2748
2837
2749
2838
2750
2839
2751
2840
2752
2841
2753
2842
2754
2843
2755
2844
2756
2845
2757
2846
2758
2847
2759
2848
2760
2849
2761
2850
2762
2851
2763
2852
2764
2853
2765
2854
2766
2855
2767
2856
2768
2857
2769
2858
2770
2859
2771
2860
2772
2861
2773
2862
2774
2863
2775
2864
2776
2865
2777
2866
2778
2867
2779
2868
2780
2869
2781
2870
2782
2871
2783
2872
2784
2873
2785
2874
2786
2875
2787
2876
2788
2877
2789
2878
2879
2791
2880
2792
2881
2793
2882
2794
2883
2795
2884
2796
2885
2797
2886
2798
2887
2799
2888
2800
2889
2801
2890
2802
2891
2803
2892
2804
2893
2805
2894
2806
2895
2807
2896
2808
2897
2809
2898
2810
2899
2811
2900
2812
2901
2813
2902
2814
2903
2815
2904
2816
2905
2817
2906
2818
2907
2819
2908
2820
2909
2821
2910
2822
2911
2823
2912
2824
2913
2825
2914
2826
2915
2827
2916
2828
2917
2829
2918
2830
2919
2831
2920
2832
2921
2833
2922
2834
2923
2835
2924
2836
2925
2837
2926
2838
2927
2839
2928
2840
2929
2841
2930
2842
2931
2843
2932
2844
2933
2845
2934
2846
2935
2847
2936
2848
2937
2849
2938
2850
2939
2851
2940
2852
2941
2853
2942
2854
2943
2855
2944
2856
2945
2857
2946
2858
2947
2859
2948
2860
2949
2861
2950
2862
2951
2863
2952
2864
2953
2865
2954
2866
2955
2867
2956
2868
2957
2869
2958
2870
2959
2871
2960
2872
2961
2873
2962
2874
2963
2875
2964
2876
2965
2877
2966
2878
2967
2879
2968
2969
2881
2970
2882
2971
2883
2972
2884
2973
2885
2974
2886
2975
2887
2976
2888
2977
2889
2978
2890
2979
2891
2980
2892
2981
2893
2982
2894
2983
2895
2984
2896
2985
2897
2986
2898
2987
2899
2988
2900
2989
2901
2990
2902
2991
2903
2992
2904
2993
2905
2994
2906
2995
2907
2996
2908
2997
2909
2998
2910
2999
2911
3000
2912
3001
2913
3002
2914
3003
2915
3004
2916
3005
2917
3006
2918
3007
2919
3008
2920
3009
2921
3010
2922
3011
2923
3012
2924
3013
2925
3014
2926
3015
2927
3016
2928
3017
2929
3018
2930
3019
2931
3020
2932
3021
2933
3022
2934
3023
2935
3024
2936
3025
2937
3026
2938
3027
2939
3028
2940
3029
2941
3030
2942
3031
2943
3032
2944
3033
2945
3034
2946
3035
2947
3036
2948
3037
2949
3038
2950
3039
2951
3040
2952
3041
2953
3042
2954
3043
2955
3044
2956
3045
2957
3046
2958
3047
2959
3048
2960
3049
2961
3050
2962
3051
2963
3052
2964
3053
2965
3054
2966
3055
2967
3056
2968
3057
2969
3058
3059
2971
3060
2972
3061
2973
3062
2974
3063
2975
3064
2976
3065
2977
3066
2978
3067
2979
3068
2980
3069
2981
3070
2982
3071
2983
3072
2984
3073
2985
3074
2986
3075
2987
3076
2988
3077
2989
3078
2990
3079
2991
3080
2992
3081
2993
3082
2994
3083
2995
3084
2996
3085
2997
3086
2998
3087
2999
3088
3000
3089
3001
3090
3002
3091
3003
3092
3004
3093
3005
3094
3006
3095
3007
3096
3008
3097
3009
3098
3010
3099
3011
3100
3012
3101
3013
3102
3014
3103
3015
3104
3016
3105
3017
3106
3018
3107
3019
3108
3020
3109
3021
3110
3022
3111
3023
3112
3024
3113
3025
3114
3026
3115
3027
3116
3028
3117
3029
3118
3030
3119
3031
3120
3032
3121
3033
3122
3034
3123
3035
3124
3036
3125
3037
3126
3038
3127
3039
3128
3040
3129
3041
3130
3042
3131
3043
3132
3044
3133
3045
3134
3046
3135
3047
3136
3048
3137
3049
3138
3050
3139
3051
3140
3052
3141
3053
3142
3054
3143
3055
3144
3056
3145
3057
3146
3058
3147
3059
3148
3149
3061
3150
3062
3151
3063
3152
3064
3153
3065
3154
3066
3155
3067
3156
3068
3157
3069
3158
3070
3159
3071
3160
3072
3161
3073
3162
3074
3163
3075
3164
3076
3165
3077
3166
3078
3167
3079
3168
3080
3169
3081
3170
3082
3171
3083
3172
3084
3173
3085
3174
3086
3175
3087
3176
3088
3177
3089
3178
3090
3179
3091
3180
3092
3181
3093
3182
3094
3183
3095
3184
3096
3185
3097
3186
3098
3187
3099
3188
3100
3189
3101
3190
3102
3191
3103
3192
3104
3193
3105
3194
3106
3195
3107
3196
3108
3197
3109
3198
3110
3199
3111
3200
3112
3201
3113
3202
3114
3203
3115
3204
3116
3205
3117
3206
3118
3207
3119
3208
3120
3209
3121
3210
3122
3211
3123
3212
3124
3213
3125
3214
3126
3215
3127
3216
3128
3217
3129
3218
3130
3219
3131
3220
3132
3221
3133
3222
3134
3223
3135
3224
3136
3225
3137
3226
3138
3227
3139
3228
3140
3229
3141
3230
3142
3231
3143
3232
3144
3233
3145
3234
3146
3235
3147
3236
3148
3237
3149
3238
3239
3151
3240
3152
3241
3153
3242
3154
3243
3155
3244
3156
3245
3157
3246
3158
3247
3159
3248
3160
3249
3161
3250
3162
3251
3163
3252
3164
3253
3165
3254
3166
3255
3167
3256
3168
3257
3169
3258
3170
3259
3171
3260
3172
3261
3173
3262
3174
3263
3175
3264
3176
3265
3177
3266
3178
3267
3179
3268
3180
3269
3181
3270
3182
3271
3183
3272
3184
3273
3185
3274
3186
3275
3187
3276
3188
3277
3189
3278
3190
3279
3191
3280
3192
3281
3193
3282
3194
3283
3195
3284
3196
3285
3197
3286
3198
3287
3199
3288
3200
3289
3201
3290
3202
3291
3203
3292
3204
3293
3205
3294
3206
3295
3207
3296
3208
3297
3209
3298
3210
3299
3211
3300
3212
3301
3213
3302
3214
3303
3215
3304
3216
3305
3217
3306
3218
3307
3219
3308
3220
3309
3221
3310
3222
3311
3223
3312
3224
3313
3225
3314
3226
3315
3227
3316
3228
3317
3229
3318
3230
3319
3231
3320
3232
3321
3233
3322
3234
3323
3235
3324
3236
3325
3237
3326
3238
3327
3239
3328
3329
3241
3330
3242
3331
3243
3332
3244
3333
3245
3334
3246
3335
3247
3336
3248
3337
3249
3338
3250
3339
3251
3340
3252
3341
3253
3342
3254
3343
3255
3344
3256
3345
3257
3346
3258
3347
3259
3348
3260
3349
3261
3350
3262
3351
3263
3352
3264
3353
3265
3354
3266
3355
3267
3356
3268
3357
3269
3358
3270
3359
3271
3360
3272
3361
3273
3362
3274
3363
3275
3364
3276
3365
3277
3366
3278
3367
3279
3368
3280
3369
3281
3370
3282
3371
3283
3372
3284
3373
3285
3374
3286
3375
3287
3376
3288
3377
3289
3378
3290
3379
3291
3380
3292
3381
3293
3382
3294
3383
3295
3384
3296
3385
3297
3386
3298
3387
3299
3388
3300
3389
3301
3390
3302
3391
3303
3392
3304
3393
3305
3394
3306
3395
3307
3396
3308
3397
3309
3398
3310
3399
3311
3400
3312
3401
3313
3402
3314
3403
3315
3404
3316
3405
3317
3406
3318
3407
3319
3408
3320
3409
3321
3410
3322
3411
3323
3412
3324
3413
3325
3414
3326
3415
3327
3416
3328
3417
3329
3418
3419
3331
3420
3332
3421
3333
3422
3334
3423
3335
3424
3336
3425
3337
3426
3338
3427
3339
3428
3340
3429
3341
3430
3342
3431
3343
3432
3344
3433
3345
3434
3346
3435
3347
3436
3348
3437
3349
3438
3350
3439
3351
3440
3352
3441
3353
3442
3354
3443
3355
3444
3356
3445
3357
3446
3358
3447
3359
3448
3360
3449
3361
3450
3362
3451
3363
3452
3364
3453
3365
3454
3366
3455
3367
3456
3368
3457
3369
3458
3370
3459
3371
3460
3372
3461
3373
3462
3374
3463
3375
3464
3376
3465
3377
3466
3378
3467
3379
3468
3380
3469
3381
3470
3382
3471
3383
3472
3384
3473
3385
3474
3386
3475
3387
3476
3388
3477
3389
3478
3390
3479
3391
3480
3392
3481
3393
3482
3394
3483
3395
3484
3396
3485
3397
3486
3398
3487
3399
3488
3400
3489
3401
3490
3402
3491
3403
3492
3404
3493
3405
3494
3406
3495
3407
3496
3408
3497
3409
3498
3410
3499
3411
3500
3412
3501
3413
3502
3414
3503
3415
3504
3416
3505
3417
3506
3418
3507
3419
3508
3509
3421
3510
3422
3511
3423
3512
3424
3513
3425
3514
3426
3515
3427
3516
3428
3517
3429
3518
3430
3519
3431
3520
3432
3521
3433
3522
3434
3523
3435
3524
3436
3525
3437
3526
3438
3527
3439
3528
3440
3529
3441
3530
3442
3531
3443
3532
3444
3533
3445
3534
3446
3535
3447
3536
3448
3537
3449
3538
3450
3539
3451
3540
3452
3541
3453
3542
3454
3543
3455
3544
3456
3545
3457
3546
3458
3547
3459
3548
3460
3549
3461
3550
3462
3551
3463
3552
3464
3553
3465
3554
3466
3555
3467
3556
3468
3557
3469
3558
3470
3559
3471
3560
3472
3561
3473
3562
3474
3563
3475
3564
3476
3565
3477
3566
3478
3567
3479
3568
3480
3569
3481
3570
3482
3571
3483
3572
3484
3573
3485
3574
3486
3575
3487
3576
3488
3577
3489
3578
3490
3579
3491
3580
3492
3581
3493
3582
3494
3583
3495
3584
3496
3585
3497
3586
3498
3587
3499
3588
3500
3589
3501
3590
3502
3591
3503
3592
3504
3593
3505
3594
3506
3595
3507
3596
3508
3597
3509
3598
3599
3511
3600
3512
3601
3513
3602
3514
3603
3515
3604
3516
3605
3517
3606
3518
3607
3519
3608
3520
3609
3521
3610
3522
3611
3523
3612
3524
3613
3525
3614
3526
3615
3527
3616
3528
3617
3529
3618
3530
3619
3531
3620
3532
3621
3533
3622
3534
3623
3535
3624
3536
3625
3537
3626
3538
3627
3539
3628
3540
3629
3541
3630
3542
3631
3543
3632
3544
3633
3545
3634
3546
3635
3547
3636
3548
3637
3549
3638
3550
3639
3551
3640
3552
3641
3553
3642
3554
3643
3555
3644
3556
3645
3557
3646
3558
3647
3559
3648
3560
3649
3561
3650
3562
3651
3563
3652
3564
3653
3565
3654
3566
3655
3567
3656
3568
3657
3569
3658
3570
3659
3571
3660
3572
3661
3573
3662
3574
3663
3575
3664
3576
3665
3577
3666
3578
3667
3579
3668
3580
3669
3581
3670
3582
3671
3583
3672
3584
3673
3585
3674
3586
3675
3587
3676
3588
3677
3589
3678
3590
3679
3591
3680
3592
3681
3593
3682
3594
3683
3595
3684
3596
3685
3597
3686
3598
3687
3599
3688
3689
3601
3690
3602
3691
3603
3692
3604
3693
3605
3694
3606
3695
3607
3696
3608
3697
3609
3698
3610
3699
3611
3700
3612
3701
3613
3702
3614
3703
3615
3704
3616
3705
3617
3706
3618
3707
3619
3708
3620
3709
3621
3710
3622
3711
3623
3712
3624
3713
3625
3714
3626
3715
3627
3716
3628
3717
3629
3718
3630
3719
3631
3720
3632
3721
3633
3722
3634
3723
3635
3724
3636
3725
3637
3726
3638
3727
3639
3728
3640
3729
3641
3730
3642
3731
3643
3732
3644
3733
3645
3734
3646
3735
3647
3736
3648
3737
3649
3738
3650
3739
3651
3740
3652
3741
3653
3742
3654
3743
3655
3744
3656
3745
3657
3746
3658
3747
3659
3748
3660
3749
3661
3750
3662
3751
3663
3752
3664
3753
3665
3754
3666
3755
3667
3756
3668
3757
3669
3758
3670
3759
3671
3760
3672
3761
3673
3762
3674
3763
3675
3764
3676
3765
3677
3766
3678
3767
3679
3768
3680
3769
3681
3770
3682
3771
3683
3772
3684
3773
3685
3774
3686
3775
3687
3776
3688
3777
3689
3778
3779
3691
3780
3692
3781
3693
3782
3694
3783
3695
3784
3696
3785
3697
3786
3698
3787
3699
3788
3700
3789
3701
3790
3702
3791
3703
3792
3704
3793
3705
3794
3706
3795
3707
3796
3708
3797
3709
3798
3710
3799
3711
3800
3712
3801
3713
3802
3714
3803
3715
3804
3716
3805
3717
3806
3718
3807
3719
3808
3720
3809
3721
3810
3722
3811
3723
3812
3724
3813
3725
3814
3726
3815
3727
3816
3728
3817
3729
3818
3730
3819
3731
3820
3732
3821
3733
3822
3734
3823
3735
3824
3736
3825
3737
3826
3738
3827
3739
3828
3740
3829
3741
3830
3742
3831
3743
3832
3744
3833
3745
3834
3746
3835
3747
3836
3748
3837
3749
3838
3750
3839
3751
3840
3752
3841
3753
3842
3754
3843
3755
3844
3756
3845
3757
3846
3758
3847
3759
3848
3760
3849
3761
3850
3762
3851
3763
3852
3764
3853
3765
3854
3766
3855
3767
3856
3768
3857
3769
3858
3770
3859
3771
3860
3772
3861
3773
3862
3774
3863
3775
3864
3776
3865
3777
3866
3778
3867
3779
3868
3869
3781
3870
3782
3871
3783
3872
3784
3873
3785
3874
3786
3875
3787
3876
3788
3877
3789
3878
3790
3879
3791
3880
3792
3881
3793
3882
3794
3883
3795
3884
3796
3885
3797
3886
3798
3887
3799
3888
3800
3889
3801
3890
3802
3891
3803
3892
3804
3893
3805
3894
3806
3895
3807
3896
3808
3897
3809
3898
3810
3899
3811
3900
3812
3901
3813
3902
3814
3903
3815
3904
3816
3905
3817
3906
3818
3907
3819
3908
3820
3909
3821
3910
3822
3911
3823
3912
3824
3913
3825
3914
3826
3915
3827
3916
3828
3917
3829
3918
3830
3919
3831
3920
3832
3921
3833
3922
3834
3923
3835
3924
3836
3925
3837
3926
3838
3927
3839
3928
3840
3929
3841
3930
3842
3931
3843
3932
3844
3933
3845
3934
3846
3935
3847
3936
3848
3937
3849
3938
3850
3939
3851
3940
3852
3941
3853
3942
3854
3943
3855
3944
3856
3945
3857
3946
3858
3947
3859
3948
3860
3949
3861
3950
3862
3951
3863
3952
3864
3953
3865
3954
3866
3955
3867
3956
3868
3957
3869
3958
3959
3871
3960
3872
3961
3873
3962
3874
3963
3875
3964
3876
3965
3877
3966
3878
3967
3879
3968
3880
3969
3881
3970
3882
3971
3883
3972
3884
3973
3885
3974
3886
3975
3887
3976
3888
3977
3889
3978
3890
3979
3891
3980
3892
3981
3893
3982
3894
3983
3895
3984
3896
3985
3897
3986
3898
3987
3899
3988
3900
3989
3901
3990
3902
3991
3903
3992
3904
3993
3905
3994
3906
3995
3907
3996
3908
3997
3909
3998
3910
3999
3911
4000
3912
4001
3913
4002
3914
4003
3915
4004
3916
4005
3917
4006
3918
4007
3919
4008
3920
4009
3921
4010
3922
4011
3923
4012
3924
4013
3925
4014
3926
4015
3927
4016
3928
4017
3929
4018
3930
4019
3931
4020
3932
4021
3933
4022
3934
4023
3935
4024
3936
4025
3937
4026
3938
4027
3939
4028
3940
4029
3941
4030
3942
4031
3943
4032
3944
4033
3945
4034
3946
4035
3947
4036
3948
4037
3949
4038
3950
4039
3951
4040
3952
4041
3953
4042
3954
4043
3955
4044
3956
4045
3957
4046
3958
4047
3959
4048
4049
3961
4050
3962
4051
3963
4052
3964
4053
3965
4054
3966
4055
3967
4056
3968
4057
3969
4058
3970
4059
3971
4060
3972
4061
3973
4062
3974
4063
3975
4064
3976
4065
3977
4066
3978
4067
3979
4068
3980
4069
3981
4070
3982
4071
3983
4072
3984
4073
3985
4074
3986
4075
3987
4076
3988
4077
3989
4078
3990
4079
3991
4080
3992
4081
3993
4082
3994
4083
3995
4084
3996
4085
3997
4086
3998
4087
3999
4088
4000
4089
4001
4090
4002
4091
4003
4092
4004
4093
4005
4094
4006
4095
4007
4096
4008
4097
4009
4098
4010
4099
4011
4100
4012
4101
4013
4102
4014
4103
4015
4104
4016
4105
4017
4106
4018
4107
4019
4108
4020
4109
4021
4110
4022
4111
4023
4112
4024
4113
4025
4114
4026
4115
4027
4116
4028
4117
4029
4118
4030
4119
4031
4120
4032
4121
4033
4122
4034
4123
4035
4124
4036
4125
4037
4126
4038
4127
4039
4128
4040
4129
4041
4130
4042
4131
4043
4132
4044
4133
4045
4134
4046
4135
4047
4136
4048
4137
4049
4138
4139
4051
4140
4052
4141
4053
4142
4054
4143
4055
4144
4056
4145
4057
4146
4058
4147
4059
4148
4060
4149
4061
4150
4062
4151
4063
4152
4064
4153
4065
4154
4066
4155
4067
4156
4068
4157
4069
4158
4070
4159
4071
4160
4072
4161
4073
4162
4074
4163
4075
4164
4076
4165
4077
4166
4078
4167
4079
4168
4080
4169
4081
4170
4082
4171
4083
4172
4084
4173
4085
4174
4086
4175
4087
4176
4088
4177
4089
4178
4090
4179
4091
4180
4092
4181
4093
4182
4094
4183
4095
4184
4096
4185
4097
4186
4098
4187
4099
4188
4100
4189
4101
4190
4102
4191
4103
4192
4104
4193
4105
4194
4106
4195
4107
4196
4108
4197
4109
4198
4110
4199
4111
4200
4112
4201
4113
4202
4114
4203
4115
4204
4116
4205
4117
4206
4118
4207
4119
4208
4120
4209
4121
4210
4122
4211
4123
4212
4124
4213
4125
4214
4126
4215
4127
4216
4128
4217
4129
4218
4130
4219
4131
4220
4132
4221
4133
4222
4134
4223
4135
4224
4136
4225
4137
4226
4138
4227
4139
4228
4229
4141
4230
4142
4231
4143
4232
4144
4233
4145
4234
4146
4235
4147
4236
4148
4237
4149
4238
4150
4239
4151
4240
4152
4241
4153
4242
4154
4243
4155
4244
4156
4245
4157
4246
4158
4247
4159
4248
4160
4249
4161
4250
4162
4251
4163
4252
4164
4253
4165
4254
4166
4255
4167
4256
4168
4257
4169
4258
4170
4259
4171
4260
4172
4261
4173
4262
4174
4263
4175
4264
4176
4265
4177
4266
4178
4267
4179
4268
4180
4269
4181
4270
4182
4271
4183
4272
4184
4273
4185
4274
4186
4275
4187
4276
4188
4277
4189
4278
4190
4279
4191
4280
4192
4281
4193
4282
4194
4283
4195
4284
4196
4285
4197
4286
4198
4287
4199
4288
4200
4289
4201
4290
4202
4291
4203
4292
4204
4293
4205
4294
4206
4295
4207
4296
4208
4297
4209
4298
4210
4299
4211
4300
4212
4301
4213
4302
4214
4303
4215
4304
4216
4305
4217
4306
4218
4307
4219
4308
4220
4309
4221
4310
4222
4311
4223
4312
4224
4313
4225
4314
4226
4315
4227
4316
4228
4317
4229
4318
4319
4231
4320
4232
4321
4233
4322
4234
4323
4235
4324
4236
4325
4237
4326
4238
4327
4239
4328
4240
4329
4241
4330
4242
4331
4243
4332
4244
4333
4245
4334
4246
4335
4247
4336
4248
4337
4249
4338
4250
4339
4251
4340
4252
4341
4253
4342
4254
4343
4255
4344
4256
4345
4257
4346
4258
4347
4259
4348
4260
4349
4261
4350
4262
4351
4263
4352
4264
4353
4265
4354
4266
4355
4267
4356
4268
4357
4269
4358
4270
4359
4271
4360
4272
4361
4273
4362
4274
4363
4275
4364
4276
4365
4277
4366
4278
4367
4279
4368
4280
4369
4281
4370
4282
4371
4283
4372
4284
4373
4285
4374
4286
4375
4287
4376
4288
4377
4289
4378
4290
4379
4291
4380
4292
4381
4293
4382
4294
4383
4295
4384
4296
4385
4297
4386
4298
4387
4299
4388
4300
4389
4301
4390
4302
4391
4303
4392
4304
4393
4305
4394
4306
4395
4307
4396
4308
4397
4309
4398
4310
4399
4311
4400
4312
4401
4313
4402
4314
4403
4315
4404
4316
4405
4317
4406
4318
4407
4319
4408
4409
4321
4410
4322
4411
4323
4412
4324
4413
4325
4414
4326
4415
4327
4416
4328
4417
4329
4418
4330
4419
4331
4420
4332
4421
4333
4422
4334
4423
4335
4424
4336
4425
4337
4426
4338
4427
4339
4428
4340
4429
4341
4430
4342
4431
4343
4432
4344
4433
4345
4434
4346
4435
4347
4436
4348
4437
4349
4438
4350
4439
4351
4440
4352
4441
4353
4442
4354
4443
4355
4444
4356
4445
4357
4446
4358
4447
4359
4448
4360
4449
4361
4450
4362
4451
4363
4452
4364
4453
4365
4454
4366
4455
4367
4456
4368
4457
4369
4458
4370
4459
4371
4460
4372
4461
4373
4462
4374
4463
4375
4464
4376
4465
4377
4466
4378
4467
4379
4468
4380
4469
4381
4470
4382
4471
4383
4472
4384
4473
4385
4474
4386
4475
4387
4476
4388
4477
4389
4478
4390
4479
4391
4480
4392
4481
4393
4482
4394
4483
4395
4484
4396
4485
4397
4486
4398
4487
4399
4488
4400
4489
4401
4490
4402
4491
4403
4492
4404
4493
4405
4494
4406
4495
4407
4496
4408
4497
4409
4498
4499
4411
4500
4412
4501
4413
4502
4414
4503
4415
4504
4416
4505
4417
4506
4418
4507
4419
4508
4420
4509
4421
4510
4422
4511
4423
4512
4424
4513
4425
4514
4426
4515
4427
4516
4428
4517
4429
4518
4430
4519
4431
4520
4432
4521
4433
4522
4434
4523
4435
4524
4436
4525
4437
4526
4438
4527
4439
4528
4440
4529
4441
4530
4442
4531
4443
4532
4444
4533
4445
4534
4446
4535
4447
4536
4448
4537
4449
4538
4450
4539
4451
4540
4452
4541
4453
4542
4454
4543
4455
4544
4456
4545
4457
4546
4458
4547
4459
4548
4460
4549
4461
4550
4462
4551
4463
4552
4464
4553
4465
4554
4466
4555
4467
4556
4468
4557
4469
4558
4470
4559
4471
4560
4472
4561
4473
4562
4474
4563
4475
4564
4476
4565
4477
4566
4478
4567
4479
4568
4480
4569
4481
4570
4482
4571
4483
4572
4484
4573
4485
4574
4486
4575
4487
4576
4488
4577
4489
4578
4490
4579
4491
4580
4492
4581
4493
4582
4494
4583
4495
4584
4496
4585
4497
4586
4498
4587
4499
4588
4589
4501
4590
4502
4591
4503
4592
4504
4593
4505
4594
4506
4595
4507
4596
4508
4597
4509
4598
4510
4599
4511
4600
4512
4601
4513
4602
4514
4603
4515
4604
4516
4605
4517
4606
4518
4607
4519
4608
4520
4609
4521
4610
4522
4611
4523
4612
4524
4613
4525
4614
4526
4615
4527
4616
4528
4617
4529
4618
4530
4619
4531
4620
4532
4621
4533
4622
4534
4623
4535
4624
4536
4625
4537
4626
4538
4627
4539
4628
4540
4629
4541
4630
4542
4631
4543
4632
4544
4633
4545
4634
4546
4635
4547
4636
4548
4637
4549
4638
4550
4639
4551
4640
4552
4641
4553
4642
4554
4643
4555
4644
4556
4645
4557
4646
4558
4647
4559
4648
4560
4649
4561
4650
4562
4651
4563
4652
4564
4653
4565
4654
4566
4655
4567
4656
4568
4657
4569
4658
4570
4659
4571
4660
4572
4661
4573
4662
4574
4663
4575
4664
4576
4665
4577
4666
4578
4667
4579
4668
4580
4669
4581
4670
4582
4671
4583
4672
4584
4673
4585
4674
4586
4675
4587
4676
4588
4677
4589
4678
4679
4591
4680
4592
4681
4593
4682
4594
4683
4595
4684
4596
4685
4597
4686
4598
4687
4599
4688
4600
4689
4601
4690
4602
4691
4603
4692
4604
4693
4605
4694
4606
4695
4607
4696
4608
4697
4609
4698
4610
4699
4611
4700
4612
4701
4613
4702
4614
4703
4615
4704
4616
4705
4617
4706
4618
4707
4619
4708
4620
4709
4621
4710
4622
4711
4623
4712
4624
4713
4625
4714
4626
4715
4627
4716
4628
4717
4629
4718
4630
4719
4631
4720
4632
4721
4633
4722
4634
4723
4635
4724
4636
4725
4637
4726
4638
4727
4639
4728
4640
4729
4641
4730
4642
4731
4643
4732
4644
4733
4645
4734
4646
4735
4647
4736
4648
4737
4649
4738
4650
4739
4651
4740
4652
4741
4653
4742
4654
4743
4655
4744
4656
4745
4657
4746
4658
4747
4659
4748
4660
4749
4661
4750
4662
4751
4663
4752
4664
4753
4665
4754
4666
4755
4667
4756
4668
4757
4669
4758
4670
4759
4671
4760
4672
4761
4673
4762
4674
4763
4675
4764
4676
4765
4677
4766
4678
4767
4679
4768
4769
4681
4770
4682
4771
4683
4772
4684
4773
4685
4774
4686
4775
4687
4776
4688
4777
4689
4778
4690
4779
4691
4780
4692
4781
4693
4782
4694
4783
4695
4784
4696
4785
4697
4786
4698
4787
4699
4788
4700
4789
4701
4790
4702
4791
4703
4792
4704
4793
4705
4794
4706
4795
4707
4796
4708
4797
4709
4798
4710
4799
4711
4800
4712
4801
4713
4802
4714
4803
4715
4804
4716
4805
4717
4806
4718
4807
4719
4808
4720
4809
4721
4810
4722
4811
4723
4812
4724
4813
4725
4814
4726
4815
4727
4816
4728
4817
4729
4818
4730
4819
4731
4820
4732
4821
4733
4822
4734
4823
4735
4824
4736
4825
4737
4826
4738
4827
4739
4828
4740
4829
4741
4830
4742
4831
4743
4832
4744
4833
4745
4834
4746
4835
4747
4836
4748
4837
4749
4838
4750
4839
4751
4840
4752
4841
4753
4842
4754
4843
4755
4844
4756
4845
4757
4846
4758
4847
4759
4848
4760
4849
4761
4850
4762
4851
4763
4852
4764
4853
4765
4854
4766
4855
4767
4856
4768
4857
4769
4858
4859
4771
4860
4772
4861
4773
4862
4774
4863
4775
4864
4776
4865
4777
4866
4778
4867
4779
4868
4780
4869
4781
4870
4782
4871
4783
4872
4784
4873
4785
4874
4786
4875
4787
4876
4788
4877
4789
4878
4790
4879
4791
4880
4792
4881
4793
4882
4794
4883
4795
4884
4796
4885
4797
4886
4798
4887
4799
4888
4800
4889
4801
4890
4802
4891
4803
4892
4804
4893
4805
4894
4806
4895
4807
4896
4808
4897
4809
4898
4810
4899
4811
4900
4812
4901
4813
4902
4814
4903
4815
4904
4816
4905
4817
4906
4818
4907
4819
4908
4820
4909
4821
4910
4822
4911
4823
4912
4824
4913
4825
4914
4826
4915
4827
4916
4828
4917
4829
4918
4830
4919
4831
4920
4832
4921
4833
4922
4834
4923
4835
4924
4836
4925
4837
4926
4838
4927
4839
4928
4840
4929
4841
4930
4842
4931
4843
4932
4844
4933
4845
4934
4846
4935
4847
4936
4848
4937
4849
4938
4850
4939
4851
4940
4852
4941
4853
4942
4854
4943
4855
4944
4856
4945
4857
4946
4858
4947
4859
4948
4949
4861
4950
4862
4951
4863
4952
4864
4953
4865
4954
4866
4955
4867
4956
4868
4957
4869
4958
4870
4959
4871
4960
4872
4961
4873
4962
4874
4963
4875
4964
4876
4965
4877
4966
4878
4967
4879
4968
4880
4969
4881
4970
4882
4971
4883
4972
4884
4973
4885
4974
4886
4975
4887
4976
4888
4977
4889
4978
4890
4979
4891
4980
4892
4981
4893
4982
4894
4983
4895
4984
4896
4985
4897
4986
4898
4987
4899
4988
4900
4989
4901
4990
4902
4991
4903
4992
4904
4993
4905
4994
4906
4995
4907
4996
4908
4997
4909
4998
4910
4999
4911
5000
4912
5001
4913
5002
4914
5003
4915
5004
4916
5005
4917
5006
4918
5007
4919
5008
4920
5009
4921
5010
4922
5011
4923
5012
4924
5013
4925
5014
4926
5015
4927
5016
4928
5017
4929
5018
4930
5019
4931
5020
4932
5021
4933
5022
4934
5023
4935
5024
4936
5025
4937
5026
4938
5027
4939
5028
4940
5029
4941
5030
4942
5031
4943
5032
4944
5033
4945
5034
4946
5035
4947
5036
4948
5037
4949
5038
5039
4951
5040
4952
5041
4953
5042
4954
5043
4955
5044
4956
5045
4957
5046
4958
5047
4959
5048
4960
5049
4961
5050
4962
5051
4963
5052
4964
5053
4965
5054
4966
5055
4967
5056
4968
5057
4969
5058
4970
5059
4971
5060
4972
5061
4973
5062
4974
5063
4975
5064
4976
5065
4977
5066
4978
5067
4979
5068
4980
5069
4981
5070
4982
5071
4983
5072
4984
5073
4985
5074
4986
5075
4987
5076
4988
5077
4989
5078
4990
5079
4991
5080
4992
5081
4993
5082
4994
5083
4995
5084
4996
5085
4997
5086
4998
5087
4999
5088
5000
5089
5001
5090
5002
5091
5003
5092
5004
5093
5005
5094
5006
5095
5007
5096
5008
5097
5009
5098
5010
5099
5011
5100
5012
5101
5013
5102
5014
5103
5015
5104
5016
5105
5017
5106
5018
5107
5019
5108
5020
5109
5021
5110
5022
5111
5023
5112
5024
5113
5025
5114
5026
5115
5027
5116
5028
5117
5029
5118
5030
5119
5031
5120
5032
5121
5033
5122
5034
5123
5035
5124
5036
5125
5037
5126
5038
5127
5039
5128
5129
5041
5130
5042
5131
5043
5132
5044
5133
5045
5134
5046
5135
5047
5136
5048
5137
5049
5138
5050
5139
5051
5140
5052
5141
5053
5142
5054
5143
5055
5144
5056
5145
5057
5146
5058
5147
5059
5148
5060
5149
5061
5150
5062
5151
5063
5152
5064
5153
5065
5154
5066
5155
5067
5156
5068
5157
5069
5158
5070
5159
5071
5160
5072
5161
5073
5162
5074
5163
5075
5164
5076
5165
5077
5166
5078
5167
5079
5168
5080
5169
5081
5170
5082
5171
5083
5172
5084
5173
5085
5174
5086
5175
5087
5176
5088
5177
5089
5178
5090
5179
5091
5180
5092
5181
5093
5182
5094
5183
5095
5184
5096
5185
5097
5186
5098
5187
5099
5188
5100
5189
5101
5190
5102
5191
5103
5192
5104
5193
5105
5194
5106
5195
5107
5196
5108
5197
5109
5198
5110
5199
5111
5200
5112
5201
5113
5202
5114
5203
5115
5204
5116
5205
5117
5206
5118
5207
5119
5208
5120
5209
5121
5210
5122
5211
5123
5212
5124
5213
5125
5214
5126
5215
5127
5216
5128
5217
5129
5218
5219
5131
5220
5132
5221
5133
5222
5134
5223
5135
5224
5136
5225
5137
5226
5138
5227
5139
5228
5140
5229
5141
5230
5142
5231
5143
5232
5144
5233
5145
5234
5146
5235
5147
5236
5148
5237
5149
5238
5150
5239
5151
5240
5152
5241
5153
5242
5154
5243
5155
5244
5156
5245
5157
5246
5158
5247
5159
5248
5160
5249
5161
5250
5162
5251
5163
5252
5164
5253
5165
5254
5166
5255
5167
5256
5168
5257
5169
5258
5170
5259
5171
5260
5172
5261
5173
5262
5174
5263
5175
5264
5176
5265
5177
5266
5178
5267
5179
5268
5180
5269
5181
5270
5182
5271
5183
5272
5184
5273
5185
5274
5186
5275
5187
5276
5188
5277
5189
5278
5190
5279
5191
5280
5192
5281
5193
5282
5194
5283
5195
5284
5196
5285
5197
5286
5198
5287
5199
5288
5200
5289
5201
5290
5202
5291
5203
5292
5204
5293
5205
5294
5206
5295
5207
5296
5208
5297
5209
5298
5210
5299
5211
5300
5212
5301
5213
5302
5214
5303
5215
5304
5216
5305
5217
5306
5218
5307
5219
5308
5309
5221
5310
5222
5311
5223
5312
5224
5313
5225
5314
5226
5315
5227
5316
5228
5317
5229
5318
5230
5319
5231
5320
5232
5321
5233
5322
5234
5323
5235
5324
5236
5325
5237
5326
5238
5327
5239
5328
5240
5329
5241
5330
5242
5331
5243
5332
5244
5333
5245
5334
5246
5335
5247
5336
5248
5337
5249
5338
5250
5339
5251
5340
5252
5341
5253
5342
5254
5343
5255
5344
5256
5345
5257
5346
5258
5347
5259
5348
5260
5349
5261
5350
5262
5351
5263
5352
5264
5353
5265
5354
5266
5355
5267
5356
5268
5357
5269
5358
5270
5359
5271
5360
5272
5361
5273
5362
5274
5363
5275
5364
5276
5365
5277
5366
5278
5367
5279
5368
5280
5369
5281
5370
5282
5371
5283
5372
5284
5373
5285
5374
5286
5375
5287
5376
5288
5377
5289
5378
5290
5379
5291
5380
5292
5381
5293
5382
5294
5383
5295
5384
5296
5385
5297
5386
5298
5387
5299
5388
5300
5389
5301
5390
5302
5391
5303
5392
5304
5393
5305
5394
5306
5395
5307
5396
5308
5397
5309
5398
5399
5311
5400
5312
5401
5313
5402
5314
5403
5315
5404
5316
5405
5317
5406
5318
5407
5319
5408
5320
5409
5321
5410
5322
5411
5323
5412
5324
5413
5325
5414
5326
5415
5327
5416
5328
5417
5329
5418
5330
5419
5331
5420
5332
5421
5333
5422
5334
5423
5335
5424
5336
5425
5337
5426
5338
5427
5339
5428
5340
5429
5341
5430
5342
5431
5343
5432
5344
5433
5345
5434
5346
5435
5347
5436
5348
5437
5349
5438
5350
5439
5351
5440
5352
5441
5353
5442
5354
5443
5355
5444
5356
5445
5357
5446
5358
5447
5359
5448
5360
5449
5361
5450
5362
5451
5363
5452
5364
5453
5365
5454
5366
5455
5367
5456
5368
5457
5369
5458
5370
5459
5371
5460
5372
5461
5373
5462
5374
5463
5375
5464
5376
5465
5377
5466
5378
5467
5379
5468
5380
5469
5381
5470
5382
5471
5383
5472
5384
5473
5385
5474
5386
5475
5387
5476
5388
5477
5389
5478
5390
5479
5391
5480
5392
5481
5393
5482
5394
5483
5395
5484
5396
5485
5397
5486
5398
5487
5399
5488
5489
5401
5490
5402
5491
5403
5492
5404
5493
5405
5494
5406
5495
5407
5496
5408
5497
5409
5498
5410
5499
5411
5500
5412
5501
5413
5502
5414
5503
5415
5504
5416
5505
5417
5506
5418
5507
5419
5508
5420
5509
5421
5510
5422
5511
5423
5512
5424
5513
5425
5514
5426
5515
5427
5516
5428
5517
5429
5518
5430
5519
5431
5520
5432
5521
5433
5522
5434
5523
5435
5524
5436
5525
5437
5526
5438
5527
5439
5528
5440
5529
5441
5530
5442
5531
5443
5532
5444
5533
5445
5534
5446
5535
5447
5536
5448
5537
5449
5538
5450
5539
5451
5540
5452
5541
5453
5542
5454
5543
5455
5544
5456
5545
5457
5546
5458
5547
5459
5548
5460
5549
5461
5550
5462
5551
5463
5552
5464
5553
5465
5554
5466
5555
5467
5556
5468
5557
5469
5558
5470
5559
5471
5560
5472
5561
5473
5562
5474
5563
5475
5564
5476
5565
5477
5566
5478
5567
5479
5568
5480
5569
5481
5570
5482
5571
5483
5572
5484
5573
5485
5574
5486
5575
5487
5576
5488
5577
5489
5578
5579
5491
5580
5492
5581
5493
5582
5494
5583
5495
5584
5496
5585
5497
5586
5498
5587
5499
5588
5500
5589
5501
5590
5502
5591
5503
5592
5504
5593
5505
5594
5506
5595
5507
5596
5508
5597
5509
5598
5510
5599
5511
5600
5512
5601
5513
5602
5514
5603
5515
5604
5516
5605
5517
5606
5518
5607
5519
5608
5520
5609
5521
5610
5522
5611
5523
5612
5524
5613
5525
5614
5526
5615
5527
5616
5528
5617
5529
5618
5530
5619
5531
5620
5532
5621
5533
5622
5534
5623
5535
5624
5536
5625
5537
5626
5538
5627
5539
5628
5540
5629
5541
5630
5542
5631
5543
5632
5544
5633
5545
5634
5546
5635
5547
5636
5548
5637
5549
5638
5550
5639
5551
5640
5552
5641
5553
5642
5554
5643
5555
5644
5556
5645
5557
5646
5558
5647
5559
5648
5560
5649
5561
5650
5562
5651
5563
5652
5564
5653
5565
5654
5566
5655
5567
5656
5568
5657
5569
5658
5570
5659
5571
5660
5572
5661
5573
5662
5574
5663
5575
5664
5576
5665
5577
5666
5578
5667
5579
5668
5669
5581
5670
5582
5671
5583
5672
5584
5673
5585
5674
5586
5675
5587
5676
5588
5677
5589
5678
5590
5679
5591
5680
5592
5681
5593
5682
5594
5683
5595
5684
5596
5685
5597
5686
5598
5687
5599
5688
5600
5689
5601
5690
5602
5691
5603
5692
5604
5693
5605
5694
5606
5695
5607
5696
5608
5697
5609
5698
5610
5699
5611
5700
5612
5701
5613
5702
5614
5703
5615
5704
5616
5705
5617
5706
5618
5707
5619
5708
5620
5709
5621
5710
5622
5711
5623
5712
5624
5713
5625
5714
5626
5715
5627
5716
5628
5717
5629
5718
5630
5719
5631
5720
5632
5721
5633
5722
5634
5723
5635
5724
5636
5725
5637
5726
5638
5727
5639
5728
5640
5729
5641
5730
5642
5731
5643
5732
5644
5733
5645
5734
5646
5735
5647
5736
5648
5737
5649
5738
5650
5739
5651
5740
5652
5741
5653
5742
5654
5743
5655
5744
5656
5745
5657
5746
5658
5747
5659
5748
5660
5749
5661
5750
5662
5751
5663
5752
5664
5753
5665
5754
5666
5755
5667
5756
5668
5757
5669
5758
5759
5671
5760
5672
5761
5673
5762
5674
5763
5675
5764
5676
5765
5677
5766
5678
5767
5679
5768
5680
5769
5681
5770
5682
5771
5683
5772
5684
5773
5685
5774
5686
5775
5687
5776
5688
5777
5689
5778
5690
5779
5691
5780
5692
5781
5693
5782
5694
5783
5695
5784
5696
5785
5697
5786
5698
5787
5699
5788
5700
5789
5701
5790
5702
5791
5703
5792
5704
5793
5705
5794
5706
5795
5707
5796
5708
5797
5709
5798
5710
5799
5711
5800
5712
5801
5713
5802
5714
5803
5715
5804
5716
5805
5717
5806
5718
5807
5719
5808
5720
5809
5721
5810
5722
5811
5723
5812
5724
5813
5725
5814
5726
5815
5727
5816
5728
5817
5729
5818
5730
5819
5731
5820
5732
5821
5733
5822
5734
5823
5735
5824
5736
5825
5737
5826
5738
5827
5739
5828
5740
5829
5741
5830
5742
5831
5743
5832
5744
5833
5745
5834
5746
5835
5747
5836
5748
5837
5749
5838
5750
5839
5751
5840
5752
5841
5753
5842
5754
5843
5755
5844
5756
5845
5757
5846
5758
5847
5759
5848
5849
5761
5850
5762
5851
5763
5852
5764
5853
5765
5854
5766
5855
5767
5856
5768
5857
5769
5858
5770
5859
5771
5860
5772
5861
5773
5862
5774
5863
5775
5864
5776
5865
5777
5866
5778
5867
5779
5868
5780
5869
5781
5870
5782
5871
5783
5872
5784
5873
5785
5874
5786
5875
5787
5876
5788
5877
5789
5878
5790
5879
5791
5880
5792
5881
5793
5882
5794
5883
5795
5884
5796
5885
5797
5886
5798
5887
5799
5888
5800
5889
5801
5890
5802
5891
5803
5892
5804
5893
5805
5894
5806
5895
5807
5896
5808
5897
5809
5898
5810
5899
5811
5900
5812
5901
5813
5902
5814
5903
5815
5904
5816
5905
5817
5906
5818
5907
5819
5908
5820
5909
5821
5910
5822
5911
5823
5912
5824
5913
5825
5914
5826
5915
5827
5916
5828
5917
5829
5918
5830
5919
5831
5920
5832
5921
5833
5922
5834
5923
5835
5924
5836
5925
5837
5926
5838
5927
5839
5928
5840
5929
5841
5930
5842
5931
5843
5932
5844
5933
5845
5934
5846
5935
5847
5936
5848
5937
5849
5938
5939
5851
5940
5852
5941
5853
5942
5854
5943
5855
5944
5856
5945
5857
5946
5858
5947
5859
5948
5860
5949
5861
5950
5862
5951
5863
5952
5864
5953
5865
5954
5866
5955
5867
5956
5868
5957
5869
5958
5870
5959
5871
5960
5872
5961
5873
5962
5874
5963
5875
5964
5876
5965
5877
5966
5878
5967
5879
5968
5880
5969
5881
5970
5882
5971
5883
5972
5884
5973
5885
5974
5886
5975
5887
5976
5888
5977
5889
5978
5890
5979
5891
5980
5892
5981
5893
5982
5894
5983
5895
5984
5896
5985
5897
5986
5898
5987
5899
5988
5900
5989
5901
5990
5902
5991
5903
5992
5904
5993
5905
5994
5906
5995
5907
5996
5908
5997
5909
5998
5910
5999
5911
6000
5912
6001
5913
6002
5914
6003
5915
6004
5916
6005
5917
6006
5918
6007
5919
6008
5920
6009
5921
6010
5922
6011
5923
6012
5924
6013
5925
6014
5926
6015
5927
6016
5928
6017
5929
6018
5930
6019
5931
6020
5932
6021
5933
6022
5934
6023
5935
6024
5936
6025
5937
6026
5938
6027
5939
6028
6029
5941
6030
5942
6031
5943
6032
5944
6033
5945
6034
5946
6035
5947
6036
5948
6037
5949
6038
5950
6039
5951
6040
5952
6041
5953
6042
5954
6043
5955
6044
5956
6045
5957
6046
5958
6047
5959
6048
5960
6049
5961
6050
5962
6051
5963
6052
5964
6053
5965
6054
5966
6055
5967
6056
5968
6057
5969
6058
5970
6059
5971
6060
5972
6061
5973
6062
5974
6063
5975
6064
5976
6065
5977
6066
5978
6067
5979
6068
5980
6069
5981
6070
5982
6071
5983
6072
5984
6073
5985
6074
5986
6075
5987
6076
5988
6077
5989
6078
5990
6079
5991
6080
5992
6081
5993
6082
5994
6083
5995
6084
5996
6085
5997
6086
5998
6087
5999
6088
6000
6089
6001
6090
6002
6091
6003
6092
6004
6093
6005
6094
6006
6095
6007
6096
6008
6097
6009
6098
6010
6099
6011
6100
6012
6101
6013
6102
6014
6103
6015
6104
6016
6105
6017
6106
6018
6107
6019
6108
6020
6109
6021
6110
6022
6111
6023
6112
6024
6113
6025
6114
6026
6115
6027
6116
6028
6117
6029
6118
6119
6031
6120
6032
6121
6033
6122
6034
6123
6035
6124
6036
6125
6037
6126
6038
6127
6039
6128
6040
6129
6041
6130
6042
6131
6043
6132
6044
6133
6045
6134
6046
6135
6047
6136
6048
6137
6049
6138
6050
6139
6051
6140
6052
6141
6053
6142
6054
6143
6055
6144
6056
6145
6057
6146
6058
6147
6059
6148
6060
6149
6061
6150
6062
6151
6063
6152
6064
6153
6065
6154
6066
6155
6067
6156
6068
6157
6069
6158
6070
6159
6071
6160
6072
6161
6073
6162
6074
6163
6075
6164
6076
6165
6077
6166
6078
6167
6079
6168
6080
6169
6081
6170
6082
6171
6083
6172
6084
6173
6085
6174
6086
6175
6087
6176
6088
6177
6089
6178
6090
6179
6091
6180
6092
6181
6093
6182
6094
6183
6095
6184
6096
6185
6097
6186
6098
6187
6099
6188
6100
6189
6101
6190
6102
6191
6103
6192
6104
6193
6105
6194
6106
6195
6107
6196
6108
6197
6109
6198
6110
6199
6111
6200
6112
6201
6113
6202
6114
6203
6115
6204
6116
6205
6117
6206
6118
6207
6119
6208
6209
6121
6210
6122
6211
6123
6212
6124
6213
6125
6214
6126
6215
6127
6216
6128
6217
6129
6218
6130
6219
6131
6220
6132
6221
6133
6222
6134
6223
6135
6224
6136
6225
6137
6226
6138
6227
6139
6228
6140
6229
6141
6230
6142
6231
6143
6232
6144
6233
6145
6234
6146
6235
6147
6236
6148
6237
6149
6238
6150
6239
6151
6240
6152
6241
6153
6242
6154
6243
6155
6244
6156
6245
6157
6246
6158
6247
6159
6248
6160
6249
6161
6250
6162
6251
6163
6252
6164
6253
6165
6254
6166
6255
6167
6256
6168
6257
6169
6258
6170
6259
6171
6260
6172
6261
6173
6262
6174
6263
6175
6264
6176
6265
6177
6266
6178
6267
6179
6268
6180
6269
6181
6270
6182
6271
6183
6272
6184
6273
6185
6274
6186
6275
6187
6276
6188
6277
6189
6278
6190
6279
6191
6280
6192
6281
6193
6282
6194
6283
6195
6284
6196
6285
6197
6286
6198
6287
6199
6288
6200
6289
6201
6290
6202
6291
6203
6292
6204
6293
6205
6294
6206
6295
6207
6296
6208
6297
6209
6298
6299
6211
6300
6212
6301
6213
6302
6214
6303
6215
6304
6216
6305
6217
6306
6218
6307
6219
6308
6220
6309
6221
6310
6222
6311
6223
6312
6224
6313
6225
6314
6226
6315
6227
6316
6228
6317
6229
6318
6230
6319
6231
6320
6232
6321
6233
6322
6234
6323
6235
6324
6236
6325
6237
6326
6238
6327
6239
6328
6240
6329
6241
6330
6242
6331
6243
6332
6244
6333
6245
6334
6246
6335
6247
6336
6248
6337
6249
6338
6250
6339
6251
6340
6252
6341
6253
6342
6254
6343
6255
6344
6256
6345
6257
6346
6258
6347
6259
6348
6260
6349
6261
6350
6262
6351
6263
6352
6264
6353
6265
6354
6266
6355
6267
6356
6268
6357
6269
6358
6270
6359
6271
6360
6272
6361
6273
6362
6274
6363
6275
6364
6276
6365
6277
6366
6278
6367
6279
6368
6280
6369
6281
6370
6282
6371
6283
6372
6284
6373
6285
6374
6286
6375
6287
6376
6288
6377
6289
6378
6290
6379
6291
6380
6292
6381
6293
6382
6294
6383
6295
6384
6296
6385
6297
6386
6298
6387
6299
6388
6389
6301
6390
6302
6391
6303
6392
6304
6393
6305
6394
6306
6395
6307
6396
6308
6397
6309
6398
6310
6399
6311
6400
6312
6401
6313
6402
6314
6403
6315
6404
6316
6405
6317
6406
6318
6407
6319
6408
6320
6409
6321
6410
6322
6411
6323
6412
6324
6413
6325
6414
6326
6415
6327
6416
6328
6417
6329
6418
6330
6419
6331
6420
6332
6421
6333
6422
6334
6423
6335
6424
6336
6425
6337
6426
6338
6427
6339
6428
6340
6429
6341
6430
6342
6431
6343
6432
6344
6433
6345
6434
6346
6435
6347
6436
6348
6437
6349
6438
6350
6439
6351
6440
6352
6441
6353
6442
6354
6443
6355
6444
6356
6445
6357
6446
6358
6447
6359
6448
6360
6449
6361
6450
6362
6451
6363
6452
6364
6453
6365
6454
6366
6455
6367
6456
6368
6457
6369
6458
6370
6459
6371
6460
6372
6461
6373
6462
6374
6463
6375
6464
6376
6465
6377
6466
6378
6467
6379
6468
6380
6469
6381
6470
6382
6471
6383
6472
6384
6473
6385
6474
6386
6475
6387
6476
6388
6477
6389
6478
6479
6391
6480
6392
6481
6393
6482
6394
6483
6395
6484
6396
6485
6397
6486
6398
6487
6399
6488
6400
6489
6401
6490
6402
6491
6403
6492
6404
6493
6405
6494
6406
6495
6407
6496
6408
6497
6409
6498
6410
6499
6411
6500
6412
6501
6413
6502
6414
6503
6415
6504
6416
6505
6417
6506
6418
6507
6419
6508
6420
6509
6421
6510
6422
6511
6423
6512
6424
6513
6425
6514
6426
6515
6427
6516
6428
6517
6429
6518
6430
6519
6431
6520
6432
6521
6433
6522
6434
6523
6435
6524
6436
6525
6437
6526
6438
6527
6439
6528
6440
6529
6441
6530
6442
6531
6443
6532
6444
6533
6445
6534
6446
6535
6447
6536
6448
6537
6449
6538
6450
6539
6451
6540
6452
6541
6453
6542
6454
6543
6455
6544
6456
6545
6457
6546
6458
6547
6459
6548
6460
6549
6461
6550
6462
6551
6463
6552
6464
6553
6465
6554
6466
6555
6467
6556
6468
6557
6469
6558
6470
6559
6471
6560
6472
6561
6473
6562
6474
6563
6475
6564
6476
6565
6477
6566
6478
6567
6479
6568
6569
6481
6570
6482
6571
6483
6572
6484
6573
6485
6574
6486
6575
6487
6576
6488
6577
6489
6578
6490
6579
6491
6580
6492
6581
6493
6582
6494
6583
6495
6584
6496
6585
6497
6586
6498
6587
6499
6588
6500
6589
6501
6590
6502
6591
6503
6592
6504
6593
6505
6594
6506
6595
6507
6596
6508
6597
6509
6598
6510
6599
6511
6600
6512
6601
6513
6602
6514
6603
6515
6604
6516
6605
6517
6606
6518
6607
6519
6608
6520
6609
6521
6610
6522
6611
6523
6612
6524
6613
6525
6614
6526
6615
6527
6616
6528
6617
6529
6618
6530
6619
6531
6620
6532
6621
6533
6622
6534
6623
6535
6624
6536
6625
6537
6626
6538
6627
6539
6628
6540
6629
6541
6630
6542
6631
6543
6632
6544
6633
6545
6634
6546
6635
6547
6636
6548
6637
6549
6638
6550
6639
6551
6640
6552
6641
6553
6642
6554
6643
6555
6644
6556
6645
6557
6646
6558
6647
6559
6648
6560
6649
6561
6650
6562
6651
6563
6652
6564
6653
6565
6654
6566
6655
6567
6656
6568
6657
6569
6658
6659
6571
6660
6572
6661
6573
6662
6574
6663
6575
6664
6576
6665
6577
6666
6578
6667
6579
6668
6580
6669
6581
6670
6582
6671
6583
6672
6584
6673
6585
6674
6586
6675
6587
6676
6588
6677
6589
6678
6590
6679
6591
6680
6592
6681
6593
6682
6594
6683
6595
6684
6596
6685
6597
6686
6598
6687
6599
6688
6600
6689
6601
6690
6602
6691
6603
6692
6604
6693
6605
6694
6606
6695
6607
6696
6608
6697
6609
6698
6610
6699
6611
6700
6612
6701
6613
6702
6614
6703
6615
6704
6616
6705
6617
6706
6618
6707
6619
6708
6620
6709
6621
6710
6622
6711
6623
6712
6624
6713
6625
6714
6626
6715
6627
6716
6628
6717
6629
6718
6630
6719
6631
6720
6632
6721
6633
6722
6634
6723
6635
6724
6636
6725
6637
6726
6638
6727
6639
6728
6640
6729
6641
6730
6642
6731
6643
6732
6644
6733
6645
6734
6646
6735
6647
6736
6648
6737
6649
6738
6650
6739
6651
6740
6652
6741
6653
6742
6654
6743
6655
6744
6656
6745
6657
6746
6658
6747
6659
6748
6749
6661
6750
6662
6751
6663
6752
6664
6753
6665
6754
6666
6755
6667
6756
6668
6757
6669
6758
6670
6759
6671
6760
6672
6761
6673
6762
6674
6763
6675
6764
6676
6765
6677
6766
6678
6767
6679
6768
6680
6769
6681
6770
6682
6771
6683
6772
6684
6773
6685
6774
6686
6775
6687
6776
6688
6777
6689
6778
6690
6779
6691
6780
6692
6781
6693
6782
6694
6783
6695
6784
6696
6785
6697
6786
6698
6787
6699
6788
6700
6789
6701
6790
6702
6791
6703
6792
6704
6793
6705
6794
6706
6795
6707
6796
6708
6797
6709
6798
6710
6799
6711
6800
6712
6801
6713
6802
6714
6803
6715
6804
6716
6805
6717
6806
6718
6807
6719
6808
6720
6809
6721
6810
6722
6811
6723
6812
6724
6813
6725
6814
6726
6815
6727
6816
6728
6817
6729
6818
6730
6819
6731
6820
6732
6821
6733
6822
6734
6823
6735
6824
6736
6825
6737
6826
6738
6827
6739
6828
6740
6829
6741
6830
6742
6831
6743
6832
6744
6833
6745
6834
6746
6835
6747
6836
6748
6837
6749
6838
6839
6751
6840
6752
6841
6753
6842
6754
6843
6755
6844
6756
6845
6757
6846
6758
6847
6759
6848
6760
6849
6761
6850
6762
6851
6763
6852
6764
6853
6765
6854
6766
6855
6767
6856
6768
6857
6769
6858
6770
6859
6771
6860
6772
6861
6773
6862
6774
6863
6775
6864
6776
6865
6777
6866
6778
6867
6779
6868
6780
6869
6781
6870
6782
6871
6783
6872
6784
6873
6785
6874
6786
6875
6787
6876
6788
6877
6789
6878
6790
6879
6791
6880
6792
6881
6793
6882
6794
6883
6795
6884
6796
6885
6797
6886
6798
6887
6799
6888
6800
6889
6801
6890
6802
6891
6803
6892
6804
6893
6805
6894
6806
6895
6807
6896
6808
6897
6809
6898
6810
6899
6811
6900
6812
6901
6813
6902
6814
6903
6815
6904
6816
6905
6817
6906
6818
6907
6819
6908
6820
6909
6821
6910
6822
6911
6823
6912
6824
6913
6825
6914
6826
6915
6827
6916
6828
6917
6829
6918
6830
6919
6831
6920
6832
6921
6833
6922
6834
6923
6835
6924
6836
6925
6837
6926
6838
6927
6839
6928
6929
6841
6930
6842
6931
6843
6932
6844
6933
6845
6934
6846
6935
6847
6936
6848
6937
6849
6938
6850
6939
6851
6940
6852
6941
6853
6942
6854
6943
6855
6944
6856
6945
6857
6946
6858
6947
6859
6948
6860
6949
6861
6950
6862
6951
6863
6952
6864
6953
6865
6954
6866
6955
6867
6956
6868
6957
6869
6958
6870
6959
6871
6960
6872
6961
6873
6962
6874
6963
6875
6964
6876
6965
6877
6966
6878
6967
6879
6968
6880
6969
6881
6970
6882
6971
6883
6972
6884
6973
6885
6974
6886
6975
6887
6976
6888
6977
6889
6978
6890
6979
6891
6980
6892
6981
6893
6982
6894
6983
6895
6984
6896
6985
6897
6986
6898
6987
6899
6988
6900
6989
6901
6990
6902
6991
6903
6992
6904
6993
6905
6994
6906
6995
6907
6996
6908
6997
6909
6998
6910
6999
6911
7000
6912
7001
6913
7002
6914
7003
6915
7004
6916
7005
6917
7006
6918
7007
6919
7008
6920
7009
6921
7010
6922
7011
6923
7012
6924
7013
6925
7014
6926
7015
6927
7016
6928
7017
6929
7018
7019
6931
7020
6932
7021
6933
7022
6934
7023
6935
7024
6936
7025
6937
7026
6938
7027
6939
7028
6940
7029
6941
7030
6942
7031
6943
7032
6944
7033
6945
7034
6946
7035
6947
7036
6948
7037
6949
7038
6950
7039
6951
7040
6952
7041
6953
7042
6954
7043
6955
7044
6956
7045
6957
7046
6958
7047
6959
7048
6960
7049
6961
7050
6962
7051
6963
7052
6964
7053
6965
7054
6966
7055
6967
7056
6968
7057
6969
7058
6970
7059
6971
7060
6972
7061
6973
7062
6974
7063
6975
7064
6976
7065
6977
7066
6978
7067
6979
7068
6980
7069
6981
7070
6982
7071
6983
7072
6984
7073
6985
7074
6986
7075
6987
7076
6988
7077
6989
7078
6990
7079
6991
7080
6992
7081
6993
7082
6994
7083
6995
7084
6996
7085
6997
7086
6998
7087
6999
7088
7000
7089
7001
7090
7002
7091
7003
7092
7004
7093
7005
7094
7006
7095
7007
7096
7008
7097
7009
7098
7010
7099
7011
7100
7012
7101
7013
7102
7014
7103
7015
7104
7016
7105
7017
7106
7018
7107
7019
7108
7109
7021
7110
7022
7111
7023
7112
7024
7113
7025
7114
7026
7115
7027
7116
7028
7117
7029
7118
7030
7119
7031
7120
7032
7121
7033
7122
7034
7123
7035
7124
7036
7125
7037
7126
7038
7127
7039
7128
7040
7129
7041
7130
7042
7131
7043
7132
7044
7133
7045
7134
7046
7135
7047
7136
7048
7137
7049
7138
7050
7139
7051
7140
7052
7141
7053
7142
7054
7143
7055
7144
7056
7145
7057
7146
7058
7147
7059
7148
7060
7149
7061
7150
7062
7151
7063
7152
7064
7153
7065
7154
7066
7155
7067
7156
7068
7157
7069
7158
7070
7159
7071
7160
7072
7161
7073
7162
7074
7163
7075
7164
7076
7165
7077
7166
7078
7167
7079
7168
7080
7169
7081
7170
7082
7171
7083
7172
7084
7173
7085
7174
7086
7175
7087
7176
7088
7177
7089
7178
7090
7179
7091
7180
7092
7181
7093
7182
7094
7183
7095
7184
7096
7185
7097
7186
7098
7187
7099
7188
7100
7189
7101
7190
7102
7191
7103
7192
7104
7193
7105
7194
7106
7195
7107
7196
7108
7197
7109
7198
7199
7111
7200
7112
7201
7113
7202
7114
7203
7115
7204
7116
7205
7117
7206
7118
7207
7119
7208
7120
7209
7121
7210
7122
7211
7123
7212
7124
7213
7125
7214
7126
7215
7127
7216
7128
7217
7129
7218
7130
7219
7131
7220
7132
7221
7133
7222
7134
7223
7135
7224
7136
7225
7137
7226
7138
7227
7139
7228
7140
7229
7141
7230
7142
7231
7143
7232
7144
7233
7145
7234
7146
7235
7147
7236
7148
7237
7149
7238
7150
7239
7151
7240
7152
7241
7153
7242
7154
7243
7155
7244
7156
7245
7157
7246
7158
7247
7159
7248
7160
7249
7161
7250
7162
7251
7163
7252
7164
7253
7165
7254
7166
7255
7167
7256
7168
7257
7169
7258
7170
7259
7171
7260
7172
7261
7173
7262
7174
7263
7175
7264
7176
7265
7177
7266
7178
7267
7179
7268
7180
7269
7181
7270
7182
7271
7183
7272
7184
7273
7185
7274
7186
7275
7187
7276
7188
7277
7189
7278
7190
7279
7191
7280
7192
7281
7193
7282
7194
7283
7195
7284
7196
7285
7197
7286
7198
7287
7199
7288
7289
7201
7290
7202
7291
7203
7292
7204
7293
7205
7294
7206
7295
7207
7296
7208
7297
7209
7298
7210
7299
7211
7300
7212
7301
7213
7302
7214
7303
7215
7304
7216
7305
7217
7306
7218
7307
7219
7308
7220
7309
7221
7310
7222
7311
7223
7312
7224
7313
7225
7314
7226
7315
7227
7316
7228
7317
7229
7318
7230
7319
7231
7320
7232
7321
7233
7322
7234
7323
7235
7324
7236
7325
7237
7326
7238
7327
7239
7328
7240
7329
7241
7330
7242
7331
7243
7332
7244
7333
7245
7334
7246
7335
7247
7336
7248
7337
7249
7338
7250
7339
7251
7340
7252
7341
7253
7342
7254
7343
7255
7344
7256
7345
7257
7346
7258
7347
7259
7348
7260
7349
7261
7350
7262
7351
7263
7352
7264
7353
7265
7354
7266
7355
7267
7356
7268
7357
7269
7358
7270
7359
7271
7360
7272
7361
7273
7362
7274
7363
7275
7364
7276
7365
7277
7366
7278
7367
7279
7368
7280
7369
7281
7370
7282
7371
7283
7372
7284
7373
7285
7374
7286
7375
7287
7376
7288
7377
7289
7378
7379
7291
7380
7292
7381
7293
7382
7294
7383
7295
7384
7296
7385
7297
7386
7298
7387
7299
7388
7300
7389
7301
7390
7302
7391
7303
7392
7304
7393
7305
7394
7306
7395
7307
7396
7308
7397
7309
7398
7310
7399
7311
7400
7312
7401
7313
7402
7314
7403
7315
7404
7316
7405
7317
7406
7318
7407
7319
7408
7320
7409
7321
7410
7322
7411
7323
7412
7324
7413
7325
7414
7326
7415
7327
7416
7328
7417
7329
7418
7330
7419
7331
7420
7332
7421
7333
7422
7334
7423
7335
7424
7336
7425
7337
7426
7338
7427
7339
7428
7340
7429
7341
7430
7342
7431
7343
7432
7344
7433
7345
7434
7346
7435
7347
7436
7348
7437
7349
7438
7350
7439
7351
7440
7352
7441
7353
7442
7354
7443
7355
7444
7356
7445
7357
7446
7358
7447
7359
7448
7360
7449
7361
7450
7362
7451
7363
7452
7364
7453
7365
7454
7366
7455
7367
7456
7368
7457
7369
7458
7370
7459
7371
7460
7372
7461
7373
7462
7374
7463
7375
7464
7376
7465
7377
7466
7378
7467
7379
7468
7469
7381
7470
7382
7471
7383
7472
7384
7473
7385
7474
7386
7475
7387
7476
7388
7477
7389
7478
7390
7479
7391
7480
7392
7481
7393
7482
7394
7483
7395
7484
7396
7485
7397
7486
7398
7487
7399
7488
7400
7489
7401
7490
7402
7491
7403
7492
7404
7493
7405
7494
7406
7495
7407
7496
7408
7497
7409
7498
7410
7499
7411
7500
7412
7501
7413
7502
7414
7503
7415
7504
7416
7505
7417
7506
7418
7507
7419
7508
7420
7509
7421
7510
7422
7511
7423
7512
7424
7513
7425
7514
7426
7515
7427
7516
7428
7517
7429
7518
7430
7519
7431
7520
7432
7521
7433
7522
7434
7523
7435
7524
7436
7525
7437
7526
7438
7527
7439
7528
7440
7529
7441
7530
7442
7531
7443
7532
7444
7533
7445
7534
7446
7535
7447
7536
7448
7537
7449
7538
7450
7539
7451
7540
7452
7541
7453
7542
7454
7543
7455
7544
7456
7545
7457
7546
7458
7547
7459
7548
7460
7549
7461
7550
7462
7551
7463
7552
7464
7553
7465
7554
7466
7555
7467
7556
7468
7557
7469
7558
7559
7471
7560
7472
7561
7473
7562
7474
7563
7475
7564
7476
7565
7477
7566
7478
7567
7479
7568
7480
7569
7481
7570
7482
7571
7483
7572
7484
7573
7485
7574
7486
7575
7487
7576
7488
7577
7489
7578
7490
7579
7491
7580
7492
7581
7493
7582
7494
7583
7495
7584
7496
7585
7497
7586
7498
7587
7499
7588
7500
7589
7501
7590
7502
7591
7503
7592
7504
7593
7505
7594
7506
7595
7507
7596
7508
7597
7509
7598
7510
7599
7511
7600
7512
7601
7513
7602
7514
7603
7515
7604
7516
7605
7517
7606
7518
7607
7519
7608
7520
7609
7521
7610
7522
7611
7523
7612
7524
7613
7525
7614
7526
7615
7527
7616
7528
7617
7529
7618
7530
7619
7531
7620
7532
7621
7533
7622
7534
7623
7535
7624
7536
7625
7537
7626
7538
7627
7539
7628
7540
7629
7541
7630
7542
7631
7543
7632
7544
7633
7545
7634
7546
7635
7547
7636
7548
7637
7549
7638
7550
7639
7551
7640
7552
7641
7553
7642
7554
7643
7555
7644
7556
7645
7557
7646
7558
7647
7559
7648
7649
7561
7650
7562
7651
7563
7652
7564
7653
7565
7654
7566
7655
7567
7656
7568
7657
7569
7658
7570
7659
7571
7660
7572
7661
7573
7662
7574
7663
7575
7664
7576
7665
7577
7666
7578
7667
7579
7668
7580
7669
7581
7670
7582
7671
7583
7672
7584
7673
7585
7674
7586
7675
7587
7676
7588
7677
7589
7678
7590
7679
7591
7680
7592
7681
7593
7682
7594
7683
7595
7684
7596
7685
7597
7686
7598
7687
7599
7688
7600
7689
7601
7690
7602
7691
7603
7692
7604
7693
7605
7694
7606
7695
7607
7696
7608
7697
7609
7698
7610
7699
7611
7700
7612
7701
7613
7702
7614
7703
7615
7704
7616
7705
7617
7706
7618
7707
7619
7708
7620
7709
7621
7710
7622
7711
7623
7712
7624
7713
7625
7714
7626
7715
7627
7716
7628
7717
7629
7718
7630
7719
7631
7720
7632
7721
7633
7722
7634
7723
7635
7724
7636
7725
7637
7726
7638
7727
7639
7728
7640
7729
7641
7730
7642
7731
7643
7732
7644
7733
7645
7734
7646
7735
7647
7736
7648
7737
7649
7738
7739
7651
7740
7652
7741
7653
7742
7654
7743
7655
7744
7656
7745
7657
7746
7658
7747
7659
7748
7660
7749
7661
7750
7662
7751
7663
7752
7664
7753
7665
7754
7666
7755
7667
7756
7668
7757
7669
7758
7670
7759
7671
7760
7672
7761
7673
7762
7674
7763
7675
7764
7676
7765
7677
7766
7678
7767
7679
7768
7680
7769
7681
7770
7682
7771
7683
7772
7684
7773
7685
7774
7686
7775
7687
7776
7688
7777
7689
7778
7690
7779
7691
7780
7692
7781
7693
7782
7694
7783
7695
7784
7696
7785
7697
7786
7698
7787
7699
7788
7700
7789
7701
7790
7702
7791
7703
7792
7704
7793
7705
7794
7706
7795
7707
7796
7708
7797
7709
7798
7710
7799
7711
7800
7712
7801
7713
7802
7714
7803
7715
7804
7716
7805
7717
7806
7718
7807
7719
7808
7720
7809
7721
7810
7722
7811
7723
7812
7724
7813
7725
7814
7726
7815
7727
7816
7728
7817
7729
7818
7730
7819
7731
7820
7732
7821
7733
7822
7734
7823
7735
7824
7736
7825
7737
7826
7738
7827
7739
7828
7829
7741
7830
7742
7831
7743
7832
7744
7833
7745
7834
7746
7835
7747
7836
7748
7837
7749
7838
7750
7839
7751
7840
7752
7841
7753
7842
7754
7843
7755
7844
7756
7845
7757
7846
7758
7847
7759
7848
7760
7849
7761
7850
7762
7851
7763
7852
7764
7853
7765
7854
7766
7855
7767
7856
7768
7857
7769
7858
7770
7859
7771
7860
7772
7861
7773
7862
7774
7863
7775
7864
7776
7865
7777
7866
7778
7867
7779
7868
7780
7869
7781
7870
7782
7871
7783
7872
7784
7873
7785
7874
7786
7875
7787
7876
7788
7877
7789
7878
7790
7879
7791
7880
7792
7881
7793
7882
7794
7883
7795
7884
7796
7885
7797
7886
7798
7887
7799
7888
7800
7889
7801
7890
7802
7891
7803
7892
7804
7893
7805
7894
7806
7895
7807
7896
7808
7897
7809
7898
7810
7899
7811
7900
7812
7901
7813
7902
7814
7903
7815
7904
7816
7905
7817
7906
7818
7907
7819
7908
7820
7909
7821
7910
7822
7911
7823
7912
7824
7913
7825
7914
7826
7915
7827
7916
7828
7917
7829
7918
7919
7831
7920
7832
7921
7833
7922
7834
7923
7835
7924
7836
7925
7837
7926
7838
7927
7839
7928
7840
7929
7841
7930
7842
7931
7843
7932
7844
7933
7845
7934
7846
7935
7847
7936
7848
7937
7849
7938
7850
7939
7851
7940
7852
7941
7853
7942
7854
7943
7855
7944
7856
7945
7857
7946
7858
7947
7859
7948
7860
7949
7861
7950
7862
7951
7863
7952
7864
7953
7865
7954
7866
7955
7867
7956
7868
7957
7869
7958
7870
7959
7871
7960
7872
7961
7873
7962
7874
7963
7875
7964
7876
7965
7877
7966
7878
7967
7879
7968
7880
7969
7881
7970
7882
7971
7883
7972
7884
7973
7885
7974
7886
7975
7887
7976
7888
7977
7889
7978
7890
7979
7891
7980
7892
7981
7893
7982
7894
7983
7895
7984
7896
7985
7897
7986
7898
7987
7899
7988
7900
7989
7901
7990
7902
7991
7903
7992
7904
7993
7905
7994
7906
7995
7907
7996
7908
7997
7909
7998
7910
7999
7911
8000
7912
8001
7913
8002
7914
8003
7915
8004
7916
8005
7917
8006
7918
8007
7919
8008
8009
7921
8010
7922
8011
7923
8012
7924
8013
7925
8014
7926
8015
7927
8016
7928
8017
7929
8018
7930
8019
7931
8020
7932
8021
7933
8022
7934
8023
7935
8024
7936
8025
7937
8026
7938
8027
7939
8028
7940
8029
7941
8030
7942
8031
7943
8032
7944
8033
7945
8034
7946
8035
7947
8036
7948
8037
7949
8038
7950
8039
7951
8040
7952
8041
7953
8042
7954
8043
7955
8044
7956
8045
7957
8046
7958
8047
7959
8048
7960
8049
7961
8050
7962
8051
7963
8052
7964
8053
7965
8054
7966
8055
7967
8056
7968
8057
7969
8058
7970
8059
7971
8060
7972
8061
7973
8062
7974
8063
7975
8064
7976
8065
7977
8066
7978
8067
7979
8068
7980
8069
7981
8070
7982
8071
7983
8072
7984
8073
7985
8074
7986
8075
7987
8076
7988
8077
7989
8078
7990
8079
7991
8080
7992
8081
7993
8082
7994
8083
7995
8084
7996
8085
7997
8086
7998
8087
7999
8088
8000
8089
8001
8090
8002
8091
8003
8092
8004
8093
8005
8094
8006
8095
8007
8096
8008
8097
8009
8098
8099
8011
8100
8012
8101
8013
8102
8014
8103
8015
8104
8016
8105
8017
8106
8018
8107
8019
8108
8020
8109
8021
8110
8022
8111
8023
8112
8024
8113
8025
8114
8026
8115
8027
8116
8028
8117
8029
8118
8030
8119
8031
8120
8032
8121
8033
8122
8034
8123
8035
8124
8036
8125
8037
8126
8038
8127
8039
8128
8040
8129
8041
8130
8042
8131
8043
8132
8044
8133
8045
8134
8046
8135
8047
8136
8048
8137
8049
8138
8050
8139
8051
8140
8052
8141
8053
8142
8054
8143
8055
8144
8056
8145
8057
8146
8058
8147
8059
8148
8060
8149
8061
8150
8062
8151
8063
8152
8064
8153
8065
8154
8066
8155
8067
8156
8068
8157
8069
8158
8070
8159
8071
8160
8072
8161
8073
8162
8074
8163
8075
8164
8076
8165
8077
8166
8078
8167
8079
8168
8080
8169
8081
8170
8082
8171
8083
8172
8084
8173
8085
8174
8086
8175
8087
8176
8088
8177
8089
8178
8090
8179
8091
8180
8092
8181
8093
8182
8094
8183
8095
8184
8096
8185
8097
8186
8098
8187
8099
8188
8189
8101
8190
8102
8191
8103
8192
8104
8193
8105
8194
8106
8195
8107
8196
8108
8197
8109
8198
8110
8199
8111
8200
8112
8201
8113
8202
8114
8203
8115
8204
8116
8205
8117
8206
8118
8207
8119
8208
8120
8209
8121
8210
8122
8211
8123
8212
8124
8213
8125
8214
8126
8215
8127
8216
8128
8217
8129
8218
8130
8219
8131
8220
8132
8221
8133
8222
8134
8223
8135
8224
8136
8225
8137
8226
8138
8227
8139
8228
8140
8229
8141
8230
8142
8231
8143
8232
8144
8233
8145
8234
8146
8235
8147
8236
8148
8237
8149
8238
8150
8239
8151
8240
8152
8241
8153
8242
8154
8243
8155
8244
8156
8245
8157
8246
8158
8247
8159
8248
8160
8249
8161
8250
8162
8251
8163
8252
8164
8253
8165
8254
8166
8255
8167
8256
8168
8257
8169
8258
8170
8259
8171
8260
8172
8261
8173
8262
8174
8263
8175
8264
8176
8265
8177
8266
8178
8267
8179
8268
8180
8269
8181
8270
8182
8271
8183
8272
8184
8273
8185
8274
8186
8275
8187
8276
8188
8277
8189
8278
8279
8191
8280
8192
8281
8193
8282
8194
8283
8195
8284
8196
8285
8197
8286
8198
8287
8199
8288
8200
8289
8201
8290
8202
8291
8203
8292
8204
8293
8205
8294
8206
8295
8207
8296
8208
8297
8209
8298
8210
8299
8211
8300
8212
8301
8213
8302
8214
8303
8215
8304
8216
8305
8217
8306
8218
8307
8219
8308
8220
8309
8221
8310
8222
8311
8223
8312
8224
8313
8225
8314
8226
8315
8227
8316
8228
8317
8229
8318
8230
8319
8231
8320
8232
8321
8233
8322
8234
8323
8235
8324
8236
8325
8237
8326
8238
8327
8239
8328
8240
8329
8241
8330
8242
8331
8243
8332
8244
8333
8245
8334
8246
8335
8247
8336
8248
8337
8249
8338
8250
8339
8251
8340
8252
8341
8253
8342
8254
8343
8255
8344
8256
8345
8257
8346
8258
8347
8259
8348
8260
8349
8261
8350
8262
8351
8263
8352
8264
8353
8265
8354
8266
8355
8267
8356
8268
8357
8269
8358
8270
8359
8271
8360
8272
8361
8273
8362
8274
8363
8275
8364
8276
8365
8277
8366
8278
8367
8279
8368
8369
8281
8370
8282
8371
8283
8372
8284
8373
8285
8374
8286
8375
8287
8376
8288
8377
8289
8378
8290
8379
8291
8380
8292
8381
8293
8382
8294
8383
8295
8384
8296
8385
8297
8386
8298
8387
8299
8388
8300
8389
8301
8390
8302
8391
8303
8392
8304
8393
8305
8394
8306
8395
8307
8396
8308
8397
8309
8398
8310
8399
8311
8400
8312
8401
8313
8402
8314
8403
8315
8404
8316
8405
8317
8406
8318
8407
8319
8408
8320
8409
8321
8410
8322
8411
8323
8412
8324
8413
8325
8414
8326
8415
8327
8416
8328
8417
8329
8418
8330
8419
8331
8420
8332
8421
8333
8422
8334
8423
8335
8424
8336
8425
8337
8426
8338
8427
8339
8428
8340
8429
8341
8430
8342
8431
8343
8432
8344
8433
8345
8434
8346
8435
8347
8436
8348
8437
8349
8438
8350
8439
8351
8440
8352
8441
8353
8442
8354
8443
8355
8444
8356
8445
8357
8446
8358
8447
8359
8448
8360
8449
8361
8450
8362
8451
8363
8452
8364
8453
8365
8454
8366
8455
8367
8456
8368
8457
8369
8458
8459
8371
8460
8372
8461
8373
8462
8374
8463
8375
8464
8376
8465
8377
8466
8378
8467
8379
8468
8380
8469
8381
8470
8382
8471
8383
8472
8384
8473
8385
8474
8386
8475
8387
8476
8388
8477
8389
8478
8390
8479
8391
8480
8392
8481
8393
8482
8394
8483
8395
8484
8396
8485
8397
8486
8398
8487
8399
8488
8400
8489
8401
8490
8402
8491
8403
8492
8404
8493
8405
8494
8406
8495
8407
8496
8408
8497
8409
8498
8410
8499
8411
8500
8412
8501
8413
8502
8414
8503
8415
8504
8416
8505
8417
8506
8418
8507
8419
8508
8420
8509
8421
8510
8422
8511
8423
8512
8424
8513
8425
8514
8426
8515
8427
8516
8428
8517
8429
8518
8430
8519
8431
8520
8432
8521
8433
8522
8434
8523
8435
8524
8436
8525
8437
8526
8438
8527
8439
8528
8440
8529
8441
8530
8442
8531
8443
8532
8444
8533
8445
8534
8446
8535
8447
8536
8448
8537
8449
8538
8450
8539
8451
8540
8452
8541
8453
8542
8454
8543
8455
8544
8456
8545
8457
8546
8458
8547
8459
8548
8549
8461
8550
8462
8551
8463
8552
8464
8553
8465
8554
8466
8555
8467
8556
8468
8557
8469
8558
8470
8559
8471
8560
8472
8561
8473
8562
8474
8563
8475
8564
8476
8565
8477
8566
8478
8567
8479
8568
8480
8569
8481
8570
8482
8571
8483
8572
8484
8573
8485
8574
8486
8575
8487
8576
8488
8577
8489
8578
8490
8579
8491
8580
8492
8581
8493
8582
8494
8583
8495
8584
8496
8585
8497
8586
8498
8587
8499
8588
8500
8589
8501
8590
8502
8591
8503
8592
8504
8593
8505
8594
8506
8595
8507
8596
8508
8597
8509
8598
8510
8599
8511
8600
8512
8601
8513
8602
8514
8603
8515
8604
8516
8605
8517
8606
8518
8607
8519
8608
8520
8609
8521
8610
8522
8611
8523
8612
8524
8613
8525
8614
8526
8615
8527
8616
8528
8617
8529
8618
8530
8619
8531
8620
8532
8621
8533
8622
8534
8623
8535
8624
8536
8625
8537
8626
8538
8627
8539
8628
8540
8629
8541
8630
8542
8631
8543
8632
8544
8633
8545
8634
8546
8635
8547
8636
8548
8637
8549
8638
8639
8551
8640
8552
8641
8553
8642
8554
8643
8555
8644
8556
8645
8557
8646
8558
8647
8559
8648
8560
8649
8561
8650
8562
8651
8563
8652
8564
8653
8565
8654
8566
8655
8567
8656
8568
8657
8569
8658
8570
8659
8571
8660
8572
8661
8573
8662
8574
8663
8575
8664
8576
8665
8577
8666
8578
8667
8579
8668
8580
8669
8581
8670
8582
8671
8583
8672
8584
8673
8585
8674
8586
8675
8587
8676
8588
8677
8589
8678
8590
8679
8591
8680
8592
8681
8593
8682
8594
8683
8595
8684
8596
8685
8597
8686
8598
8687
8599
8688
8600
8689
8601
8690
8602
8691
8603
8692
8604
8693
8605
8694
8606
8695
8607
8696
8608
8697
8609
8698
8610
8699
8611
8700
8612
8701
8613
8702
8614
8703
8615
8704
8616
8705
8617
8706
8618
8707
8619
8708
8620
8709
8621
8710
8622
8711
8623
8712
8624
8713
8625
8714
8626
8715
8627
8716
8628
8717
8629
8718
8630
8719
8631
8720
8632
8721
8633
8722
8634
8723
8635
8724
8636
8725
8637
8726
8638
8727
8639
8728
8729
8641
8730
8642
8731
8643
8732
8644
8733
8645
8734
8646
8735
8647
8736
8648
8737
8649
8738
8650
8739
8651
8740
8652
8741
8653
8742
8654
8743
8655
8744
8656
8745
8657
8746
8658
8747
8659
8748
8660
8749
8661
8750
8662
8751
8663
8752
8664
8753
8665
8754
8666
8755
8667
8756
8668
8757
8669
8758
8670
8759
8671
8760
8672
8761
8673
8762
8674
8763
8675
8764
8676
8765
8677
8766
8678
8767
8679
8768
8680
8769
8681
8770
8682
8771
8683
8772
8684
8773
8685
8774
8686
8775
8687
8776
8688
8777
8689
8778
8690
8779
8691
8780
8692
8781
8693
8782
8694
8783
8695
8784
8696
8785
8697
8786
8698
8787
8699
8788
8700
8789
8701
8790
8702
8791
8703
8792
8704
8793
8705
8794
8706
8795
8707
8796
8708
8797
8709
8798
8710
8799
8711
8800
8712
8801
8713
8802
8714
8803
8715
8804
8716
8805
8717
8806
8718
8807
8719
8808
8720
8809
8721
8810
8722
8811
8723
8812
8724
8813
8725
8814
8726
8815
8727
8816
8728
8817
8729
8818
8819
8731
8820
8732
8821
8733
8822
8734
8823
8735
8824
8736
8825
8737
8826
8738
8827
8739
8828
8740
8829
8741
8830
8742
8831
8743
8832
8744
8833
8745
8834
8746
8835
8747
8836
8748
8837
8749
8838
8750
8839
8751
8840
8752
8841
8753
8842
8754
8843
8755
8844
8756
8845
8757
8846
8758
8847
8759
8848
8760
8849
8761
8850
8762
8851
8763
8852
8764
8853
8765
8854
8766
8855
8767
8856
8768
8857
8769
8858
8770
8859
8771
8860
8772
8861
8773
8862
8774
8863
8775
8864
8776
8865
8777
8866
8778
8867
8779
8868
8780
8869
8781
8870
8782
8871
8783
8872
8784
8873
8785
8874
8786
8875
8787
8876
8788
8877
8789
8878
8790
8879
8791
8880
8792
8881
8793
8882
8794
8883
8795
8884
8796
8885
8797
8886
8798
8887
8799
8888
8800
8889
8801
8890
8802
8891
8803
8892
8804
8893
8805
8894
8806
8895
8807
8896
8808
8897
8809
8898
8810
8899
8811
8900
8812
8901
8813
8902
8814
8903
8815
8904
8816
8905
8817
8906
8818
8907
8819
8908
8909
8821
8910
8822
8911
8823
8912
8824
8913
8825
8914
8826
8915
8827
8916
8828
8917
8829
8918
8830
8919
8831
8920
8832
8921
8833
8922
8834
8923
8835
8924
8836
8925
8837
8926
8838
8927
8839
8928
8840
8929
8841
8930
8842
8931
8843
8932
8844
8933
8845
8934
8846
8935
8847
8936
8848
8937
8849
8938
8850
8939
8851
8940
8852
8941
8853
8942
8854
8943
8855
8944
8856
8945
8857
8946
8858
8947
8859
8948
8860
8949
8861
8950
8862
8951
8863
8952
8864
8953
8865
8954
8866
8955
8867
8956
8868
8957
8869
8958
8870
8959
8871
8960
8872
8961
8873
8962
8874
8963
8875
8964
8876
8965
8877
8966
8878
8967
8879
8968
8880
8969
8881
8970
8882
8971
8883
8972
8884
8973
8885
8974
8886
8975
8887
8976
8888
8977
8889
8978
8890
8979
8891
8980
8892
8981
8893
8982
8894
8983
8895
8984
8896
8985
8897
8986
8898
8987
8899
8988
8900
8989
8901
8990
8902
8991
8903
8992
8904
8993
8905
8994
8906
8995
8907
8996
8908
8997
8909
8998
8999
8911
9000
8912
9001
8913
9002
8914
9003
8915
9004
8916
9005
8917
9006
8918
9007
8919
9008
8920
9009
8921
9010
8922
9011
8923
9012
8924
9013
8925
9014
8926
9015
8927
9016
8928
9017
8929
9018
8930
9019
8931
9020
8932
9021
8933
9022
8934
9023
8935
9024
8936
9025
8937
9026
8938
9027
8939
9028
8940
9029
8941
9030
8942
9031
8943
9032
8944
9033
8945
9034
8946
9035
8947
9036
8948
9037
8949
9038
8950
9039
8951
9040
8952
9041
8953
9042
8954
9043
8955
9044
8956
9045
8957
9046
8958
9047
8959
9048
8960
9049
8961
9050
8962
9051
8963
9052
8964
9053
8965
9054
8966
9055
8967
9056
8968
9057
8969
9058
8970
9059
8971
9060
8972
9061
8973
9062
8974
9063
8975
9064
8976
9065
8977
9066
8978
9067
8979
9068
8980
9069
8981
9070
8982
9071
8983
9072
8984
9073
8985
9074
8986
9075
8987
9076
8988
9077
8989
9078
8990
9079
8991
9080
8992
9081
8993
9082
8994
9083
8995
9084
8996
9085
8997
9086
8998
9087
8999
9088
9089
9001
9090
9002
9091
9003
9092
9004
9093
9005
9094
9006
9095
9007
9096
9008
9097
9009
9098
9010
9099
9011
9100
9012
9101
9013
9102
9014
9103
9015
9104
9016
9105
9017
9106
9018
9107
9019
9108
9020
9109
9021
9110
9022
9111
9023
9112
9024
9113
9025
9114
9026
9115
9027
9116
9028
9117
9029
9118
9030
9119
9031
9120
9032
9121
9033
9122
9034
9123
9035
9124
9036
9125
9037
9126
9038
9127
9039
9128
9040
9129
9041
9130
9042
9131
9043
9132
9044
9133
9045
9134
9046
9135
9047
9136
9048
9137
9049
9138
9050
9139
9051
9140
9052
9141
9053
9142
9054
9143
9055
9144
9056
9145
9057
9146
9058
9147
9059
9148
9060
9149
9061
9150
9062
9151
9063
9152
9064
9153
9065
9154
9066
9155
9067
9156
9068
9157
9069
9158
9070
9159
9071
9160
9072
9161
9073
9162
9074
9163
9075
9164
9076
9165
9077
9166
9078
9167
9079
9168
9080
9169
9081
9170
9082
9171
9083
9172
9084
9173
9085
9174
9086
9175
9087
9176
9088
9177
9089
9178
9179
9091
9180
9092
9181
9093
9182
9094
9183
9095
9184
9096
9185
9097
9186
9098
9187
9099
9188
9100
9189
9101
9190
9102
9191
9103
9192
9104
9193
9105
9194
9106
9195
9107
9196
9108
9197
9109
9198
9110
9199
9111
9200
9112
9201
9113
9202
9114
9203
9115
9204
9116
9205
9117
9206
9118
9207
9119
9208
9120
9209
9121
9210
9122
9211
9123
9212
9124
9213
9125
9214
9126
9215
9127
9216
9128
9217
9129
9218
9130
9219
9131
9220
9132
9221
9133
9222
9134
9223
9135
9224
9136
9225
9137
9226
9138
9227
9139
9228
9140
9229
9141
9230
9142
9231
9143
9232
9144
9233
9145
9234
9146
9235
9147
9236
9148
9237
9149
9238
9150
9239
9151
9240
9152
9241
9153
9242
9154
9243
9155
9244
9156
9245
9157
9246
9158
9247
9159
9248
9160
9249
9161
9250
9162
9251
9163
9252
9164
9253
9165
9254
9166
9255
9167
9256
9168
9257
9169
9258
9170
9259
9171
9260
9172
9261
9173
9262
9174
9263
9175
9264
9176
9265
9177
9266
9178
9267
9179
9268
9269
9181
9270
9182
9271
9183
9272
9184
9273
9185
9274
9186
9275
9187
9276
9188
9277
9189
9278
9190
9279
9191
9280
9192
9281
9193
9282
9194
9283
9195
9284
9196
9285
9197
9286
9198
9287
9199
9288
9200
9289
9201
9290
9202
9291
9203
9292
9204
9293
9205
9294
9206
9295
9207
9296
9208
9297
9209
9298
9210
9299
9211
9300
9212
9301
9213
9302
9214
9303
9215
9304
9216
9305
9217
9306
9218
9307
9219
9308
9220
9309
9221
9310
9222
9311
9223
9312
9224
9313
9225
9314
9226
9315
9227
9316
9228
9317
9229
9318
9230
9319
9231
9320
9232
9321
9233
9322
9234
9323
9235
9324
9236
9325
9237
9326
9238
9327
9239
9328
9240
9329
9241
9330
9242
9331
9243
9332
9244
9333
9245
9334
9246
9335
9247
9336
9248
9337
9249
9338
9250
9339
9251
9340
9252
9341
9253
9342
9254
9343
9255
9344
9256
9345
9257
9346
9258
9347
9259
9348
9260
9349
9261
9350
9262
9351
9263
9352
9264
9353
9265
9354
9266
9355
9267
9356
9268
9357
9269
9358
9359
9271
9360
9272
9361
9273
9362
9274
9363
9275
9364
9276
9365
9277
9366
9278
9367
9279
9368
9280
9369
9281
9370
9282
9371
9283
9372
9284
9373
9285
9374
9286
9375
9287
9376
9288
9377
9289
9378
9290
9379
9291
9380
9292
9381
9293
9382
9294
9383
9295
9384
9296
9385
9297
9386
9298
9387
9299
9388
9300
9389
9301
9390
9302
9391
9303
9392
9304
9393
9305
9394
9306
9395
9307
9396
9308
9397
9309
9398
9310
9399
9311
9400
9312
9401
9313
9402
9314
9403
9315
9404
9316
9405
9317
9406
9318
9407
9319
9408
9320
9409
9321
9410
9322
9411
9323
9412
9324
9413
9325
9414
9326
9415
9327
9416
9328
9417
9329
9418
9330
9419
9331
9420
9332
9421
9333
9422
9334
9423
9335
9424
9336
9425
9337
9426
9338
9427
9339
9428
9340
9429
9341
9430
9342
9431
9343
9432
9344
9433
9345
9434
9346
9435
9347
9436
9348
9437
9349
9438
9350
9439
9351
9440
9352
9441
9353
9442
9354
9443
9355
9444
9356
9445
9357
9446
9358
9447
9359
9448
9449
9361
9450
9362
9451
9363
9452
9364
9453
9365
9454
9366
9455
9367
9456
9368
9457
9369
9458
9370
9459
9371
9460
9372
9461
9373
9462
9374
9463
9375
9464
9376
9465
9377
9466
9378
9467
9379
9468
9380
9469
9381
9470
9382
9471
9383
9472
9384
9473
9385
9474
9386
9475
9387
9476
9388
9477
9389
9478
9390
9479
9391
9480
9392
9481
9393
9482
9394
9483
9395
9484
9396
9485
9397
9486
9398
9487
9399
9488
9400
9489
9401
9490
9402
9491
9403
9492
9404
9493
9405
9494
9406
9495
9407
9496
9408
9497
9409
9498
9410
9499
9411
9500
9412
9501
9413
9502
9414
9503
9415
9504
9416
9505
9417
9506
9418
9507
9419
9508
9420
9509
9421
9510
9422
9511
9423
9512
9424
9513
9425
9514
9426
9515
9427
9516
9428
9517
9429
9518
9430
9519
9431
9520
9432
9521
9433
9522
9434
9523
9435
9524
9436
9525
9437
9526
9438
9527
9439
9528
9440
9529
9441
9530
9442
9531
9443
9532
9444
9533
9445
9534
9446
9535
9447
9536
9448
9537
9449
9538
9539
9451
9540
9452
9541
9453
9542
9454
9543
9455
9544
9456
9545
9457
9546
9458
9547
9459
9548
9460
9549
9461
9550
9462
9551
9463
9552
9464
9553
9465
9554
9466
9555
9467
9556
9468
9557
9469
9558
9470
9559
9471
9560
9472
9561
9473
9562
9474
9563
9475
9564
9476
9565
9477
9566
9478
9567
9479
9568
9480
9569
9481
9570
9482
9571
9483
9572
9484
9573
9485
9574
9486
9575
9487
9576
9488
9577
9489
9578
9490
9579
9491
9580
9492
9581
9493
9582
9494
9583
9495
9584
9496
9585
9497
9586
9498
9587
9499
9588
9500
9589
9501
9590
9502
9591
9503
9592
9504
9593
9505
9594
9506
9595
9507
9596
9508
9597
9509
9598
9510
9599
9511
9600
9512
9601
9513
9602
9514
9603
9515
9604
9516
9605
9517
9606
9518
9607
9519
9608
9520
9609
9521
9610
9522
9611
9523
9612
9524
9613
9525
9614
9526
9615
9527
9616
9528
9617
9529
9618
9530
9619
9531
9620
9532
9621
9533
9622
9534
9623
9535
9624
9536
9625
9537
9626
9538
9627
9539
9628
9629
9541
9630
9542
9631
9543
9632
9544
9633
9545
9634
9546
9635
9547
9636
9548
9637
9549
9638
9550
9639
9551
9640
9552
9641
9553
9642
9554
9643
9555
9644
9556
9645
9557
9646
9558
9647
9559
9648
9560
9649
9561
9650
9562
9651
9563
9652
9564
9653
9565
9654
9566
9655
9567
9656
9568
9657
9569
9658
9570
9659
9571
9660
9572
9661
9573
9662
9574
9663
9575
9664
9576
9665
9577
9666
9578
9667
9579
9668
9580
9669
9581
9670
9582
9671
9583
9672
9584
9673
9585
9674
9586
9675
9587
9676
9588
9677
9589
9678
9590
9679
9591
9680
9592
9681
9593
9682
9594
9683
9595
9684
9596
9685
9597
9686
9598
9687
9599
9688
9600
9689
9601
9690
9602
9691
9603
9692
9604
9693
9605
9694
9606
9695
9607
9696
9608
9697
9609
9698
9610
9699
9611
9700
9612
9701
9613
9702
9614
9703
9615
9704
9616
9705
9617
9706
9618
9707
9619
9708
9620
9709
9621
9710
9622
9711
9623
9712
9624
9713
9625
9714
9626
9715
9627
9716
9628
9717
9629
9718
9719
9631
9720
9632
9721
9633
9722
9634
9723
9635
9724
9636
9725
9637
9726
9638
9727
9639
9728
9640
9729
9641
9730
9642
9731
9643
9732
9644
9733
9645
9734
9646
9735
9647
9736
9648
9737
9649
9738
9650
9739
9651
9740
9652
9741
9653
9742
9654
9743
9655
9744
9656
9745
9657
9746
9658
9747
9659
9748
9660
9749
9661
9750
9662
9751
9663
9752
9664
9753
9665
9754
9666
9755
9667
9756
9668
9757
9669
9758
9670
9759
9671
9760
9672
9761
9673
9762
9674
9763
9675
9764
9676
9765
9677
9766
9678
9767
9679
9768
9680
9769
9681
9770
9682
9771
9683
9772
9684
9773
9685
9774
9686
9775
9687
9776
9688
9777
9689
9778
9690
9779
9691
9780
9692
9781
9693
9782
9694
9783
9695
9784
9696
9785
9697
9786
9698
9787
9699
9788
9700
9789
9701
9790
9702
9791
9703
9792
9704
9793
9705
9794
9706
9795
9707
9796
9708
9797
9709
9798
9710
9799
9711
9800
9712
9801
9713
9802
9714
9803
9715
9804
9716
9805
9717
9806
9718
9807
9719
9808
9809
9721
9810
9722
9811
9723
9812
9724
9813
9725
9814
9726
9815
9727
9816
9728
9817
9729
9818
9730
9819
9731
9820
9732
9821
9733
9822
9734
9823
9735
9824
9736
9825
9737
9826
9738
9827
9739
9828
9740
9829
9741
9830
9742
9831
9743
9832
9744
9833
9745
9834
9746
9835
9747
9836
9748
9837
9749
9838
9750
9839
9751
9840
9752
9841
9753
9842
9754
9843
9755
9844
9756
9845
9757
9846
9758
9847
9759
9848
9760
9849
9761
9850
9762
9851
9763
9852
9764
9853
9765
9854
9766
9855
9767
9856
9768
9857
9769
9858
9770
9859
9771
9860
9772
9861
9773
9862
9774
9863
9775
9864
9776
9865
9777
9866
9778
9867
9779
9868
9780
9869
9781
9870
9782
9871
9783
9872
9784
9873
9785
9874
9786
9875
9787
9876
9788
9877
9789
9878
9790
9879
9791
9880
9792
9881
9793
9882
9794
9883
9795
9884
9796
9885
9797
9886
9798
9887
9799
9888
9800
9889
9801
9890
9802
9891
9803
9892
9804
9893
9805
9894
9806
9895
9807
9896
9808
9897
9809
9898
9899
9811
9900
9812
9901
9813
9902
9814
9903
9815
9904
9816
9905
9817
9906
9818
9907
9819
9908
9820
9909
9821
9910
9822
9911
9823
9912
9824
9913
9825
9914
9826
9915
9827
9916
9828
9917
9829
9918
9830
9919
9831
9920
9832
9921
9833
9922
9834
9923
9835
9924
9836
9925
9837
9926
9838
9927
9839
9928
9840
9929
9841
9930
9842
9931
9843
9932
9844
9933
9845
9934
9846
9935
9847
9936
9848
9937
9849
9938
9850
9939
9851
9940
9852
9941
9853
9942
9854
9943
9855
9944
9856
9945
9857
9946
9858
9947
9859
9948
9860
9949
9861
9950
9862
9951
9863
9952
9864
9953
9865
9954
9866
9955
9867
9956
9868
9957
9869
9958
9870
9959
9871
9960
9872
9961
9873
9962
9874
9963
9875
9964
9876
9965
9877
9966
9878
9967
9879
9968
9880
9969
9881
9970
9882
9971
9883
9972
9884
9973
9885
9974
9886
9975
9887
9976
9888
9977
9889
9978
9890
9979
9891
9980
9892
9981
9893
9982
9894
9983
9895
9984
9896
9985
9897
9986
9898
9987
9899
9988
9989
9901
9990
9902
9991
9903
9992
9904
9993
9905
9994
9906
9995
9907
9996
9908
9997
9909
9998
9910
9999
9911
10000
9912
10001
9913
10002
9914
10003
9915
10004
9916
10005
9917
10006
9918
10007
9919
10008
9920
10009
9921
10010
9922
10011
9923
10012
9924
10013
9925
10014
9926
10015
9927
10016
9928
10017
9929
10018
9930
10019
9931
10020
9932
10021
9933
10022
9934
10023
9935
10024
9936
10025
9937
10026
9938
10027
9939
10028
9940
10029
9941
10030
9942
10031
9943
10032
9944
10033
9945
10034
9946
10035
9947
10036
9948
10037
9949
10038
9950
10039
9951
10040
9952
10041
9953
10042
9954
10043
9955
10044
9956
10045
9957
10046
9958
10047
9959
10048
9960
10049
9961
10050
9962
10051
9963
10052
9964
10053
9965
10054
9966
10055
9967
10056
9968
10057
9969
10058
9970
10059
9971
10060
9972
10061
9973
10062
9974
10063
9975
10064
9976
10065
9977
10066
9978
10067
9979
10068
9980
10069
9981
10070
9982
10071
9983
10072
9984
10073
9985
10074
9986
10075
9987
10076
9988
10077
9989
10078
10079
9991
10080
9992
10081
9993
10082
9994
10083
9995
10084
9996
10085
9997
10086
9998
10087
9999
10088
10000
10089
10001
10090
10002
10091
10003
10092
10004
10093
10005
10094
10006
10095
10007
10096
10008
10097
10009
10098
10010
10099
10011
10100
10012
10101
10013
10102
10014
10103
10015
10104
10016
10105
10017
10106
10018
10107
10019
10108
10020
10109
10021
10110
10022
10111
10023
10112
10024
10113
10025
10114
10026
10115
10027
10116
10028
10117
10029
10118
10030
10119
10031
10120
10032
10121
10033
10122
10034
10123
10035
10124
10036
10125
10037
10126
10038
10127
10039
10128
10040
10129
10041
10130
10042
10131
10043
10132
10044
10133
10045
10134
10046
10135
10047
10136
10048
10137
10049
10138
10050
10139
10051
10140
10052
10141
10053
10142
10054
10143
10055
10144
10056
10145
10057
10146
10058
10147
10059
10148
10060
10149
10061
10150
10062
10151
10063
10152
10064
10153
10065
10154
10066
10155
10067
10156
10068
10157
10069
10158
10070
10159
10071
10160
10072
10161
10073
10162
10074
10163
10075
10164
10076
10165
10077
10166
10078
10167
10079
10168
10169
10081
10170
10082
10171
10083
10172
10084
10173
10085
10174
10086
10175
10087
10176
10088
10177
10089
10178
10090
10179
10091
10180
10092
10181
10093
10182
10094
10183
10095
10184
10096
10185
10097
10186
10098
10187
10099
10188
10100
10189
10101
10190
10102
10191
10103
10192
10104
10193
10105
10194
10106
10195
10107
10196
10108
10197
10109
10198
10110
10199
10111
10200
10112
10201
10113
10202
10114
10203
10115
10204
10116
10205
10117
10206
10118
10207
10119
10208
10120
10209
10121
10210
10122
10211
10123
10212
10124
10213
10125
10214
10126
10215
10127
10216
10128
10217
10129
10218
10130
10219
10131
10220
10132
10221
10133
10222
10134
10223
10135
10224
10136
10225
10137
10226
10138
10227
10139
10228
10140
10229
10141
10230
10142
10231
10143
10232
10144
10233
10145
10234
10146
10235
10147
10236
10148
10237
10149
10238
10150
10239
10151
10240
10152
10241
10153
10242
10154
10243
10155
10244
10156
10245
10157
10246
10158
10247
10159
10248
10160
10249
10161
10250
10162
10251
10163
10252
10164
10253
10165
10254
10166
10255
10167
10256
10168
10257
10169
10258
10259
10171
10260
10172
10261
10173
10262
10174
10263
10175
10264
10176
10265
10177
10266
10178
10267
10179
10268
10180
10269
10181
10270
10182
10271
10183
10272
10184
10273
10185
10274
10186
10275
10187
10276
10188
10277
10189
10278
10190
10279
10191
10280
10192
10281
10193
10282
10194
10283
10195
10284
10196
10285
10197
10286
10198
10287
10199
10288
10200
10289
10201
10290
10202
10291
10203
10292
10204
10293
10205
10294
10206
10295
10207
10296
10208
10297
10209
10298
10210
10299
10211
10300
10212
10301
10213
10302
10214
10303
10215
10304
10216
10305
10217
10306
10218
10307
10219
10308
10220
10309
10221
10310
10222
10311
10223
10312
10224
10313
10225
10314
10226
10315
10227
10316
10228
10317
10229
10318
10230
10319
10231
10320
10232
10321
10233
10322
10234
10323
10235
10324
10236
10325
10237
10326
10238
10327
10239
10328
10240
10329
10241
10330
10242
10331
10243
10332
10244
10333
10245
10334
10246
10335
10247
10336
10248
10337
10249
10338
10250
10339
10251
10340
10252
10341
10253
10342
10254
10343
10255
10344
10256
10345
10257
10346
10258
10347
10259
10348
10349
10261
10350
10262
10351
10263
10352
10264
10353
10265
10354
10266
10355
10267
10356
10268
10357
10269
10358
10270
10359
10271
10360
10272
10361
10273
10362
10274
10363
10275
10364
10276
10365
10277
10366
10278
10367
10279
10368
10280
10369
10281
10370
10282
10371
10283
10372
10284
10373
10285
10374
10286
10375
10287
10376
10288
10377
10289
10378
10290
10379
10291
10380
10292
10381
10293
10382
10294
10383
10295
10384
10296
10385
10297
10386
10298
10387
10299
10388
10300
10389
10301
10390
10302
10391
10303
10392
10304
10393
10305
10394
10306
10395
10307
10396
10308
10397
10309
10398
10310
10399
10311
10400
10312
10401
10313
10402
10314
10403
10315
10404
10316
10405
10317
10406
10318
10407
10319
10408
10320
10409
10321
10410
10322
10411
10323
10412
10324
10413
10325
10414
10326
10415
10327
10416
10328
10417
10329
10418
10330
10419
10331
10420
10332
10421
10333
10422
10334
10423
10335
10424
10336
10425
10337
10426
10338
10427
10339
10428
10340
10429
10341
10430
10342
10431
10343
10432
10344
10433
10345
10434
10346
10435
10347
10436
10348
10437
10349
10438
10439
10351
10440
10352
10441
10353
10442
10354
10443
10355
10444
10356
10445
10357
10446
10358
10447
10359
10448
10360
10449
10361
10450
10362
10451
10363
10452
10364
10453
10365
10454
10366
10455
10367
10456
10368
10457
10369
10458
10370
10459
10371
10460
10372
10461
10373
10462
10374
10463
10375
10464
10376
10465
10377
10466
10378
10467
10379
10468
10380
10469
10381
10470
10382
10471
10383
10472
10384
10473
10385
10474
10386
10475
10387
10476
10388
10477
10389
10478
10390
10479
10391
10480
10392
10481
10393
10482
10394
10483
10395
10484
10396
10485
10397
10486
10398
10487
10399
10488
10400
10489
10401
10490
10402
10491
10403
10492
10404
10493
10405
10494
10406
10495
10407
10496
10408
10497
10409
10498
10410
10499
10411
10500
10412
10501
10413
10502
10414
10503
10415
10504
10416
10505
10417
10506
10418
10507
10419
10508
10420
10509
10421
10510
10422
10511
10423
10512
10424
10513
10425
10514
10426
10515
10427
10516
10428
10517
10429
10518
10430
10519
10431
10520
10432
10521
10433
10522
10434
10523
10435
10524
10436
10525
10437
10526
10438
10527
10439
10528
10529
10441
10530
10442
10531
10443
10532
10444
10533
10445
10534
10446
10535
10447
10536
10448
10537
10449
10538
10450
10539
10451
10540
10452
10541
10453
10542
10454
10543
10455
10544
10456
10545
10457
10546
10458
10547
10459
10548
10460
10549
10461
10550
10462
10551
10463
10552
10464
10553
10465
10554
10466
10555
10467
10556
10468
10557
10469
10558
10470
10559
10471
10560
10472
10561
10473
10562
10474
10563
10475
10564
10476
10565
10477
10566
10478
10567
10479
10568
10480
10569
10481
10570
10482
10571
10483
10572
10484
10573
10485
10574
10486
10575
10487
10576
10488
10577
10489
10578
10490
10579
10491
10580
10492
10581
10493
10582
10494
10583
10495
10584
10496
10585
10497
10586
10498
10587
10499
10588
10500
10589
10501
10590
10502
10591
10503
10592
10504
10593
10505
10594
10506
10595
10507
10596
10508
10597
10509
10598
10510
10599
10511
10600
10512
10601
10513
10602
10514
10603
10515
10604
10516
10605
10517
10606
10518
10607
10519
10608
10520
10609
10521
10610
10522
10611
10523
10612
10524
10613
10525
10614
10526
10615
10527
10616
10528
10617
10529
10618
10619
10531
10620
10532
10621
10533
10622
10534
10623
10535
10624
10536
10625
10537
10626
10538
10627
10539
10628
10540
10629
10541
10630
10542
10631
10543
10632
10544
10633
10545
10634
10546
10635
10547
10636
10548
10637
10549
10638
10550
10639
10551
10640
10552
10641
10553
10642
10554
10643
10555
10644
10556
10645
10557
10646
10558
10647
10559
10648
10560
10649
10561
10650
10562
10651
10563
10652
10564
10653
10565
10654
10566
10655
10567
10656
10568
10657
10569
10658
10570
10659
10571
10660
10572
10661
10573
10662
10574
10663
10575
10664
10576
10665
10577
10666
10578
10667
10579
10668
10580
10669
10581
10670
10582
10671
10583
10672
10584
10673
10585
10674
10586
10675
10587
10676
10588
10677
10589
10678
10590
10679
10591
10680
10592
10681
10593
10682
10594
10683
10595
10684
10596
10685
10597
10686
10598
10687
10599
10688
10600
10689
10601
10690
10602
10691
10603
10692
10604
10693
10605
10694
10606
10695
10607
10696
10608
10697
10609
10698
10610
10699
10611
10700
10612
10701
10613
10702
10614
10703
10615
10704
10616
10705
10617
10706
10618
10707
10619
10708
10709
10621
10710
10622
10711
10623
10712
10624
10713
10625
10714
10626
10715
10627
10716
10628
10717
10629
10718
10630
10719
10631
10720
10632
10721
10633
10722
10634
10723
10635
10724
10636
10725
10637
10726
10638
10727
10639
10728
10640
10729
10641
10730
10642
10731
10643
10732
10644
10733
10645
10734
10646
10735
10647
10736
10648
10737
10649
10738
10650
10739
10651
10740
10652
10741
10653
10742
10654
10743
10655
10744
10656
10745
10657
10746
10658
10747
10659
10748
10660
10749
10661
10750
10662
10751
10663
10752
10664
10753
10665
10754
10666
10755
10667
10756
10668
10757
10669
10758
10670
10759
10671
10760
10672
10761
10673
10762
10674
10763
10675
10764
10676
10765
10677
10766
10678
10767
10679
10768
10680
10769
10681
10770
10682
10771
10683
10772
10684
10773
10685
10774
10686
10775
10687
10776
10688
10777
10689
10778
10690
10779
10691
10780
10692
10781
10693
10782
10694
10783
10695
10784
10696
10785
10697
10786
10698
10787
10699
10788
10700
10789
10701
10790
10702
10791
10703
10792
10704
10793
10705
10794
10706
10795
10707
10796
10708
10797
10709
10798
10799
10711
10800
10712
10801
10713
10802
10714
10803
10715
10804
10716
10805
10717
10806
10718
10807
10719
10808
10720
10809
10721
10810
10722
10811
10723
10812
10724
10813
10725
10814
10726
10815
10727
10816
10728
10817
10729
10818
10730
10819
10731
10820
10732
10821
10733
10822
10734
10823
10735
10824
10736
10825
10737
10826
10738
10827
10739
10828
10740
10829
10741
10830
10742
10831
10743
10832
10744
10833
10745
10834
10746
10835
10747
10836
10748
10837
10749
10838
10750
10839
10751
10840
10752
10841
10753
10842
10754
10843
10755
10844
10756
10845
10757
10846
10758
10847
10759
10848
10760
10849
10761
10850
10762
10851
10763
10852
10764
10853
10765
10854
10766
10855
10767
10856
10768
10857
10769
10858
10770
10859
10771
10860
10772
10861
10773
10862
10774
10863
10775
10864
10776
10865
10777
10866
10778
10867
10779
10868
10780
10869
10781
10870
10782
10871
10783
10872
10784
10873
10785
10874
10786
10875
10787
10876
10788
10877
10789
10878
10790
10879
10791
10880
10792
10881
10793
10882
10794
10883
10795
10884
10796
10885
10797
10886
10798
10887
10799
10888
10889
10801
10890
10802
10891
10803
10892
10804
10893
10805
10894
10806
10895
10807
10896
10808
10897
10809
10898
10810
10899
10811
10900
10812
10901
10813
10902
10814
10903
10815
10904
10816
10905
10817
10906
10818
10907
10819
10908
10820
10909
10821
10910
10822
10911
10823
10912
10824
10913
10825
10914
10826
10915
10827
10916
10828
10917
10829
10918
10830
10919
10831
10920
10832
10921
10833
10922
10834
10923
10835
10924
10836
10925
10837
10926
10838
10927
10839
10928
10840
10929
10841
10930
10842
10931
10843
10932
10844
10933
10845
10934
10846
10935
10847
10936
10848
10937
10849
10938
10850
10939
10851
10940
10852
10941
10853
10942
10854
10943
10855
10944
10856
10945
10857
10946
10858
10947
10859
10948
10860
10949
10861
10950
10862
10951
10863
10952
10864
10953
10865
10954
10866
10955
10867
10956
10868
10957
10869
10958
10870
10959
10871
10960
10872
10961
10873
10962
10874
10963
10875
10964
10876
10965
10877
10966
10878
10967
10879
10968
10880
10969
10881
10970
10882
10971
10883
10972
10884
10973
10885
10974
10886
10975
10887
10976
10888
10977
10889
10978
10979
10891
10980
10892
10981
10893
10982
10894
10983
10895
10984
10896
10985
10897
10986
10898
10987
10899
10988
10900
10989
10901
10990
10902
10991
10903
10992
10904
10993
10905
10994
10906
10995
10907
10996
10908
10997
10909
10998
10910
10999
10911
11000
10912
11001
10913
11002
10914
11003
10915
11004
10916
11005
10917
11006
10918
11007
10919
11008
10920
11009
10921
11010
10922
11011
10923
11012
10924
11013
10925
11014
10926
11015
10927
11016
10928
11017
10929
11018
10930
11019
10931
11020
10932
11021
10933
11022
10934
11023
10935
11024
10936
11025
10937
11026
10938
11027
10939
11028
10940
11029
10941
11030
10942
11031
10943
11032
10944
11033
10945
11034
10946
11035
10947
11036
10948
11037
10949
11038
10950
11039
10951
11040
10952
11041
10953
11042
10954
11043
10955
11044
10956
11045
10957
11046
10958
11047
10959
11048
10960
11049
10961
11050
10962
11051
10963
11052
10964
11053
10965
11054
10966
11055
10967
11056
10968
11057
10969
11058
10970
11059
10971
11060
10972
11061
10973
11062
10974
11063
10975
11064
10976
11065
10977
11066
10978
11067
10979
11068
11069
10981
11070
10982
11071
10983
11072
10984
11073
10985
11074
10986
11075
10987
11076
10988
11077
10989
11078
10990
11079
10991
11080
10992
11081
10993
11082
10994
11083
10995
11084
10996
11085
10997
11086
10998
11087
10999
11088
11000
11089
11001
11090
11002
11091
11003
11092
11004
11093
11005
11094
11006
11095
11007
11096
11008
11097
11009
11098
11010
11099
11011
11100
11012
11101
11013
11102
11014
11103
11015
11104
11016
11105
11017
11106
11018
11107
11019
11108
11020
11109
11021
11110
11022
11111
11023
11112
11024
11113
11025
11114
11026
11115
11027
11116
11028
11117
11029
11118
11030
11119
11031
11120
11032
11121
11033
11122
11034
11123
11035
11124
11036
11125
11037
11126
11038
11127
11039
11128
11040
11129
11041
11130
11042
11131
11043
11132
11044
11133
11045
11134
11046
11135
11047
11136
11048
11137
11049
11138
11050
11139
11051
11140
11052
11141
11053
11142
11054
11143
11055
11144
11056
11145
11057
11146
11058
11147
11059
11148
11060
11149
11061
11150
11062
11151
11063
11152
11064
11153
11065
11154
11066
11155
11067
11156
11068
11157
11069
11158
11159
11071
11160
11072
11161
11073
11162
11074
11163
11075
11164
11076
11165
11077
11166
11078
11167
11079
11168
11080
11169
11081
11170
11082
11171
11083
11172
11084
11173
11085
11174
11086
11175
11087
11176
11088
11177
11089
11178
11090
11179
11091
11180
11092
11181
11093
11182
11094
11183
11095
11184
11096
11185
11097
11186
11098
11187
11099
11188
11100
11189
11101
11190
11102
11191
11103
11192
11104
11193
11105
11194
11106
11195
11107
11196
11108
11197
11109
11198
11110
11199
11111
11200
11112
11201
11113
11202
11114
11203
11115
11204
11116
11205
11117
11206
11118
11207
11119
11208
11120
11209
11121
11210
11122
11211
11123
11212
11124
11213
11125
11214
11126
11215
11127
11216
11128
11217
11129
11218
11130
11219
11131
11220
11132
11221
11133
11222
11134
11223
11135
11224
11136
11225
11137
11226
11138
11227
11139
11228
11140
11229
11141
11230
11142
11231
11143
11232
11144
11233
11145
11234
11146
11235
11147
11236
11148
11237
11149
11238
11150
11239
11151
11240
11152
11241
11153
11242
11154
11243
11155
11244
11156
11245
11157
11246
11158
11247
11159
11248
11249
11161
11250
11162
11251
11163
11252
11164
11253
11165
11254
11166
11255
11167
11256
11168
11257
11169
11258
11170
11259
11171
11260
11172
11261
11173
11262
11174
11263
11175
11264
11176
11265
11177
11266
11178
11267
11179
11268
11180
11269
11181
11270
11182
11271
11183
11272
11184
11273
11185
11274
11186
11275
11187
11276
11188
11277
11189
11278
11190
11279
11191
11280
11192
11281
11193
11282
11194
11283
11195
11284
11196
11285
11197
11286
11198
11287
11199
11288
11200
11289
11201
11290
11202
11291
11203
11292
11204
11293
11205
11294
11206
11295
11207
11296
11208
11297
11209
11298
11210
11299
11211
11300
11212
11301
11213
11302
11214
11303
11215
11304
11216
11305
11217
11306
11218
11307
11219
11308
11220
11309
11221
11310
11222
11311
11223
11312
11224
11313
11225
11314
11226
11315
11227
11316
11228
11317
11229
11318
11230
11319
11231
11320
11232
11321
11233
11322
11234
11323
11235
11324
11236
11325
11237
11326
11238
11327
11239
11328
11240
11329
11241
11330
11242
11331
11243
11332
11244
11333
11245
11334
11246
11335
11247
11336
11248
11337
11249
11338
11339
11251
11340
11252
11341
11253
11342
11254
11343
11255
11344
11256
11345
11257
11346
11258
11347
11259
11348
11260
11349
11261
11350
11262
11351
11263
11352
11264
11353
11265
11354
11266
11355
11267
11356
11268
11357
11269
11358
11270
11359
11271
11360
11272
11361
11273
11362
11274
11363
11275
11364
11276
11365
11277
11366
11278
11367
11279
11368
11280
11369
11281
11370
11282
11371
11283
11372
11284
11373
11285
11374
11286
11375
11287
11376
11288
11377
11289
11378
11290
11379
11291
11380
11292
11381
11293
11382
11294
11383
11295
11384
11296
11385
11297
11386
11298
11387
11299
11388
11300
11389
11301
11390
11302
11391
11303
11392
11304
11393
11305
11394
11306
11395
11307
11396
11308
11397
11309
11398
11310
11399
11311
11400
11312
11401
11313
11402
11314
11403
11315
11404
11316
11405
11317
11406
11318
11407
11319
11408
11320
11409
11321
11410
11322
11411
11323
11412
11324
11413
11325
11414
11326
11415
11327
11416
11328
11417
11329
11418
11330
11419
11331
11420
11332
11421
11333
11422
11334
11423
11335
11424
11336
11425
11337
11426
11338
11427
11339
11428
11429
11341
11430
11342
11431
11343
11432
11344
11433
11345
11434
11346
11435
11347
11436
11348
11437
11349
11438
11350
11439
11351
11440
11352
11441
11353
11442
11354
11443
11355
11444
11356
11445
11357
11446
11358
11447
11359
11448
11360
11449
11361
11450
11362
11451
11363
11452
11364
11453
11365
11454
11366
11455
11367
11456
11368
11457
11369
11458
11370
11459
11371
11460
11372
11461
11373
11462
11374
11463
11375
11464
11376
11465
11377
11466
11378
11467
11379
11468
11380
11469
11381
11470
11382
11471
11383
11472
11384
11473
11385
11474
11386
11475
11387
11476
11388
11477
11389
11478
11390
11479
11391
11480
11392
11481
11393
11482
11394
11483
11395
11484
11396
11485
11397
11486
11398
11487
11399
11488
11400
11489
11401
11490
11402
11491
11403
11492
11404
11493
11405
11494
11406
11495
11407
11496
11408
11497
11409
11498
11410
11499
11411
11500
11412
11501
11413
11502
11414
11503
11415
11504
11416
11505
11417
11506
11418
11507
11419
11508
11420
11509
11421
11510
11422
11511
11423
11512
11424
11513
11425
11514
11426
11515
11427
11516
11428
11517
11429
11518
11519
11431
11520
11432
11521
11433
11522
11434
11523
11435
11524
11436
11525
11437
11526
11438
11527
11439
11528
11440
11529
11441
11530
11442
11531
11443
11532
11444
11533
11445
11534
11446
11535
11447
11536
11448
11537
11449
11538
11450
11539
11451
11540
11452
11541
11453
11542
11454
11543
11455
11544
11456
11545
11457
11546
11458
11547
11459
11548
11460
11549
11461
11550
11462
11551
11463
11552
11464
11553
11465
11554
11466
11555
11467
11556
11468
11557
11469
11558
11470
11559
11471
11560
11472
11561
11473
11562
11474
11563
11475
11564
11476
11565
11477
11566
11478
11567
11479
11568
11480
11569
11481
11570
11482
11571
11483
11572
11484
11573
11485
11574
11486
11575
11487
11576
11488
11577
11489
11578
11490
11579
11491
11580
11492
11581
11493
11582
11494
11583
11495
11584
11496
11585
11497
11586
11498
11587
11499
11588
11500
11589
11501
11590
11502
11591
11503
11592
11504
11593
11505
11594
11506
11595
11507
11596
11508
11597
11509
11598
11510
11599
11511
11600
11512
11601
11513
11602
11514
11603
11515
11604
11516
11605
11517
11606
11518
11607
11519
11608
11609
11521
11610
11522
11611
11523
11612
11524
11613
11525
11614
11526
11615
11527
11616
11528
11617
11529
11618
11530
11619
11531
11620
11532
11621
11533
11622
11534
11623
11535
11624
11536
11625
11537
11626
11538
11627
11539
11628
11540
11629
11541
11630
11542
11631
11543
11632
11544
11633
11545
11634
11546
11635
11547
11636
11548
11637
11549
11638
11550
11639
11551
11640
11552
11641
11553
11642
11554
11643
11555
11644
11556
11645
11557
11646
11558
11647
11559
11648
11560
11649
11561
11650
11562
11651
11563
11652
11564
11653
11565
11654
11566
11655
11567
11656
11568
11657
11569
11658
11570
11659
11571
11660
11572
11661
11573
11662
11574
11663
11575
11664
11576
11665
11577
11666
11578
11667
11579
11668
11580
11669
11581
11670
11582
11671
11583
11672
11584
11673
11585
11674
11586
11675
11587
11676
11588
11677
11589
11678
11590
11679
11591
11680
11592
11681
11593
11682
11594
11683
11595
11684
11596
11685
11597
11686
11598
11687
11599
11688
11600
11689
11601
11690
11602
11691
11603
11692
11604
11693
11605
11694
11606
11695
11607
11696
11608
11697
11609
11698
11699
11611
11700
11612
11701
11613
11702
11614
11703
11615
11704
11616
11705
11617
11706
11618
11707
11619
11708
11620
11709
11621
11710
11622
11711
11623
11712
11624
11713
11625
11714
11626
11715
11627
11716
11628
11717
11629
11718
11630
11719
11631
11720
11632
11721
11633
11722
11634
11723
11635
11724
11636
11725
11637
11726
11638
11727
11639
11728
11640
11729
11641
11730
11642
11731
11643
11732
11644
11733
11645
11734
11646
11735
11647
11736
11648
11737
11649
11738
11650
11739
11651
11740
11652
11741
11653
11742
11654
11743
11655
11744
11656
11745
11657
11746
11658
11747
11659
11748
11660
11749
11661
11750
11662
11751
11663
11752
11664
11753
11665
11754
11666
11755
11667
11756
11668
11757
11669
11758
11670
11759
11671
11760
11672
11761
11673
11762
11674
11763
11675
11764
11676
11765
11677
11766
11678
11767
11679
11768
11680
11769
11681
11770
11682
11771
11683
11772
11684
11773
11685
11774
11686
11775
11687
11776
11688
11777
11689
11778
11690
11779
11691
11780
11692
11781
11693
11782
11694
11783
11695
11784
11696
11785
11697
11786
11698
11787
11699
11788
11789
11701
11790
11702
11791
11703
11792
11704
11793
11705
11794
11706
11795
11707
11796
11708
11797
11709
11798
11710
11799
11711
11800
11712
11801
11713
11802
11714
11803
11715
11804
11716
11805
11717
11806
11718
11807
11719
11808
11720
11809
11721
11810
11722
11811
11723
11812
11724
11813
11725
11814
11726
11815
11727
11816
11728
11817
11729
11818
11730
11819
11731
11820
11732
11821
11733
11822
11734
11823
11735
11824
11736
11825
11737
11826
11738
11827
11739
11828
11740
11829
11741
11830
11742
11831
11743
11832
11744
11833
11745
11834
11746
11835
11747
11836
11748
11837
11749
11838
11750
11839
11751
11840
11752
11841
11753
11842
11754
11843
11755
11844
11756
11845
11757
11846
11758
11847
11759
11848
11760
11849
11761
11850
11762
11851
11763
11852
11764
11853
11765
11854
11766
11855
11767
11856
11768
11857
11769
11858
11770
11859
11771
11860
11772
11861
11773
11862
11774
11863
11775
11864
11776
11865
11777
11866
11778
11867
11779
11868
11780
11869
11781
11870
11782
11871
11783
11872
11784
11873
11785
11874
11786
11875
11787
11876
11788
11877
11789
11878
11879
11791
11880
11792
11881
11793
11882
11794
11883
11795
11884
11796
11885
11797
11886
11798
11887
11799
11888
11800
11889
11801
11890
11802
11891
11803
11892
11804
11893
11805
11894
11806
11895
11807
11896
11808
11897
11809
11898
11810
11899
11811
11900
11812
11901
11813
11902
11814
11903
11815
11904
11816
11905
11817
11906
11818
11907
11819
11908
11820
11909
11821
11910
11822
11911
11823
11912
11824
11913
11825
11914
11826
11915
11827
11916
11828
11917
11829
11918
11830
11919
11831
11920
11832
11921
11833
11922
11834
11923
11835
11924
11836
11925
11837
11926
11838
11927
11839
11928
11840
11929
11841
11930
11842
11931
11843
11932
11844
11933
11845
11934
11846
11935
11847
11936
11848
11937
11849
11938
11850
11939
11851
11940
11852
11941
11853
11942
11854
11943
11855
11944
11856
11945
11857
11946
11858
11947
11859
11948
11860
11949
11861
11950
11862
11951
11863
11952
11864
11953
11865
11954
11866
11955
11867
11956
11868
11957
11869
11958
11870
11959
11871
11960
11872
11961
11873
11962
11874
11963
11875
11964
11876
11965
11877
11966
11878
11967
11879
11968
11969
11881
11970
11882
11971
11883
11972
11884
11973
11885
11974
11886
11975
11887
11976
11888
11977
11889
11978
11890
11979
11891
11980
11892
11981
11893
11982
11894
11983
11895
11984
11896
11985
11897
11986
11898
11987
11899
11988
11900
11989
11901
11990
11902
11991
11903
11992
11904
11993
11905
11994
11906
11995
11907
11996
11908
11997
11909
11998
11910
11999
11911
12000
11912
12001
11913
12002
11914
12003
11915
12004
11916
12005
11917
12006
11918
12007
11919
12008
11920
12009
11921
12010
11922
12011
11923
12012
11924
12013
11925
12014
11926
12015
11927
12016
11928
12017
11929
12018
11930
12019
11931
12020
11932
12021
11933
12022
11934
12023
11935
12024
11936
12025
11937
12026
11938
12027
11939
12028
11940
12029
11941
12030
11942
12031
11943
12032
11944
12033
11945
12034
11946
12035
11947
12036
11948
12037
11949
12038
11950
12039
11951
12040
11952
12041
11953
12042
11954
12043
11955
12044
11956
12045
11957
12046
11958
12047
11959
12048
11960
12049
11961
12050
11962
12051
11963
12052
11964
12053
11965
12054
11966
12055
11967
12056
11968
12057
11969
12058
12059
11971
12060
11972
12061
11973
12062
11974
12063
11975
12064
11976
12065
11977
12066
11978
12067
11979
12068
11980
12069
11981
12070
11982
12071
11983
12072
11984
12073
11985
12074
11986
12075
11987
12076
11988
12077
11989
12078
11990
12079
11991
12080
11992
12081
11993
12082
11994
12083
11995
12084
11996
12085
11997
12086
11998
12087
11999
12088
12000
12089
12001
12090
12002
12091
12003
12092
12004
12093
12005
12094
12006
12095
12007
12096
12008
12097
12009
12098
12010
12099
12011
12100
12012
12101
12013
12102
12014
12103
12015
12104
12016
12105
12017
12106
12018
12107
12019
12108
12020
12109
12021
12110
12022
12111
12023
12112
12024
12113
12025
12114
12026
12115
12027
12116
12028
12117
12029
12118
12030
12119
12031
12120
12032
12121
12033
12122
12034
12123
12035
12124
12036
12125
12037
12126
12038
12127
12039
12128
12040
12129
12041
12130
12042
12131
12043
12132
12044
12133
12045
12134
12046
12135
12047
12136
12048
12137
12049
12138
12050
12139
12051
12140
12052
12141
12053
12142
12054
12143
12055
12144
12056
12145
12057
12146
12058
12147
12059
12148
12149
12061
12150
12062
12151
12063
12152
12064
12153
12065
12154
12066
12155
12067
12156
12068
12157
12069
12158
12070
12159
12071
12160
12072
12161
12073
12162
12074
12163
12075
12164
12076
12165
12077
12166
12078
12167
12079
12168
12080
12169
12081
12170
12082
12171
12083
12172
12084
12173
12085
12174
12086
12175
12087
12176
12088
12177
12089
12178
12090
12179
12091
12180
12092
12181
12093
12182
12094
12183
12095
12184
12096
12185
12097
12186
12098
12187
12099
12188
12100
12189
12101
12190
12102
12191
12103
12192
12104
12193
12105
12194
12106
12195
12107
12196
12108
12197
12109
12198
12110
12199
12111
12200
12112
12201
12113
12202
12114
12203
12115
12204
12116
12205
12117
12206
12118
12207
12119
12208
12120
12209
12121
12210
12122
12211
12123
12212
12124
12213
12125
12214
12126
12215
12127
12216
12128
12217
12129
12218
12130
12219
12131
12220
12132
12221
12133
12222
12134
12223
12135
12224
12136
12225
12137
12226
12138
12227
12139
12228
12140
12229
12141
12230
12142
12231
12143
12232
12144
12233
12145
12234
12146
12235
12147
12236
12148
12237
12149
12238
12239
12151
12240
12152
12241
12153
12242
12154
12243
12155
12244
12156
12245
12157
12246
12158
12247
12159
12248
12160
12249
12161
12250
12162
12251
12163
12252
12164
12253
12165
12254
12166
12255
12167
12256
12168
12257
12169
12258
12170
12259
12171
12260
12172
12261
12173
12262
12174
12263
12175
12264
12176
12265
12177
12266
12178
12267
12179
12268
12180
12269
12181
12270
12182
12271
12183
12272
12184
12273
12185
12274
12186
12275
12187
12276
12188
12277
12189
12278
12190
12279
12191
12280
12192
12281
12193
12282
12194
12283
12195
12284
12196
12285
12197
12286
12198
12287
12199
12288
12200
12289
12201
12290
12202
12291
12203
12292
12204
12293
12205
12294
12206
12295
12207
12296
12208
12297
12209
12298
12210
12299
12211
12300
12212
12301
12213
12302
12214
12303
12215
12304
12216
12305
12217
12306
12218
12307
12219
12308
12220
12309
12221
12310
12222
12311
12223
12312
12224
12313
12225
12314
12226
12315
12227
12316
12228
12317
12229
12318
12230
12319
12231
12320
12232
12321
12233
12322
12234
12323
12235
12324
12236
12325
12237
12326
12238
12327
12239
12328
12329
12241
12330
12242
12331
12243
12332
12244
12333
12245
12334
12246
12335
12247
12336
12248
12337
12249
12338
12250
12339
12251
12340
12252
12341
12253
12342
12254
12343
12255
12344
12256
12345
12257
12346
12258
12347
12259
12348
12260
12349
12261
12350
12262
12351
12263
12352
12264
12353
12265
12354
12266
12355
12267
12356
12268
12357
12269
12358
12270
12359
12271
12360
12272
12361
12273
12362
12274
12363
12275
12364
12276
12365
12277
12366
12278
12367
12279
12368
12280
12369
12281
12370
12282
12371
12283
12372
12284
12373
12285
12374
12286
12375
12287
12376
12288
12377
12289
12378
12290
12379
12291
12380
12292
12381
12293
12382
12294
12383
12295
12384
12296
12385
12297
12386
12298
12387
12299
12388
12300
12389
12301
12390
12302
12391
12303
12392
12304
12393
12305
12394
12306
12395
12307
12396
12308
12397
12309
12398
12310
12399
12311
12400
12312
12401
12313
12402
12314
12403
12315
12404
12316
12405
12317
12406
12318
12407
12319
12408
12320
12409
12321
12410
12322
12411
12323
12412
12324
12413
12325
12414
12326
12415
12327
12416
12328
12417
12329
12418
12419
12331
12420
12332
12421
12333
12422
12334
12423
12335
12424
12336
12425
12337
12426
12338
12427
12339
12428
12340
12429
12341
12430
12342
12431
12343
12432
12344
12433
12345
12434
12346
12435
12347
12436
12348
12437
12349
12438
12350
12439
12351
12440
12352
12441
12353
12442
12354
12443
12355
12444
12356
12445
12357
12446
12358
12447
12359
12448
12360
12449
12361
12450
12362
12451
12363
12452
12364
12453
12365
12454
12366
12455
12367
12456
12368
12457
12369
12458
12370
12459
12371
12460
12372
12461
12373
12462
12374
12463
12375
12464
12376
12465
12377
12466
12378
12467
12379
12468
12380
12469
12381
12470
12382
12471
12383
12472
12384
12473
12385
12474
12386
12475
12387
12476
12388
12477
12389
12478
12390
12479
12391
12480
12392
12481
12393
12482
12394
12483
12395
12484
12396
12485
12397
12486
12398
12487
12399
12488
12400
12489
12401
12490
12402
12491
12403
12492
12404
12493
12405
12494
12406
12495
12407
12496
12408
12497
12409
12498
12410
12499
12411
12500
12412
12501
12413
12502
12414
12503
12415
12504
12416
12505
12417
12506
12418
12507
12419
12508
12509
12421
12510
12422
12511
12423
12512
12424
12513
12425
12514
12426
12515
12427
12516
12428
12517
12429
12518
12430
12519
12431
12520
12432
12521
12433
12522
12434
12523
12435
12524
12436
12525
12437
12526
12438
12527
12439
12528
12440
12529
12441
12530
12442
12531
12443
12532
12444
12533
12445
12534
12446
12535
12447
12536
12448
12537
12449
12538
12450
12539
12451
12540
12452
12541
12453
12542
12454
12543
12455
12544
12456
12545
12457
12546
12458
12547
12459
12548
12460
12549
12461
12550
12462
12551
12463
12552
12464
12553
12465
12554
12466
12555
12467
12556
12468
12557
12469
12558
12470
12559
12471
12560
12472
12561
12473
12562
12474
12563
12475
12564
12476
12565
12477
12566
12478
12567
12479
12568
12480
12569
12481
12570
12482
12571
12483
12572
12484
12573
12485
12574
12486
12575
12487
12576
12488
12577
12489
12578
12490
12579
12491
12580
12492
12581
12493
12582
12494
12583
12495
12584
12496
12585
12497
12586
12498
12587
12499
12588
12500
12589
12501
12590
12502
12591
12503
12592
12504
12593
12505
12594
12506
12595
12507
12596
12508
12597
12509
12598
12599
12511
12600
12512
12601
12513
12602
12514
12603
12515
12604
12516
12605
12517
12606
12518
12607
12519
12608
12520
12609
12521
12610
12522
12611
12523
12612
12524
12613
12525
12614
12526
12615
12527
12616
12528
12617
12529
12618
12530
12619
12531
12620
12532
12621
12533
12622
12534
12623
12535
12624
12536
12625
12537
12626
12538
12627
12539
12628
12540
12629
12541
12630
12542
12631
12543
12632
12544
12633
12545
12634
12546
12635
12547
12636
12548
12637
12549
12638
12550
12639
12551
12640
12552
12641
12553
12642
12554
12643
12555
12644
12556
12645
12557
12646
12558
12647
12559
12648
12560
12649
12561
12650
12562
12651
12563
12652
12564
12653
12565
12654
12566
12655
12567
12656
12568
12657
12569
12658
12570
12659
12571
12660
12572
12661
12573
12662
12574
12663
12575
12664
12576
12665
12577
12666
12578
12667
12579
12668
12580
12669
12581
12670
12582
12671
12583
12672
12584
12673
12585
12674
12586
12675
12587
12676
12588
12677
12589
12678
12590
12679
12591
12680
12592
12681
12593
12682
12594
12683
12595
12684
12596
12685
12597
12686
12598
12687
12599
12688
12689
12601
12690
12602
12691
12603
12692
12604
12693
12605
12694
12606
12695
12607
12696
12608
12697
12609
12698
12610
12699
12611
12700
12612
12701
12613
12702
12614
12703
12615
12704
12616
12705
12617
12706
12618
12707
12619
12708
12620
12709
12621
12710
12622
12711
12623
12712
12624
12713
12625
12714
12626
12715
12627
12716
12628
12717
12629
12718
12630
12719
12631
12720
12632
12721
12633
12722
12634
12723
12635
12724
12636
12725
12637
12726
12638
12727
12639
12728
12640
12729
12641
12730
12642
12731
12643
12732
12644
12733
12645
12734
12646
12735
12647
12736
12648
12737
12649
12738
12650
12739
12651
12740
12652
12741
12653
12742
12654
12743
12655
12744
12656
12745
12657
12746
12658
12747
12659
12748
12660
12749
12661
12750
12662
12751
12663
12752
12664
12753
12665
12754
12666
12755
12667
12756
12668
12757
12669
12758
12670
12759
12671
12760
12672
12761
12673
12762
12674
12763
12675
12764
12676
12765
12677
12766
12678
12767
12679
12768
12680
12769
12681
12770
12682
12771
12683
12772
12684
12773
12685
12774
12686
12775
12687
12776
12688
12777
12689
12778
12779
12691
12780
12692
12781
12693
12782
12694
12783
12695
12784
12696
12785
12697
12786
12698
12787
12699
12788
12700
12789
12701
12790
12702
12791
12703
12792
12704
12793
12705
12794
12706
12795
12707
12796
12708
12797
12709
12798
12710
12799
12711
12800
12712
12801
12713
12802
12714
12803
12715
12804
12716
12805
12717
12806
12718
12807
12719
12808
12720
12809
12721
12810
12722
12811
12723
12812
12724
12813
12725
12814
12726
12815
12727
12816
12728
12817
12729
12818
12730
12819
12731
12820
12732
12821
12733
12822
12734
12823
12735
12824
12736
12825
12737
12826
12738
12827
12739
12828
12740
12829
12741
12830
12742
12831
12743
12832
12744
12833
12745
12834
12746
12835
12747
12836
12748
12837
12749
12838
12750
12839
12751
12840
12752
12841
12753
12842
12754
12843
12755
12844
12756
12845
12757
12846
12758
12847
12759
12848
12760
12849
12761
12850
12762
12851
12763
12852
12764
12853
12765
12854
12766
12855
12767
12856
12768
12857
12769
12858
12770
12859
12771
12860
12772
12861
12773
12862
12774
12863
12775
12864
12776
12865
12777
12866
12778
12867
12779
12868
12869
12781
12870
12782
12871
12783
12872
12784
12873
12785
12874
12786
12875
12787
12876
12788
12877
12789
12878
12790
12879
12791
12880
12792
12881
12793
12882
12794
12883
12795
12884
12796
12885
12797
12886
12798
12887
12799
12888
12800
12889
12801
12890
12802
12891
12803
12892
12804
12893
12805
12894
12806
12895
12807
12896
12808
12897
12809
12898
12810
12899
12811
12900
12812
12901
12813
12902
12814
12903
12815
12904
12816
12905
12817
12906
12818
12907
12819
12908
12820
12909
12821
12910
12822
12911
12823
12912
12824
12913
12825
12914
12826
12915
12827
12916
12828
12917
12829
12918
12830
12919
12831
12920
12832
12921
12833
12922
12834
12923
12835
12924
12836
12925
12837
12926
12838
12927
12839
12928
12840
12929
12841
12930
12842
12931
12843
12932
12844
12933
12845
12934
12846
12935
12847
12936
12848
12937
12849
12938
12850
12939
12851
12940
12852
12941
12853
12942
12854
12943
12855
12944
12856
12945
12857
12946
12858
12947
12859
12948
12860
12949
12861
12950
12862
12951
12863
12952
12864
12953
12865
12954
12866
12955
12867
12956
12868
12957
12869
12958
12959
12871
12960
12872
12961
12873
12962
12874
12963
12875
12964
12876
12965
12877
12966
12878
12967
12879
12968
12880
12969
12881
12970
12882
12971
12883
12972
12884
12973
12885
12974
12886
12975
12887
12976
12888
12977
12889
12978
12890
12979
12891
12980
12892
12981
12893
12982
12894
12983
12895
12984
12896
12985
12897
12986
12898
12987
12899
12988
12900
12989
12901
12990
12902
12991
12903
12992
12904
12993
12905
12994
12906
12995
12907
12996
12908
12997
12909
12998
12910
12999
12911
13000
12912
13001
12913
13002
12914
13003
12915
13004
12916
13005
12917
13006
12918
13007
12919
13008
12920
13009
12921
13010
12922
13011
12923
13012
12924
13013
12925
13014
12926
13015
12927
13016
12928
13017
12929
13018
12930
13019
12931
13020
12932
13021
12933
13022
12934
13023
12935
13024
12936
13025
12937
13026
12938
13027
12939
13028
12940
13029
12941
13030
12942
13031
12943
13032
12944
13033
12945
13034
12946
13035
12947
13036
12948
13037
12949
13038
12950
13039
12951
13040
12952
13041
12953
13042
12954
13043
12955
13044
12956
13045
12957
13046
12958
13047
12959
13048
13049
12961
13050
12962
13051
12963
13052
12964
13053
12965
13054
12966
13055
12967
13056
12968
13057
12969
13058
12970
13059
12971
13060
12972
13061
12973
13062
12974
13063
12975
13064
12976
13065
12977
13066
12978
13067
12979
13068
12980
13069
12981
13070
12982
13071
12983
13072
12984
13073
12985
13074
12986
13075
12987
13076
12988
13077
12989
13078
12990
13079
12991
13080
12992
13081
12993
13082
12994
13083
12995
13084
12996
13085
12997
13086
12998
13087
12999
13088
13000
13089
13001
13090
13002
13091
13003
13092
13004
13093
13005
13094
13006
13095
13007
13096
13008
13097
13009
13098
13010
13099
13011
13100
13012
13101
13013
13102
13014
13103
13015
13104
13016
13105
13017
13106
13018
13107
13019
13108
13020
13109
13021
13110
13022
13111
13023
13112
13024
13113
13025
13114
13026
13115
13027
13116
13028
13117
13029
13118
13030
13119
13031
13120
13032
13121
13033
13122
13034
13123
13035
13124
13036
13125
13037
13126
13038
13127
13039
13128
13040
13129
13041
13130
13042
13131
13043
13132
13044
13133
13045
13134
13046
13135
13047
13136
13048
13137
13049
13138
13139
13051
13140
13052
13141
13053
13142
13054
13143
13055
13144
13056
13145
13057
13146
13058
13147
13059
13148
13060
13149
13061
13150
13062
13151
13063
13152
13064
13153
13065
13154
13066
13155
13067
13156
13068
13157
13069
13158
13070
13159
13071
13160
13072
13161
13073
13162
13074
13163
13075
13164
13076
13165
13077
13166
13078
13167
13079
13168
13080
13169
13081
13170
13082
13171
13083
13172
13084
13173
13085
13174
13086
13175
13087
13176
13088
13177
13089
13178
13090
13179
13091
13180
13092
13181
13093
13182
13094
13183
13095
13184
13096
13185
13097
13186
13098
13187
13099
13188
13100
13189
13101
13190
13102
13191
13103
13192
13104
13193
13105
13194
13106
13195
13107
13196
13108
13197
13109
13198
13110
13199
13111
13200
13112
13201
13113
13202
13114
13203
13115
13204
13116
13205
13117
13206
13118
13207
13119
13208
13120
13209
13121
13210
13122
13211
13123
13212
13124
13213
13125
13214
13126
13215
13127
13216
13128
13217
13129
13218
13130
13219
13131
13220
13132
13221
13133
13222
13134
13223
13135
13224
13136
13225
13137
13226
13138
13227
13139
13228
13229
13141
13230
13142
13231
13143
13232
13144
13233
13145
13234
13146
13235
13147
13236
13148
13237
13149
13238
13150
13239
13151
13240
13152
13241
13153
13242
13154
13243
13155
13244
13156
13245
13157
13246
13158
13247
13159
13248
13160
13249
13161
13250
13162
13251
13163
13252
13164
13253
13165
13254
13166
13255
13167
13256
13168
13257
13169
13258
13170
13259
13171
13260
13172
13261
13173
13262
13174
13263
13175
13264
13176
13265
13177
13266
13178
13267
13179
13268
13180
13269
13181
13270
13182
13271
13183
13272
13184
13273
13185
13274
13186
13275
13187
13276
13188
13277
13189
13278
13190
13279
13191
13280
13192
13281
13193
13282
13194
13283
13195
13284
13196
13285
13197
13286
13198
13287
13199
13288
13200
13289
13201
13290
13202
13291
13203
13292
13204
13293
13205
13294
13206
13295
13207
13296
13208
13297
13209
13298
13210
13299
13211
13300
13212
13301
13213
13302
13214
13303
13215
13304
13216
13305
13217
13306
13218
13307
13219
13308
13220
13309
13221
13310
13222
13311
13223
13312
13224
13313
13225
13314
13226
13315
13227
13316
13228
13317
13229
13318
13319
13231
13320
13232
13321
13233
13322
13234
13323
13235
13324
13236
13325
13237
13326
13238
13327
13239
13328
13240
13329
13241
13330
13242
13331
13243
13332
13244
13333
13245
13334
13246
13335
13247
13336
13248
13337
13249
13338
13250
13339
13251
13340
13252
13341
13253
13342
13254
13343
13255
13344
13256
13345
13257
13346
13258
13347
13259
13348
13260
13349
13261
13350
13262
13351
13263
13352
13264
13353
13265
13354
13266
13355
13267
13356
13268
13357
13269
13358
13270
13359
13271
13360
13272
13361
13273
13362
13274
13363
13275
13364
13276
13365
13277
13366
13278
13367
13279
13368
13280
13369
13281
13370
13282
13371
13283
13372
13284
13373
13285
13374
13286
13375
13287
13376
13288
13377
13289
13378
13290
13379
13291
13380
13292
13381
13293
13382
13294
13383
13295
13384
13296
13385
13297
13386
13298
13387
13299
13388
13300
13389
13301
13390
13302
13391
13303
13392
13304
13393
13305
13394
13306
13395
13307
13396
13308
13397
13309
13398
13310
13399
13311
13400
13312
13401
13313
13402
13314
13403
13315
13404
13316
13405
13317
13406
13318
13407
13319
13408
13409
13321
13410
13322
13411
13323
13412
13324
13413
13325
13414
13326
13415
13327
13416
13328
13417
13329
13418
13330
13419
13331
13420
13332
13421
13333
13422
13334
13423
13335
13424
13336
13425
13337
13426
13338
13427
13339
13428
13340
13429
13341
13430
13342
13431
13343
13432
13344
13433
13345
13434
13346
13435
13347
13436
13348
13437
13349
13438
13350
13439
13351
13440
13352
13441
13353
13442
13354
13443
13355
13444
13356
13445
13357
13446
13358
13447
13359
13448
13360
13449
13361
13450
13362
13451
13363
13452
13364
13453
13365
13454
13366
13455
13367
13456
13368
13457
13369
13458
13370
13459
13371
13460
13372
13461
13373
13462
13374
13463
13375
13464
13376
13465
13377
13466
13378
13467
13379
13468
13380
13469
13381
13470
13382
13471
13383
13472
13384
13473
13385
13474
13386
13475
13387
13476
13388
13477
13389
13478
13390
13479
13391
13480
13392
13481
13393
13482
13394
13483
13395
13484
13396
13485
13397
13486
13398
13487
13399
13488
13400
13489
13401
13490
13402
13491
13403
13492
13404
13493
13405
13494
13406
13495
13407
13496
13408
13497
13409
13498
13499
13411
13500
13412
13501
13413
13502
13414
13503
13415
13504
13416
13505
13417
13506
13418
13507
13419
13508
13420
13509
13421
13510
13422
13511
13423
13512
13424
13513
13425
13514
13426
13515
13427
13516
13428
13517
13429
13518
13430
13519
13431
13520
13432
13521
13433
13522
13434
13523
13435
13524
13436
13525
13437
13526
13438
13527
13439
13528
13440
13529
13441
13530
13442
13531
13443
13532
13444
13533
13445
13534
13446
13535
13447
13536
13448
13537
13449
13538
13450
13539
13451
13540
13452
13541
13453
13542
13454
13543
13455
13544
13456
13545
13457
13546
13458
13547
13459
13548
13460
13549
13461
13550
13462
13551
13463
13552
13464
13553
13465
13554
13466
13555
13467
13556
13468
13557
13469
13558
13470
13559
13471
13560
13472
13561
13473
13562
13474
13563
13475
13564
13476
13565
13477
13566
13478
13567
13479
13568
13480
13569
13481
13570
13482
13571
13483
13572
13484
13573
13485
13574
13486
13575
13487
13576
13488
13577
13489
13578
13490
13579
13491
13580
13492
13581
13493
13582
13494
13583
13495
13584
13496
13585
13497
13586
13498
13587
13499
13588
13589
13501
13590
13502
13591
13503
13592
13504
13593
13505
13594
13506
13595
13507
13596
13508
13597
13509
13598
13510
13599
13511
13600
13512
13601
13513
13602
13514
13603
13515
13604
13516
13605
13517
13606
13518
13607
13519
13608
13520
13609
13521
13610
13522
13611
13523
13612
13524
13613
13525
13614
13526
13615
13527
13616
13528
13617
13529
13618
13530
13619
13531
13620
13532
13621
13533
13622
13534
13623
13535
13624
13536
13625
13537
13626
13538
13627
13539
13628
13540
13629
13541
13630
13542
13631
13543
13632
13544
13633
13545
13634
13546
13635
13547
13636
13548
13637
13549
13638
13550
13639
13551
13640
13552
13641
13553
13642
13554
13643
13555
13644
13556
13645
13557
13646
13558
13647
13559
13648
13560
13649
13561
13650
13562
13651
13563
13652
13564
13653
13565
13654
13566
13655
13567
13656
13568
13657
13569
13658
13570
13659
13571
13660
13572
13661
13573
13662
13574
13663
13575
13664
13576
13665
13577
13666
13578
13667
13579
13668
13580
13669
13581
13670
13582
13671
13583
13672
13584
13673
13585
13674
13586
13675
13587
13676
13588
13677
13589
13678
13679
13591
13680
13592
13681
13593
13682
13594
13683
13595
13684
13596
13685
13597
13686
13598
13687
13599
13688
13600
13689
13601
13690
13602
13691
13603
13692
13604
13693
13605
13694
13606
13695
13607
13696
13608
13697
13609
13698
13610
13699
13611
13700
13612
13701
13613
13702
13614
13703
13615
13704
13616
13705
13617
13706
13618
13707
13619
13708
13620
13709
13621
13710
13622
13711
13623
13712
13624
13713
13625
13714
13626
13715
13627
13716
13628
13717
13629
13718
13630
13719
13631
13720
13632
13721
13633
13722
13634
13723
13635
13724
13636
13725
13637
13726
13638
13727
13639
13728
13640
13729
13641
13730
13642
13731
13643
13732
13644
13733
13645
13734
13646
13735
13647
13736
13648
13737
13649
13738
13650
13739
13651
13740
13652
13741
13653
13742
13654
13743
13655
13744
13656
13745
13657
13746
13658
13747
13659
13748
13660
13749
13661
13750
13662
13751
13663
13752
13664
13753
13665
13754
13666
13755
13667
13756
13668
13757
13669
13758
13670
13759
13671
13760
13672
13761
13673
13762
13674
13763
13675
13764
13676
13765
13677
13766
13678
13767
13679
13768
13769
13681
13770
13682
13771
13683
13772
13684
13773
13685
13774
13686
13775
13687
13776
13688
13777
13689
13778
13690
13779
13691
13780
13692
13781
13693
13782
13694
13783
13695
13784
13696
13785
13697
13786
13698
13787
13699
13788
13700
13789
13701
13790
13702
13791
13703
13792
13704
13793
13705
13794
13706
13795
13707
13796
13708
13797
13709
13798
13710
13799
13711
13800
13712
13801
13713
13802
13714
13803
13715
13804
13716
13805
13717
13806
13718
13807
13719
13808
13720
13809
13721
13810
13722
13811
13723
13812
13724
13813
13725
13814
13726
13815
13727
13816
13728
13817
13729
13818
13730
13819
13731
13820
13732
13821
13733
13822
13734
13823
13735
13824
13736
13825
13737
13826
13738
13827
13739
13828
13740
13829
13741
13830
13742
13831
13743
13832
13744
13833
13745
13834
13746
13835
13747
13836
13748
13837
13749
13838
13750
13839
13751
13840
13752
13841
13753
13842
13754
13843
13755
13844
13756
13845
13757
13846
13758
13847
13759
13848
13760
13849
13761
13850
13762
13851
13763
13852
13764
13853
13765
13854
13766
13855
13767
13856
13768
13857
13769
13858
13859
13771
13860
13772
13861
13773
13862
13774
13863
13775
13864
13776
13865
13777
13866
13778
13867
13779
13868
13780
13869
13781
13870
13782
13871
13783
13872
13784
13873
13785
13874
13786
13875
13787
13876
13788
13877
13789
13878
13790
13879
13791
13880
13792
13881
13793
13882
13794
13883
13795
13884
13796
13885
13797
13886
13798
13887
13799
13888
13800
13889
13801
13890
13802
13891
13803
13892
13804
13893
13805
13894
13806
13895
13807
13896
13808
13897
13809
13898
13810
13899
13811
13900
13812
13901
13813
13902
13814
13903
13815
13904
13816
13905
13817
13906
13818
13907
13819
13908
13820
13909
13821
13910
13822
13911
13823
13912
13824
13913
13825
13914
13826
13915
13827
13916
13828
13917
13829
13918
13830
13919
13831
13920
13832
13921
13833
13922
13834
13923
13835
13924
13836
13925
13837
13926
13838
13927
13839
13928
13840
13929
13841
13930
13842
13931
13843
13932
13844
13933
13845
13934
13846
13935
13847
13936
13848
13937
13849
13938
13850
13939
13851
13940
13852
13941
13853
13942
13854
13943
13855
13944
13856
13945
13857
13946
13858
13947
13859
13948
13949
13861
13950
13862
13951
13863
13952
13864
13953
13865
13954
13866
13955
13867
13956
13868
13957
13869
13958
13870
13959
13871
13960
13872
13961
13873
13962
13874
13963
13875
13964
13876
13965
13877
13966
13878
13967
13879
13968
13880
13969
13881
13970
13882
13971
13883
13972
13884
13973
13885
13974
13886
13975
13887
13976
13888
13977
13889
13978
13890
13979
13891
13980
13892
13981
13893
13982
13894
13983
13895
13984
13896
13985
13897
13986
13898
13987
13899
13988
13900
13989
13901
13990
13902
13991
13903
13992
13904
13993
13905
13994
13906
13995
13907
13996
13908
13997
13909
13998
13910
13999
13911
14000
13912
14001
13913
14002
13914
14003
13915
14004
13916
14005
13917
14006
13918
14007
13919
14008
13920
14009
13921
14010
13922
14011
13923
14012
13924
14013
13925
14014
13926
14015
13927
14016
13928
14017
13929
14018
13930
14019
13931
14020
13932
14021
13933
14022
13934
14023
13935
14024
13936
14025
13937
14026
13938
14027
13939
14028
13940
14029
13941
14030
13942
14031
13943
14032
13944
14033
13945
14034
13946
14035
13947
14036
13948
14037
13949
14038
14039
13951
14040
13952
14041
13953
14042
13954
14043
13955
14044
13956
14045
13957
14046
13958
14047
13959
14048
13960
14049
13961
14050
13962
14051
13963
14052
13964
14053
13965
14054
13966
14055
13967
14056
13968
14057
13969
14058
13970
14059
13971
14060
13972
14061
13973
14062
13974
14063
13975
14064
13976
14065
13977
14066
13978
14067
13979
14068
13980
14069
13981
14070
13982
14071
13983
14072
13984
14073
13985
14074
13986
14075
13987
14076
13988
14077
13989
14078
13990
14079
13991
14080
13992
14081
13993
14082
13994
14083
13995
14084
13996
14085
13997
14086
13998
14087
13999
14088
14000
14089
14001
14090
14002
14091
14003
14092
14004
14093
14005
14094
14006
14095
14007
14096
14008
14097
14009
14098
14010
14099
14011
14100
14012
14101
14013
14102
14014
14103
14015
14104
14016
14105
14017
14106
14018
14107
14019
14108
14020
14109
14021
14110
14022
14111
14023
14112
14024
14113
14025
14114
14026
14115
14027
14116
14028
14117
14029
14118
14030
14119
14031
14120
14032
14121
14033
14122
14034
14123
14035
14124
14036
14125
14037
14126
14038
14127
14039
14128
14129
14041
14130
14042
14131
14043
14132
14044
14133
14045
14134
14046
14135
14047
14136
14048
14137
14049
14138
14050
14139
14051
14140
14052
14141
14053
14142
14054
14143
14055
14144
14056
14145
14057
14146
14058
14147
14059
14148
14060
14149
14061
14150
14062
14151
14063
14152
14064
14153
14065
14154
14066
14155
14067
14156
14068
14157
14069
14158
14070
14159
14071
14160
14072
14161
14073
14162
14074
14163
14075
14164
14076
14165
14077
14166
14078
14167
14079
14168
14080
14169
14081
14170
14082
14171
14083
14172
14084
14173
14085
14174
14086
14175
14087
14176
14088
14177
14089
14178
14090
14179
14091
14180
14092
14181
14093
14182
14094
14183
14095
14184
14096
14185
14097
14186
14098
14187
14099
14188
14100
14189
14101
14190
14102
14191
14103
14192
14104
14193
14105
14194
14106
14195
14107
14196
14108
14197
14109
14198
14110
14199
14111
14200
14112
14201
14113
14202
14114
14203
14115
14204
14116
14205
14117
14206
14118
14207
14119
14208
14120
14209
14121
14210
14122
14211
14123
14212
14124
14213
14125
14214
14126
14215
14127
14216
14128
14217
14129
14218
14219
14131
14220
14132
14221
14133
14222
14134
14223
14135
14224
14136
14225
14137
14226
14138
14227
14139
14228
14140
14229
14141
14230
14142
14231
14143
14232
14144
14233
14145
14234
14146
14235
14147
14236
14148
14237
14149
14238
14150
14239
14151
14240
14152
14241
14153
14242
14154
14243
14155
14244
14156
14245
14157
14246
14158
14247
14159
14248
14160
14249
14161
14250
14162
14251
14163
14252
14164
14253
14165
14254
14166
14255
14167
14256
14168
14257
14169
14258
14170
14259
14171
14260
14172
14261
14173
14262
14174
14263
14175
14264
14176
14265
14177
14266
14178
14267
14179
14268
14180
14269
14181
14270
14182
14271
14183
14272
14184
14273
14185
14274
14186
14275
14187
14276
14188
14277
14189
14278
14190
14279
14191
14280
14192
14281
14193
14282
14194
14283
14195
14284
14196
14285
14197
14286
14198
14287
14199
14288
14200
14289
14201
14290
14202
14291
14203
14292
14204
14293
14205
14294
14206
14295
14207
14296
14208
14297
14209
14298
14210
14299
14211
14300
14212
14301
14213
14302
14214
14303
14215
14304
14216
14305
14217
14306
14218
14307
14219
14308
14309
14221
14310
14222
14311
14223
14312
14224
14313
14225
14314
14226
14315
14227
14316
14228
14317
14229
14318
14230
14319
14231
14320
14232
14321
14233
14322
14234
14323
14235
14324
14236
14325
14237
14326
14238
14327
14239
14328
14240
14329
14241
14330
14242
14331
14243
14332
14244
14333
14245
14334
14246
14335
14247
14336
14248
14337
14249
14338
14250
14339
14251
14340
14252
14341
14253
14342
14254
14343
14255
14344
14256
14345
14257
14346
14258
14347
14259
14348
14260
14349
14261
14350
14262
14351
14263
14352
14264
14353
14265
14354
14266
14355
14267
14356
14268
14357
14269
14358
14270
14359
14271
14360
14272
14361
14273
14362
14274
14363
14275
14364
14276
14365
14277
14366
14278
14367
14279
14368
14280
14369
14281
14370
14282
14371
14283
14372
14284
14373
14285
14374
14286
14375
14287
14376
14288
14377
14289
14378
14290
14379
14291
14380
14292
14381
14293
14382
14294
14383
14295
14384
14296
14385
14297
14386
14298
14387
14299
14388
14300
14389
14301
14390
14302
14391
14303
14392
14304
14393
14305
14394
14306
14395
14307
14396
14308
14397
14309
14398
14399
14311
14400
14312
14401
14313
14402
14314
14403
14315
14404
14316
14405
14317
14406
14318
14407
14319
14408
14320
14409
14321
14410
14322
14411
14323
14412
14324
14413
14325
14414
14326
14415
14327
14416
14328
14417
14329
14418
14330
14419
14331
14420
14332
14421
14333
14422
14334
14423
14335
14424
14336
14425
14337
14426
14338
14427
14339
14428
14340
14429
14341
14430
14342
14431
14343
14432
14344
14433
14345
14434
14346
14435
14347
14436
14348
14437
14349
14438
14350
14439
14351
14440
14352
14441
14353
14442
14354
14443
14355
14444
14356
14445
14357
14446
14358
14447
14359
14448
14360
14449
14361
14450
14362
14451
14363
14452
14364
14453
14365
14454
14366
14455
14367
14456
14368
14457
14369
14458
14370
14459
14371
14460
14372
14461
14373
14462
14374
14463
14375
14464
14376
14465
14377
14466
14378
14467
14379
14468
14380
14469
14381
14470
14382
14471
14383
14472
14384
14473
14385
14474
14386
14475
14387
14476
14388
14477
14389
14478
14390
14479
14391
14480
14392
14481
14393
14482
14394
14483
14395
14484
14396
14485
14397
14486
14398
14487
14399
14488
14489
14401
14490
14402
14491
14403
14492
14404
14493
14405
14494
14406
14495
14407
14496
14408
14497
14409
14498
14410
14499
14411
14500
14412
14501
14413
14502
14414
14503
14415
14504
14416
14505
14417
14506
14418
14507
14419
14508
14420
14509
14421
14510
14422
14511
14423
14512
14424
14513
14425
14514
14426
14515
14427
14516
14428
14517
14429
14518
14430
14519
14431
14520
14432
14521
14433
14522
14434
14523
14435
14524
14436
14525
14437
14526
14438
14527
14439
14528
14440
14529
14441
14530
14442
14531
14443
14532
14444
14533
14445
14534
14446
14535
14447
14536
14448
14537
14449
14538
14450
14539
14451
14540
14452
14541
14453
14542
14454
14543
14455
14544
14456
14545
14457
14546
14458
14547
14459
14548
14460
14549
14461
14550
14462
14551
14463
14552
14464
14553
14465
14554
14466
14555
14467
14556
14468
14557
14469
14558
14470
14559
14471
14560
14472
14561
14473
14562
14474
14563
14475
14564
14476
14565
14477
14566
14478
14567
14479
14568
14480
14569
14481
14570
14482
14571
14483
14572
14484
14573
14485
14574
14486
14575
14487
14576
14488
14577
14489
14578
14579
14491
14580
14492
14581
14493
14582
14494
14583
14495
14584
14496
14585
14497
14586
14498
14587
14499
14588
14500
14589
14501
14590
14502
14591
14503
14592
14504
14593
14505
14594
14506
14595
14507
14596
14508
14597
14509
14598
14510
14599
14511
14600
14512
14601
14513
14602
14514
14603
14515
14604
14516
14605
14517
14606
14518
14607
14519
14608
14520
14609
14521
14610
14522
14611
14523
14612
14524
14613
14525
14614
14526
14615
14527
14616
14528
14617
14529
14618
14530
14619
14531
14620
14532
14621
14533
14622
14534
14623
14535
14624
14536
14625
14537
14626
14538
14627
14539
14628
14540
14629
14541
14630
14542
14631
14543
14632
14544
14633
14545
14634
14546
14635
14547
14636
14548
14637
14549
14638
14550
14639
14551
14640
14552
14641
14553
14642
14554
14643
14555
14644
14556
14645
14557
14646
14558
14647
14559
14648
14560
14649
14561
14650
14562
14651
14563
14652
14564
14653
14565
14654
14566
14655
14567
14656
14568
14657
14569
14658
14570
14659
14571
14660
14572
14661
14573
14662
14574
14663
14575
14664
14576
14665
14577
14666
14578
14667
14579
14668
14669
14581
14670
14582
14671
14583
14672
14584
14673
14585
14674
14586
14675
14587
14676
14588
14677
14589
14678
14590
14679
14591
14680
14592
14681
14593
14682
14594
14683
14595
14684
14596
14685
14597
14686
14598
14687
14599
14688
14600
14689
14601
14690
14602
14691
14603
14692
14604
14693
14605
14694
14606
14695
14607
14696
14608
14697
14609
14698
14610
14699
14611
14700
14612
14701
14613
14702
14614
14703
14615
14704
14616
14705
14617
14706
14618
14707
14619
14708
14620
14709
14621
14710
14622
14711
14623
14712
14624
14713
14625
14714
14626
14715
14627
14716
14628
14717
14629
14718
14630
14719
14631
14720
14632
14721
14633
14722
14634
14723
14635
14724
14636
14725
14637
14726
14638
14727
14639
14728
14640
14729
14641
14730
14642
14731
14643
14732
14644
14733
14645
14734
14646
14735
14647
14736
14648
14737
14649
14738
14650
14739
14651
14740
14652
14741
14653
14742
14654
14743
14655
14744
14656
14745
14657
14746
14658
14747
14659
14748
14660
14749
14661
14750
14662
14751
14663
14752
14664
14753
14665
14754
14666
14755
14667
14756
14668
14757
14669
14758
14759
14671
14760
14672
14761
14673
14762
14674
14763
14675
14764
14676
14765
14677
14766
14678
14767
14679
14768
14680
14769
14681
14770
14682
14771
14683
14772
14684
14773
14685
14774
14686
14775
14687
14776
14688
14777
14689
14778
14690
14779
14691
14780
14692
14781
14693
14782
14694
14783
14695
14784
14696
14785
14697
14786
14698
14787
14699
14788
14700
14789
14701
14790
14702
14791
14703
14792
14704
14793
14705
14794
14706
14795
14707
14796
14708
14797
14709
14798
14710
14799
14711
14800
14712
14801
14713
14802
14714
14803
14715
14804
14716
14805
14717
14806
14718
14807
14719
14808
14720
14809
14721
14810
14722
14811
14723
14812
14724
14813
14725
14814
14726
14815
14727
14816
14728
14817
14729
14818
14730
14819
14731
14820
14732
14821
14733
14822
14734
14823
14735
14824
14736
14825
14737
14826
14738
14827
14739
14828
14740
14829
14741
14830
14742
14831
14743
14832
14744
14833
14745
14834
14746
14835
14747
14836
14748
14837
14749
14838
14750
14839
14751
14840
14752
14841
14753
14842
14754
14843
14755
14844
14756
14845
14757
14846
14758
14847
14759
14848
14849
14761
14850
14762
14851
14763
14852
14764
14853
14765
14854
14766
14855
14767
14856
14768
14857
14769
14858
14770
14859
14771
14860
14772
14861
14773
14862
14774
14863
14775
14864
14776
14865
14777
14866
14778
14867
14779
14868
14780
14869
14781
14870
14782
14871
14783
14872
14784
14873
14785
14874
14786
14875
14787
14876
14788
14877
14789
14878
14790
14879
14791
14880
14792
14881
14793
14882
14794
14883
14795
14884
14796
14885
14797
14886
14798
14887
14799
14888
14800
14889
14801
14890
14802
14891
14803
14892
14804
14893
14805
14894
14806
14895
14807
14896
14808
14897
14809
14898
14810
14899
14811
14900
14812
14901
14813
14902
14814
14903
14815
14904
14816
14905
14817
14906
14818
14907
14819
14908
14820
14909
14821
14910
14822
14911
14823
14912
14824
14913
14825
14914
14826
14915
14827
14916
14828
14917
14829
14918
14830
14919
14831
14920
14832
14921
14833
14922
14834
14923
14835
14924
14836
14925
14837
14926
14838
14927
14839
14928
14840
14929
14841
14930
14842
14931
14843
14932
14844
14933
14845
14934
14846
14935
14847
14936
14848
14937
14849
14938
14939
14851
14940
14852
14941
14853
14942
14854
14943
14855
14944
14856
14945
14857
14946
14858
14947
14859
14948
14860
14949
14861
14950
14862
14951
14863
14952
14864
14953
14865
14954
14866
14955
14867
14956
14868
14957
14869
14958
14870
14959
14871
14960
14872
14961
14873
14962
14874
14963
14875
14964
14876
14965
14877
14966
14878
14967
14879
14968
14880
14969
14881
14970
14882
14971
14883
14972
14884
14973
14885
14974
14886
14975
14887
14976
14888
14977
14889
14978
14890
14979
14891
14980
14892
14981
14893
14982
14894
14983
14895
14984
14896
14985
14897
14986
14898
14987
14899
14988
14900
14989
14901
14990
14902
14991
14903
14992
14904
14993
14905
14994
14906
14995
14907
14996
14908
14997
14909
14998
14910
14999
14911
15000
14912
15001
14913
15002
14914
15003
14915
15004
14916
15005
14917
15006
14918
15007
14919
15008
14920
15009
14921
15010
14922
15011
14923
15012
14924
15013
14925
15014
14926
15015
14927
15016
14928
15017
14929
15018
14930
15019
14931
15020
14932
15021
14933
15022
14934
15023
14935
15024
14936
15025
14937
15026
14938
15027
14939
15028
15029
14941
15030
14942
15031
14943
15032
14944
15033
14945
15034
14946
15035
14947
15036
14948
15037
14949
15038
14950
15039
14951
15040
14952
15041
14953
15042
14954
15043
14955
15044
14956
15045
14957
15046
14958
15047
14959
15048
14960
15049
14961
15050
14962
15051
14963
15052
14964
15053
14965
15054
14966
15055
14967
15056
14968
15057
14969
15058
14970
15059
14971
15060
14972
15061
14973
15062
14974
15063
14975
15064
14976
15065
14977
15066
14978
15067
14979
15068
14980
15069
14981
15070
14982
15071
14983
15072
14984
15073
14985
15074
14986
15075
14987
15076
14988
15077
14989
15078
14990
15079
14991
15080
14992
15081
14993
15082
14994
15083
14995
15084
14996
15085
14997
15086
14998
15087
14999
15088
15000
15089
15001
15090
15002
15091
15003
15092
15004
15093
15005
15094
15006
15095
15007
15096
15008
15097
15009
15098
15010
15099
15011
15100
15012
15101
15013
15102
15014
15103
15015
15104
15016
15105
15017
15106
15018
15107
15019
15108
15020
15109
15021
15110
15022
15111
15023
15112
15024
15113
15025
15114
15026
15115
15027
15116
15028
15117
15029
15118
15119
15031
15120
15032
15121
15033
15122
15034
15123
15035
15124
15036
15125
15037
15126
15038
15127
15039
15128
15040
15129
15041
15130
15042
15131
15043
15132
15044
15133
15045
15134
15046
15135
15047
15136
15048
15137
15049
15138
15050
15139
15051
15140
15052
15141
15053
15142
15054
15143
15055
15144
15056
15145
15057
15146
15058
15147
15059
15148
15060
15149
15061
15150
15062
15151
15063
15152
15064
15153
15065
15154
15066
15155
15067
15156
15068
15157
15069
15158
15070
15159
15071
15160
15072
15161
15073
15162
15074
15163
15075
15164
15076
15165
15077
15166
15078
15167
15079
15168
15080
15169
15081
15170
15082
15171
15083
15172
15084
15173
15085
15174
15086
15175
15087
15176
15088
15177
15089
15178
15090
15179
15091
15180
15092
15181
15093
15182
15094
15183
15095
15184
15096
15185
15097
15186
15098
15187
15099
15188
15100
15189
15101
15190
15102
15191
15103
15192
15104
15193
15105
15194
15106
15195
15107
15196
15108
15197
15109
15198
15110
15199
15111
15200
15112
15201
15113
15202
15114
15203
15115
15204
15116
15205
15117
15206
15118
15207
15119
15208
15209
15121
15210
15122
15211
15123
15212
15124
15213
15125
15214
15126
15215
15127
15216
15128
15217
15129
15218
15130
15219
15131
15220
15132
15221
15133
15222
15134
15223
15135
15224
15136
15225
15137
15226
15138
15227
15139
15228
15140
15229
15141
15230
15142
15231
15143
15232
15144
15233
15145
15234
15146
15235
15147
15236
15148
15237
15149
15238
15150
15239
15151
15240
15152
15241
15153
15242
15154
15243
15155
15244
15156
15245
15157
15246
15158
15247
15159
15248
15160
15249
15161
15250
15162
15251
15163
15252
15164
15253
15165
15254
15166
15255
15167
15256
15168
15257
15169
15258
15170
15259
15171
15260
15172
15261
15173
15262
15174
15263
15175
15264
15176
15265
15177
15266
15178
15267
15179
15268
15180
15269
15181
15270
15182
15271
15183
15272
15184
15273
15185
15274
15186
15275
15187
15276
15188
15277
15189
15278
15190
15279
15191
15280
15192
15281
15193
15282
15194
15283
15195
15284
15196
15285
15197
15286
15198
15287
15199
15288
15200
15289
15201
15290
15202
15291
15203
15292
15204
15293
15205
15294
15206
15295
15207
15296
15208
15297
15209
15298
15299
15211
15300
15212
15301
15213
15302
15214
15303
15215
15304
15216
15305
15217
15306
15218
15307
15219
15308
15220
15309
15221
15310
15222
15311
15223
15312
15224
15313
15225
15314
15226
15315
15227
15316
15228
15317
15229
15318
15230
15319
15231
15320
15232
15321
15233
15322
15234
15323
15235
15324
15236
15325
15237
15326
15238
15327
15239
15328
15240
15329
15241
15330
15242
15331
15243
15332
15244
15333
15245
15334
15246
15335
15247
15336
15248
15337
15249
15338
15250
15339
15251
15340
15252
15341
15253
15342
15254
15343
15255
15344
15256
15345
15257
15346
15258
15347
15259
15348
15260
15349
15261
15350
15262
15351
15263
15352
15264
15353
15265
15354
15266
15355
15267
15356
15268
15357
15269
15358
15270
15359
15271
15360
15272
15361
15273
15362
15274
15363
15275
15364
15276
15365
15277
15366
15278
15367
15279
15368
15280
15369
15281
15370
15282
15371
15283
15372
15284
15373
15285
15374
15286
15375
15287
15376
15288
15377
15289
15378
15290
15379
15291
15380
15292
15381
15293
15382
15294
15383
15295
15384
15296
15385
15297
15386
15298
15387
15299
15388
15389
15301
15390
15302
15391
15303
15392
15304
15393
15305
15394
15306
15395
15307
15396
15308
15397
15309
15398
15310
15399
15311
15400
15312
15401
15313
15402
15314
15403
15315
15404
15316
15405
15317
15406
15318
15407
15319
15408
15320
15409
15321
15410
15322
15411
15323
15412
15324
15413
15325
15414
15326
15415
15327
15416
15328
15417
15329
15418
15330
15419
15331
15420
15332
15421
15333
15422
15334
15423
15335
15424
15336
15425
15337
15426
15338
15427
15339
15428
15340
15429
15341
15430
15342
15431
15343
15432
15344
15433
15345
15434
15346
15435
15347
15436
15348
15437
15349
15438
15350
15439
15351
15440
15352
15441
15353
15442
15354
15443
15355
15444
15356
15445
15357
15446
15358
15447
15359
15448
15360
15449
15361
15450
15362
15451
15363
15452
15364
15453
15365
15454
15366
15455
15367
15456
15368
15457
15369
15458
15370
15459
15371
15460
15372
15461
15373
15462
15374
15463
15375
15464
15376
15465
15377
15466
15378
15467
15379
15468
15380
15469
15381
15470
15382
15471
15383
15472
15384
15473
15385
15474
15386
15475
15387
15476
15388
15477
15389
15478
15479
15391
15480
15392
15481
15393
15482
15394
15483
15395
15484
15396
15485
15397
15486
15398
15487
15399
15488
15400
15489
15401
15490
15402
15491
15403
15492
15404
15493
15405
15494
15406
15495
15407
15496
15408
15497
15409
15498
15410
15499
15411
15500
15412
15501
15413
15502
15414
15503
15415
15504
15416
15505
15417
15506
15418
15507
15419
15508
15420
15509
15421
15510
15422
15511
15423
15512
15424
15513
15425
15514
15426
15515
15427
15516
15428
15517
15429
15518
15430
15519
15431
15520
15432
15521
15433
15522
15434
15523
15435
15524
15436
15525
15437
15526
15438
15527
15439
15528
15440
15529
15441
15530
15442
15531
15443
15532
15444
15533
15445
15534
15446
15535
15447
15536
15448
15537
15449
15538
15450
15539
15451
15540
15452
15541
15453
15542
15454
15543
15455
15544
15456
15545
15457
15546
15458
15547
15459
15548
15460
15549
15461
15550
15462
15551
15463
15552
15464
15553
15465
15554
15466
15555
15467
15556
15468
15557
15469
15558
15470
15559
15471
15560
15472
15561
15473
15562
15474
15563
15475
15564
15476
15565
15477
15566
15478
15567
15479
15568
15569
15481
15570
15482
15571
15483
15572
15484
15573
15485
15574
15486
15575
15487
15576
15488
15577
15489
15578
15490
15579
15491
15580
15492
15581
15493
15582
15494
15583
15495
15584
15496
15585
15497
15586
15498
15587
15499
15588
15500
15589
15501
15590
15502
15591
15503
15592
15504
15593
15505
15594
15506
15595
15507
15596
15508
15597
15509
15598
15510
15599
15511
15600
15512
15601
15513
15602
15514
15603
15515
15604
15516
15605
15517
15606
15518
15607
15519
15608
15520
15609
15521
15610
15522
15611
15523
15612
15524
15613
15525
15614
15526
15615
15527
15616
15528
15617
15529
15618
15530
15619
15531
15620
15532
15621
15533
15622
15534
15623
15535
15624
15536
15625
15537
15626
15538
15627
15539
15628
15540
15629
15541
15630
15542
15631
15543
15632
15544
15633
15545
15634
15546
15635
15547
15636
15548
15637
15549
15638
15550
15639
15551
15640
15552
15641
15553
15642
15554
15643
15555
15644
15556
15645
15557
15646
15558
15647
15559
15648
15560
15649
15561
15650
15562
15651
15563
15652
15564
15653
15565
15654
15566
15655
15567
15656
15568
15657
15569
15658
15659
15571
15660
15572
15661
15573
15662
15574
15663
15575
15664
15576
15665
15577
15666
15578
15667
15579
15668
15580
15669
15581
15670
15582
15671
15583
15672
15584
15673
15585
15674
15586
15675
15587
15676
15588
15677
15589
15678
15590
15679
15591
15680
15592
15681
15593
15682
15594
15683
15595
15684
15596
15685
15597
15686
15598
15687
15599
15688
15600
15689
15601
15690
15602
15691
15603
15692
15604
15693
15605
15694
15606
15695
15607
15696
15608
15697
15609
15698
15610
15699
15611
15700
15612
15701
15613
15702
15614
15703
15615
15704
15616
15705
15617
15706
15618
15707
15619
15708
15620
15709
15621
15710
15622
15711
15623
15712
15624
15713
15625
15714
15626
15715
15627
15716
15628
15717
15629
15718
15630
15719
15631
15720
15632
15721
15633
15722
15634
15723
15635
15724
15636
15725
15637
15726
15638
15727
15639
15728
15640
15729
15641
15730
15642
15731
15643
15732
15644
15733
15645
15734
15646
15735
15647
15736
15648
15737
15649
15738
15650
15739
15651
15740
15652
15741
15653
15742
15654
15743
15655
15744
15656
15745
15657
15746
15658
15747
15659
15748
15749
15661
15750
15662
15751
15663
15752
15664
15753
15665
15754
15666
15755
15667
15756
15668
15757
15669
15758
15670
15759
15671
15760
15672
15761
15673
15762
15674
15763
15675
15764
15676
15765
15677
15766
15678
15767
15679
15768
15680
15769
15681
15770
15682
15771
15683
15772
15684
15773
15685
15774
15686
15775
15687
15776
15688
15777
15689
15778
15690
15779
15691
15780
15692
15781
15693
15782
15694
15783
15695
15784
15696
15785
15697
15786
15698
15787
15699
15788
15700
15789
15701
15790
15702
15791
15703
15792
15704
15793
15705
15794
15706
15795
15707
15796
15708
15797
15709
15798
15710
15799
15711
15800
15712
15801
15713
15802
15714
15803
15715
15804
15716
15805
15717
15806
15718
15807
15719
15808
15720
15809
15721
15810
15722
15811
15723
15812
15724
15813
15725
15814
15726
15815
15727
15816
15728
15817
15729
15818
15730
15819
15731
15820
15732
15821
15733
15822
15734
15823
15735
15824
15736
15825
15737
15826
15738
15827
15739
15828
15740
15829
15741
15830
15742
15831
15743
15832
15744
15833
15745
15834
15746
15835
15747
15836
15748
15837
15749
15838
15839
15751
15840
15752
15841
15753
15842
15754
15843
15755
15844
15756
15845
15757
15846
15758
15847
15759
15848
15760
15849
15761
15850
15762
15851
15763
15852
15764
15853
15765
15854
15766
15855
15767
15856
15768
15857
15769
15858
15770
15859
15771
15860
15772
15861
15773
15862
15774
15863
15775
15864
15776
15865
15777
15866
15778
15867
15779
15868
15780
15869
15781
15870
15782
15871
15783
15872
15784
15873
15785
15874
15786
15875
15787
15876
15788
15877
15789
15878
15790
15879
15791
15880
15792
15881
15793
15882
15794
15883
15795
15884
15796
15885
15797
15886
15798
15887
15799
15888
15800
15889
15801
15890
15802
15891
15803
15892
15804
15893
15805
15894
15806
15895
15807
15896
15808
15897
15809
15898
15810
15899
15811
15900
15812
15901
15813
15902
15814
15903
15815
15904
15816
15905
15817
15906
15818
15907
15819
15908
15820
15909
15821
15910
15822
15911
15823
15912
15824
15913
15825
15914
15826
15915
15827
15916
15828
15917
15829
15918
15830
15919
15831
15920
15832
15921
15833
15922
15834
15923
15835
15924
15836
15925
15837
15926
15838
15927
15839
15928
15929
15841
15930
15842
15931
15843
15932
15844
15933
15845
15934
15846
15935
15847
15936
15848
15937
15849
15938
15850
15939
15851
15940
15852
15941
15853
15942
15854
15943
15855
15944
15856
15945
15857
15946
15858
15947
15859
15948
15860
15949
15861
15950
15862
15951
15863
15952
15864
15953
15865
15954
15866
15955
15867
15956
15868
15957
15869
15958
15870
15959
15871
15960
15872
15961
15873
15962
15874
15963
15875
15964
15876
15965
15877
15966
15878
15967
15879
15968
15880
15969
15881
15970
15882
15971
15883
15972
15884
15973
15885
15974
15886
15975
15887
15976
15888
15977
15889
15978
15890
15979
15891
15980
15892
15981
15893
15982
15894
15983
15895
15984
15896
15985
15897
15986
15898
15987
15899
15988
15900
15989
15901
15990
15902
15991
15903
15992
15904
15993
15905
15994
15906
15995
15907
15996
15908
15997
15909
15998
15910
15999
15911
16000
15912
16001
15913
16002
15914
16003
15915
16004
15916
16005
15917
16006
15918
16007
15919
16008
15920
16009
15921
16010
15922
16011
15923
16012
15924
16013
15925
16014
15926
16015
15927
16016
15928
16017
15929
16018
16019
15931
16020
15932
16021
15933
16022
15934
16023
15935
16024
15936
16025
15937
16026
15938
16027
15939
16028
15940
16029
15941
16030
15942
16031
15943
16032
15944
16033
15945
16034
15946
16035
15947
16036
15948
16037
15949
16038
15950
16039
15951
16040
15952
16041
15953
16042
15954
16043
15955
16044
15956
16045
15957
16046
15958
16047
15959
16048
15960
16049
15961
16050
15962
16051
15963
16052
15964
16053
15965
16054
15966
16055
15967
16056
15968
16057
15969
16058
15970
16059
15971
16060
15972
16061
15973
16062
15974
16063
15975
16064
15976
16065
15977
16066
15978
16067
15979
16068
15980
16069
15981
16070
15982
16071
15983
16072
15984
16073
15985
16074
15986
16075
15987
16076
15988
16077
15989
16078
15990
16079
15991
16080
15992
16081
15993
16082
15994
16083
15995
16084
15996
16085
15997
16086
15998
16087
15999
16088
16000
16089
16001
16090
16002
16091
16003
16092
16004
16093
16005
16094
16006
16095
16007
16096
16008
16097
16009
16098
16010
16099
16011
16100
16012
16101
16013
16102
16014
16103
16015
16104
16016
16105
16017
16106
16018
16107
16019
16108
16109
16021
16110
16022
16111
16023
16112
16024
16113
16025
16114
16026
16115
16027
16116
16028
16117
16029
16118
16030
16119
16031
16120
16032
16121
16033
16122
16034
16123
16035
16124
16036
16125
16037
16126
16038
16127
16039
16128
16040
16129
16041
16130
16042
16131
16043
16132
16044
16133
16045
16134
16046
16135
16047
16136
16048
16137
16049
16138
16050
16139
16051
16140
16052
16141
16053
16142
16054
16143
16055
16144
16056
16145
16057
16146
16058
16147
16059
16148
16060
16149
16061
16150
16062
16151
16063
16152
16064
16153
16065
16154
16066
16155
16067
16156
16068
16157
16069
16158
16070
16159
16071
16160
16072
16161
16073
16162
16074
16163
16075
16164
16076
16165
16077
16166
16078
16167
16079
16168
16080
16169
16081
16170
16082
16171
16083
16172
16084
16173
16085
16174
16086
16175
16087
16176
16088
16177
16089
16178
16090
16179
16091
16180
16092
16181
16093
16182
16094
16183
16095
16184
16096
16185
16097
16186
16098
16187
16099
16188
16100
16189
16101
16190
16102
16191
16103
16192
16104
16193
16105
16194
16106
16195
16107
16196
16108
16197
16109
16198
16199
16111
16200
16112
16201
16113
16202
16114
16203
16115
16204
16116
16205
16117
16206
16118
16207
16119
16208
16120
16209
16121
16210
16122
16211
16123
16212
16124
16213
16125
16214
16126
16215
16127
16216
16128
16217
16129
16218
16130
16219
16131
16220
16132
16221
16133
16222
16134
16223
16135
16224
16136
16225
16137
16226
16138
16227
16139
16228
16140
16229
16141
16230
16142
16231
16143
16232
16144
16233
16145
16234
16146
16235
16147
16236
16148
16237
16149
16238
16150
16239
16151
16240
16152
16241
16153
16242
16154
16243
16155
16244
16156
16245
16157
16246
16158
16247
16159
16248
16160
16249
16161
16250
16162
16251
16163
16252
16164
16253
16165
16254
16166
16255
16167
16256
16168
16257
16169
16258
16170
16259
16171
16260
16172
16261
16173
16262
16174
16263
16175
16264
16176
16265
16177
16266
16178
16267
16179
16268
16180
16269
16181
16270
16182
16271
16183
16272
16184
16273
16185
16274
16186
16275
16187
16276
16188
16277
16189
16278
16190
16279
16191
16280
16192
16281
16193
16282
16194
16283
16195
16284
16196
16285
16197
16286
16198
16287
16199
16288
16289
16201
16290
16202
16291
16203
16292
16204
16293
16205
16294
16206
16295
16207
16296
16208
16297
16209
16298
16210
16299
16211
16300
16212
16301
16213
16302
16214
16303
16215
16304
16216
16305
16217
16306
16218
16307
16219
16308
16220
16309
16221
16310
16222
16311
16223
16312
16224
16313
16225
16314
16226
16315
16227
16316
16228
16317
16229
16318
16230
16319
16231
16320
16232
16321
16233
16322
16234
16323
16235
16324
16236
16325
16237
16326
16238
16327
16239
16328
16240
16329
16241
16330
16242
16331
16243
16332
16244
16333
16245
16334
16246
16335
16247
16336
16248
16337
16249
16338
16250
16339
16251
16340
16252
16341
16253
16342
16254
16343
16255
16344
16256
16345
16257
16346
16258
16347
16259
16348
16260
16349
16261
16350
16262
16351
16263
16352
16264
16353
16265
16354
16266
16355
16267
16356
16268
16357
16269
16358
16270
16359
16271
16360
16272
16361
16273
16362
16274
16363
16275
16364
16276
16365
16277
16366
16278
16367
16279
16368
16280
16369
16281
16370
16282
16371
16283
16372
16284
16373
16285
16374
16286
16375
16287
16376
16288
16377
16289
16378
16379
16291
16380
16292
16381
16293
16382
16294
16383
16295
16384
16296
16385
16297
16386
16298
16387
16299
16388
16300
16389
16301
16390
16302
16391
16303
16392
16304
16393
16305
16394
16306
16395
16307
16396
16308
16397
16309
16398
16310
16399
16311
16400
16312
16401
16313
16402
16314
16403
16315
16404
16316
16405
16317
16406
16318
16407
16319
16408
16320
16409
16321
16410
16322
16411
16323
16412
16324
16413
16325
16414
16326
16415
16327
16416
16328
16417
16329
16418
16330
16419
16331
16420
16332
16421
16333
16422
16334
16423
16335
16424
16336
16425
16337
16426
16338
16427
16339
16428
16340
16429
16341
16430
16342
16431
16343
16432
16344
16433
16345
16434
16346
16435
16347
16436
16348
16437
16349
16438
16350
16439
16351
16440
16352
16441
16353
16442
16354
16443
16355
16444
16356
16445
16357
16446
16358
16447
16359
16448
16360
16449
16361
16450
16362
16451
16363
16452
16364
16453
16365
16454
16366
16455
16367
16456
16368
16457
16369
16458
16370
16459
16371
16460
16372
16461
16373
16462
16374
16463
16375
16464
16376
16465
16377
16466
16378
16467
16379
16468
16469
16381
16470
16382
16471
16383
16472
16384
16473
16385
16474
16386
16475
16387
16476
16388
16477
16389
16478
16390
16479
16391
16480
16392
16481
16393
16482
16394
16483
16395
16484
16396
16485
16397
16486
16398
16487
16399
16488
16400
16489
16401
16490
16402
16491
16403
16492
16404
16493
16405
16494
16406
16495
16407
16496
16408
16497
16409
16498
16410
16499
16411
16500
16412
16501
16413
16502
16414
16503
16415
16504
16416
16505
16417
16506
16418
16507
16419
16508
16420
16509
16421
16510
16422
16511
16423
16512
16424
16513
16425
16514
16426
16515
16427
16516
16428
16517
16429
16518
16430
16519
16431
16520
16432
16521
16433
16522
16434
16523
16435
16524
16436
16525
16437
16526
16438
16527
16439
16528
16440
16529
16441
16530
16442
16531
16443
16532
16444
16533
16445
16534
16446
16535
16447
16536
16448
16537
16449
16538
16450
16539
16451
16540
16452
16541
16453
16542
16454
16543
16455
16544
16456
16545
16457
16546
16458
16547
16459
16548
16460
16549
16461
16550
16462
16551
16463
16552
16464
16553
16465
16554
16466
16555
16467
16556
16468
16557
16469
16558
16559
16471
16560
16472
16561
16473
16562
16474
16563
16475
16564
16476
16565
16477
16566
16478
16567
16479
16568
16480
16569
16481
16570
16482
16571
16483
16572
16484
16573
16485
16574
16486
16575
16487
16576
16488
16577
16489
16578
16490
16579
16491
16580
16492
16581
16493
16582
16494
16583
16495
16584
16496
16585
16497
16586
16498
16587
16499
16588
16500
16589
16501
16590
16502
16591
16503
16592
16504
16593
16505
16594
16506
16595
16507
16596
16508
16597
16509
16598
16510
16599
16511
16600
16512
16601
16513
16602
16514
16603
16515
16604
16516
16605
16517
16606
16518
16607
16519
16608
16520
16609
16521
16610
16522
16611
16523
16612
16524
16613
16525
16614
16526
16615
16527
16616
16528
16617
16529
16618
16530
16619
16531
16620
16532
16621
16533
16622
16534
16623
16535
16624
16536
16625
16537
16626
16538
16627
16539
16628
16540
16629
16541
16630
16542
16631
16543
16632
16544
16633
16545
16634
16546
16635
16547
16636
16548
16637
16549
16638
16550
16639
16551
16640
16552
16641
16553
16642
16554
16643
16555
16644
16556
16645
16557
16646
16558
16647
16559
16648
16649
16561
16650
16562
16651
16563
16652
16564
16653
16565
16654
16566
16655
16567
16656
16568
16657
16569
16658
16570
16659
16571
16660
16572
16661
16573
16662
16574
16663
16575
16664
16576
16665
16577
16666
16578
16667
16579
16668
16580
16669
16581
16670
16582
16671
16583
16672
16584
16673
16585
16674
16586
16675
16587
16676
16588
16677
16589
16678
16590
16679
16591
16680
16592
16681
16593
16682
16594
16683
16595
16684
16596
16685
16597
16686
16598
16687
16599
16688
16600
16689
16601
16690
16602
16691
16603
16692
16604
16693
16605
16694
16606
16695
16607
16696
16608
16697
16609
16698
16610
16699
16611
16700
16612
16701
16613
16702
16614
16703
16615
16704
16616
16705
16617
16706
16618
16707
16619
16708
16620
16709
16621
16710
16622
16711
16623
16712
16624
16713
16625
16714
16626
16715
16627
16716
16628
16717
16629
16718
16630
16719
16631
16720
16632
16721
16633
16722
16634
16723
16635
16724
16636
16725
16637
16726
16638
16727
16639
16728
16640
16729
16641
16730
16642
16731
16643
16732
16644
16733
16645
16734
16646
16735
16647
16736
16648
16737
16649
16738
16739
16651
16740
16652
16741
16653
16742
16654
16743
16655
16744
16656
16745
16657
16746
16658
16747
16659
16748
16660
16749
16661
16750
16662
16751
16663
16752
16664
16753
16665
16754
16666
16755
16667
16756
16668
16757
16669
16758
16670
16759
16671
16760
16672
16761
16673
16762
16674
16763
16675
16764
16676
16765
16677
16766
16678
16767
16679
16768
16680
16769
16681
16770
16682
16771
16683
16772
16684
16773
16685
16774
16686
16775
16687
16776
16688
16777
16689
16778
16690
16779
16691
16780
16692
16781
16693
16782
16694
16783
16695
16784
16696
16785
16697
16786
16698
16787
16699
16788
16700
16789
16701
16790
16702
16791
16703
16792
16704
16793
16705
16794
16706
16795
16707
16796
16708
16797
16709
16798
16710
16799
16711
16800
16712
16801
16713
16802
16714
16803
16715
16804
16716
16805
16717
16806
16718
16807
16719
16808
16720
16809
16721
16810
16722
16811
16723
16812
16724
16813
16725
16814
16726
16815
16727
16816
16728
16817
16729
16818
16730
16819
16731
16820
16732
16821
16733
16822
16734
16823
16735
16824
16736
16825
16737
16826
16738
16827
16739
16828
16829
16741
16830
16742
16831
16743
16832
16744
16833
16745
16834
16746
16835
16747
16836
16748
16837
16749
16838
16750
16839
16751
16840
16752
16841
16753
16842
16754
16843
16755
16844
16756
16845
16757
16846
16758
16847
16759
16848
16760
16849
16761
16850
16762
16851
16763
16852
16764
16853
16765
16854
16766
16855
16767
16856
16768
16857
16769
16858
16770
16859
16771
16860
16772
16861
16773
16862
16774
16863
16775
16864
16776
16865
16777
16866
16778
16867
16779
16868
16780
16869
16781
16870
16782
16871
16783
16872
16784
16873
16785
16874
16786
16875
16787
16876
16788
16877
16789
16878
16790
16879
16791
16880
16792
16881
16793
16882
16794
16883
16795
16884
16796
16885
16797
16886
16798
16887
16799
16888
16800
16889
16801
16890
16802
16891
16803
16892
16804
16893
16805
16894
16806
16895
16807
16896
16808
16897
16809
16898
16810
16899
16811
16900
16812
16901
16813
16902
16814
16903
16815
16904
16816
16905
16817
16906
16818
16907
16819
16908
16820
16909
16821
16910
16822
16911
16823
16912
16824
16913
16825
16914
16826
16915
16827
16916
16828
16917
16829
16918
16919
16831
16920
16832
16921
16833
16922
16834
16923
16835
16924
16836
16925
16837
16926
16838
16927
16839
16928
16840
16929
16841
16930
16842
16931
16843
16932
16844
16933
16845
16934
16846
16935
16847
16936
16848
16937
16849
16938
16850
16939
16851
16940
16852
16941
16853
16942
16854
16943
16855
16944
16856
16945
16857
16946
16858
16947
16859
16948
16860
16949
16861
16950
16862
16951
16863
16952
16864
16953
16865
16954
16866
16955
16867
16956
16868
16957
16869
16958
16870
16959
16871
16960
16872
16961
16873
16962
16874
16963
16875
16964
16876
16965
16877
16966
16878
16967
16879
16968
16880
16969
16881
16970
16882
16971
16883
16972
16884
16973
16885
16974
16886
16975
16887
16976
16888
16977
16889
16978
16890
16979
16891
16980
16892
16981
16893
16982
16894
16983
16895
16984
16896
16985
16897
16986
16898
16987
16899
16988
16900
16989
16901
16990
16902
16991
16903
16992
16904
16993
16905
16994
16906
16995
16907
16996
16908
16997
16909
16998
16910
16999
16911
17000
16912
17001
16913
17002
16914
17003
16915
17004
16916
17005
16917
17006
16918
17007
16919
17008
17009
16921
17010
16922
17011
16923
17012
16924
17013
16925
17014
16926
17015
16927
17016
16928
17017
16929
17018
16930
17019
16931
17020
16932
17021
16933
17022
16934
17023
16935
17024
16936
17025
16937
17026
16938
17027
16939
17028
16940
17029
16941
17030
16942
17031
16943
17032
16944
17033
16945
17034
16946
17035
16947
17036
16948
17037
16949
17038
16950
17039
16951
17040
16952
17041
16953
17042
16954
17043
16955
17044
16956
17045
16957
17046
16958
17047
16959
17048
16960
17049
16961
17050
16962
17051
16963
17052
16964
17053
16965
17054
16966
17055
16967
17056
16968
17057
16969
17058
16970
17059
16971
17060
16972
17061
16973
17062
16974
17063
16975
17064
16976
17065
16977
17066
16978
17067
16979
17068
16980
17069
16981
17070
16982
17071
16983
17072
16984
17073
16985
17074
16986
17075
16987
17076
16988
17077
16989
17078
16990
17079
16991
17080
16992
17081
16993
17082
16994
17083
16995
17084
16996
17085
16997
17086
16998
17087
16999
17088
17000
17089
17001
17090
17002
17091
17003
17092
17004
17093
17005
17094
17006
17095
17007
17096
17008
17097
17009
17098
17099
17011
17100
17012
17101
17013
17102
17014
17103
17015
17104
17016
17105
17017
17106
17018
17107
17019
17108
17020
17109
17021
17110
17022
17111
17023
17112
17024
17113
17025
17114
17026
17115
17027
17116
17028
17117
17029
17118
17030
17119
17031
17120
17032
17121
17033
17122
17034
17123
17035
17124
17036
17125
17037
17126
17038
17127
17039
17128
17040
17129
17041
17130
17042
17131
17043
17132
17044
17133
17045
17134
17046
17135
17047
17136
17048
17137
17049
17138
17050
17139
17051
17140
17052
17141
17053
17142
17054
17143
17055
17144
17056
17145
17057
17146
17058
17147
17059
17148
17060
17149
17061
17150
17062
17151
17063
17152
17064
17153
17065
17154
17066
17155
17067
17156
17068
17157
17069
17158
17070
17159
17071
17160
17072
17161
17073
17162
17074
17163
17075
17164
17076
17165
17077
17166
17078
17167
17079
17168
17080
17169
17081
17170
17082
17171
17083
17172
17084
17173
17085
17174
17086
17175
17087
17176
17088
17177
17089
17178
17090
17179
17091
17180
17092
17181
17093
17182
17094
17183
17095
17184
17096
17185
17097
17186
17098
17187
17099
17188
17189
17101
17190
17102
17191
17103
17192
17104
17193
17105
17194
17106
17195
17107
17196
17108
17197
17109
17198
17110
17199
17111
17200
17112
17201
17113
17202
17114
17203
17115
17204
17116
17205
17117
17206
17118
17207
17119
17208
17120
17209
17121
17210
17122
17211
17123
17212
17124
17213
17125
17214
17126
17215
17127
17216
17128
17217
17129
17218
17130
17219
17131
17220
17132
17221
17133
17222
17134
17223
17135
17224
17136
17225
17137
17226
17138
17227
17139
17228
17140
17229
17141
17230
17142
17231
17143
17232
17144
17233
17145
17234
17146
17235
17147
17236
17148
17237
17149
17238
17150
17239
17151
17240
17152
17241
17153
17242
17154
17243
17155
17244
17156
17245
17157
17246
17158
17247
17159
17248
17160
17249
17161
17250
17162
17251
17163
17252
17164
17253
17165
17254
17166
17255
17167
17256
17168
17257
17169
17258
17170
17259
17171
17260
17172
17261
17173
17262
17174
17263
17175
17264
17176
17265
17177
17266
17178
17267
17179
17268
17180
17269
17181
17270
17182
17271
17183
17272
17184
17273
17185
17274
17186
17275
17187
17276
17188
17277
17189
17278
17279
17191
17280
17192
17281
17193
17282
17194
17283
17195
17284
17196
17285
17197
17286
17198
17287
17199
17288
17200
17289
17201
17290
17202
17291
17203
17292
17204
17293
17205
17294
17206
17295
17207
17296
17208
17297
17209
17298
17210
17299
17211
17300
17212
17301
17213
17302
17214
17303
17215
17304
17216
17305
17217
17306
17218
17307
17219
17308
17220
17309
17221
17310
17222
17311
17223
17312
17224
17313
17225
17314
17226
17315
17227
17316
17228
17317
17229
17318
17230
17319
17231
17320
17232
17321
17233
17322
17234
17323
17235
17324
17236
17325
17237
17326
17238
17327
17239
17328
17240
17329
17241
17330
17242
17331
17243
17332
17244
17333
17245
17334
17246
17335
17247
17336
17248
17337
17249
17338
17250
17339
17251
17340
17252
17341
17253
17342
17254
17343
17255
17344
17256
17345
17257
17346
17258
17347
17259
17348
17260
17349
17261
17350
17262
17351
17263
17352
17264
17353
17265
17354
17266
17355
17267
17356
17268
17357
17269
17358
17270
17359
17271
17360
17272
17361
17273
17362
17274
17363
17275
17364
17276
17365
17277
17366
17278
17367
17279
17368
17369
17281
17370
17282
17371
17283
17372
17284
17373
17285
17374
17286
17375
17287
17376
17288
17377
17289
17378
17290
17379
17291
17380
17292
17381
17293
17382
17294
17383
17295
17384
17296
17385
17297
17386
17298
17387
17299
17388
17300
17389
17301
17390
17302
17391
17303
17392
17304
17393
17305
17394
17306
17395
17307
17396
17308
17397
17309
17398
17310
17399
17311
17400
17312
17401
17313
17402
17314
17403
17315
17404
17316
17405
17317
17406
17318
17407
17319
17408
17320
17409
17321
17410
17322
17411
17323
17412
17324
17413
17325
17414
17326
17415
17327
17416
17328
17417
17329
17418
17330
17419
17331
17420
17332
17421
17333
17422
17334
17423
17335
17424
17336
17425
17337
17426
17338
17427
17339
17428
17340
17429
17341
17430
17342
17431
17343
17432
17344
17433
17345
17434
17346
17435
17347
17436
17348
17437
17349
17438
17350
17439
17351
17440
17352
17441
17353
17442
17354
17443
17355
17444
17356
17445
17357
17446
17358
17447
17359
17448
17360
17449
17361
17450
17362
17451
17363
17452
17364
17453
17365
17454
17366
17455
17367
17456
17368
17457
17369
17458
17459
17371
17460
17372
17461
17373
17462
17374
17463
17375
17464
17376
17465
17377
17466
17378
17467
17379
17468
17380
17469
17381
17470
17382
17471
17383
17472
17384
17473
17385
17474
17386
17475
17387
17476
17388
17477
17389
17478
17390
17479
17391
17480
17392
17481
17393
17482
17394
17483
17395
17484
17396
17485
17397
17486
17398
17487
17399
17488
17400
17489
17401
17490
17402
17491
17403
17492
17404
17493
17405
17494
17406
17495
17407
17496
17408
17497
17409
17498
17410
17499
17411
17500
17412
17501
17413
17502
17414
17503
17415
17504
17416
17505
17417
17506
17418
17507
17419
17508
17420
17509
17421
17510
17422
17511
17423
17512
17424
17513
17425
17514
17426
17515
17427
17516
17428
17517
17429
17518
17430
17519
17431
17520
17432
17521
17433
17522
17434
17523
17435
17524
17436
17525
17437
17526
17438
17527
17439
17528
17440
17529
17441
17530
17442
17531
17443
17532
17444
17533
17445
17534
17446
17535
17447
17536
17448
17537
17449
17538
17450
17539
17451
17540
17452
17541
17453
17542
17454
17543
17455
17544
17456
17545
17457
17546
17458
17547
17459
17548
17549
17461
17550
17462
17551
17463
17552
17464
17553
17465
17554
17466
17555
17467
17556
17468
17557
17469
17558
17470
17559
17471
17560
17472
17561
17473
17562
17474
17563
17475
17564
17476
17565
17477
17566
17478
17567
17479
17568
17480
17569
17481
17570
17482
17571
17483
17572
17484
17573
17485
17574
17486
17575
17487
17576
17488
17577
17489
17578
17490
17579
17491
17580
17492
17581
17493
17582
17494
17583
17495
17584
17496
17585
17497
17586
17498
17587
17499
17588
17500
17589
17501
17590
17502
17591
17503
17592
17504
17593
17505
17594
17506
17595
17507
17596
17508
17597
17509
17598
17510
17599
17511
17600
17512
17601
17513
17602
17514
17603
17515
17604
17516
17605
17517
17606
17518
17607
17519
17608
17520
17609
17521
17610
17522
17611
17523
17612
17524
17613
17525
17614
17526
17615
17527
17616
17528
17617
17529
17618
17530
17619
17531
17620
17532
17621
17533
17622
17534
17623
17535
17624
17536
17625
17537
17626
17538
17627
17539
17628
17540
17629
17541
17630
17542
17631
17543
17632
17544
17633
17545
17634
17546
17635
17547
17636
17548
17637
17549
17638
17639
17551
17640
17552
17641
17553
17642
17554
17643
17555
17644
17556
17645
17557
17646
17558
17647
17559
17648
17560
17649
17561
17650
17562
17651
17563
17652
17564
17653
17565
17654
17566
17655
17567
17656
17568
17657
17569
17658
17570
17659
17571
17660
17572
17661
17573
17662
17574
17663
17575
17664
17576
17665
17577
17666
17578
17667
17579
17668
17580
17669
17581
17670
17582
17671
17583
17672
17584
17673
17585
17674
17586
17675
17587
17676
17588
17677
17589
17678
17590
17679
17591
17680
17592
17681
17593
17682
17594
17683
17595
17684
17596
17685
17597
17686
17598
17687
17599
17688
17600
17689
17601
17690
17602
17691
17603
17692
17604
17693
17605
17694
17606
17695
17607
17696
17608
17697
17609
17698
17610
17699
17611
17700
17612
17701
17613
17702
17614
17703
17615
17704
17616
17705
17617
17706
17618
17707
17619
17708
17620
17709
17621
17710
17622
17711
17623
17712
17624
17713
17625
17714
17626
17715
17627
17716
17628
17717
17629
17718
17630
17719
17631
17720
17632
17721
17633
17722
17634
17723
17635
17724
17636
17725
17637
17726
17638
17727
17639
17728
17729
17641
17730
17642
17731
17643
17732
17644
17733
17645
17734
17646
17735
17647
17736
17648
17737
17649
17738
17650
17739
17651
17740
17652
17741
17653
17742
17654
17743
17655
17744
17656
17745
17657
17746
17658
17747
17659
17748
17660
17749
17661
17750
17662
17751
17663
17752
17664
17753
17665
17754
17666
17755
17667
17756
17668
17757
17669
17758
17670
17759
17671
17760
17672
17761
17673
17762
17674
17763
17675
17764
17676
17765
17677
17766
17678
17767
17679
17768
17680
17769
17681
17770
17682
17771
17683
17772
17684
17773
17685
17774
17686
17775
17687
17776
17688
17777
17689
17778
17690
17779
17691
17780
17692
17781
17693
17782
17694
17783
17695
17784
17696
17785
17697
17786
17698
17787
17699
17788
17700
17789
17701
17790
17702
17791
17703
17792
17704
17793
17705
17794
17706
17795
17707
17796
17708
17797
17709
17798
17710
17799
17711
17800
17712
17801
17713
17802
17714
17803
17715
17804
17716
17805
17717
17806
17718
17807
17719
17808
17720
17809
17721
17810
17722
17811
17723
17812
17724
17813
17725
17814
17726
17815
17727
17816
17728
17817
17729
17818
17819
17731
17820
17732
17821
17733
17822
17734
17823
17735
17824
17736
17825
17737
17826
17738
17827
17739
17828
17740
17829
17741
17830
17742
17831
17743
17832
17744
17833
17745
17834
17746
17835
17747
17836
17748
17837
17749
17838
17750
17839
17751
17840
17752
17841
17753
17842
17754
17843
17755
17844
17756
17845
17757
17846
17758
17847
17759
17848
17760
17849
17761
17850
17762
17851
17763
17852
17764
17853
17765
17854
17766
17855
17767
17856
17768
17857
17769
17858
17770
17859
17771
17860
17772
17861
17773
17862
17774
17863
17775
17864
17776
17865
17777
17866
17778
17867
17779
17868
17780
17869
17781
17870
17782
17871
17783
17872
17784
17873
17785
17874
17786
17875
17787
17876
17788
17877
17789
17878
17790
17879
17791
17880
17792
17881
17793
17882
17794
17883
17795
17884
17796
17885
17797
17886
17798
17887
17799
17888
17800
17889
17801
17890
17802
17891
17803
17892
17804
17893
17805
17894
17806
17895
17807
17896
17808
17897
17809
17898
17810
17899
17811
17900
17812
17901
17813
17902
17814
17903
17815
17904
17816
17905
17817
17906
17818
17907
17819
17908
17909
17821
17910
17822
17911
17823
17912
17824
17913
17825
17914
17826
17915
17827
17916
17828
17917
17829
17918
17830
17919
17831
17920
17832
17921
17833
17922
17834
17923
17835
17924
17836
17925
17837
17926
17838
17927
17839
17928
17840
17929
17841
17930
17842
17931
17843
17932
17844
17933
17845
17934
17846
17935
17847
17936
17848
17937
17849
17938
17850
17939
17851
17940
17852
17941
17853
17942
17854
17943
17855
17944
17856
17945
17857
17946
17858
17947
17859
17948
17860
17949
17861
17950
17862
17951
17863
17952
17864
17953
17865
17954
17866
17955
17867
17956
17868
17957
17869
17958
17870
17959
17871
17960
17872
17961
17873
17962
17874
17963
17875
17964
17876
17965
17877
17966
17878
17967
17879
17968
17880
17969
17881
17970
17882
17971
17883
17972
17884
17973
17885
17974
17886
17975
17887
17976
17888
17977
17889
17978
17890
17979
17891
17980
17892
17981
17893
17982
17894
17983
17895
17984
17896
17985
17897
17986
17898
17987
17899
17988
17900
17989
17901
17990
17902
17991
17903
17992
17904
17993
17905
17994
17906
17995
17907
17996
17908
17997
17909
17998
17999
17911
18000
17912
18001
17913
18002
17914
18003
17915
18004
17916
18005
17917
18006
17918
18007
17919
18008
17920
18009
17921
18010
17922
18011
17923
18012
17924
18013
17925
18014
17926
18015
17927
18016
17928
18017
17929
18018
17930
18019
17931
18020
17932
18021
17933
18022
17934
18023
17935
18024
17936
18025
17937
18026
17938
18027
17939
18028
17940
18029
17941
18030
17942
18031
17943
18032
17944
18033
17945
18034
17946
18035
17947
18036
17948
18037
17949
18038
17950
18039
17951
18040
17952
18041
17953
18042
17954
18043
17955
18044
17956
18045
17957
18046
17958
18047
17959
18048
17960
18049
17961
18050
17962
18051
17963
18052
17964
18053
17965
18054
17966
18055
17967
18056
17968
18057
17969
18058
17970
18059
17971
18060
17972
18061
17973
18062
17974
18063
17975
18064
17976
18065
17977
18066
17978
18067
17979
18068
17980
18069
17981
18070
17982
18071
17983
18072
17984
18073
17985
18074
17986
18075
17987
18076
17988
18077
17989
18078
17990
18079
17991
18080
17992
18081
17993
18082
17994
18083
17995
18084
17996
18085
17997
18086
17998
18087
17999
18088
18089
18001
18090
18002
18091
18003
18092
18004
18093
18005
18094
18006
18095
18007
18096
18008
18097
18009
18098
18010
18099
18011
18100
18012
18101
18013
18102
18014
18103
18015
18104
18016
18105
18017
18106
18018
18107
18019
18108
18020
18109
18021
18110
18022
18111
18023
18112
18024
18113
18025
18114
18026
18115
18027
18116
18028
18117
18029
18118
18030
18119
18031
18120
18032
18121
18033
18122
18034
18123
18035
18124
18036
18125
18037
18126
18038
18127
18039
18128
18040
18129
18041
18130
18042
18131
18043
18132
18044
18133
18045
18134
18046
18135
18047
18136
18048
18137
18049
18138
18050
18139
18051
18140
18052
18141
18053
18142
18054
18143
18055
18144
18056
18145
18057
18146
18058
18147
18059
18148
18060
18149
18061
18150
18062
18151
18063
18152
18064
18153
18065
18154
18066
18155
18067
18156
18068
18157
18069
18158
18070
18159
18071
18160
18072
18161
18073
18162
18074
18163
18075
18164
18076
18165
18077
18166
18078
18167
18079
18168
18080
18169
18081
18170
18082
18171
18083
18172
18084
18173
18085
18174
18086
18175
18087
18176
18088
18177
18089
18178
18179
18091
18180
18092
18181
18093
18182
18094
18183
18095
18184
18096
18185
18097
18186
18098
18187
18099
18188
18100
18189
18101
18190
18102
18191
18103
18192
18104
18193
18105
18194
18106
18195
18107
18196
18108
18197
18109
18198
18110
18199
18111
18200
18112
18201
18113
18202
18114
18203
18115
18204
18116
18205
18117
18206
18118
18207
18119
18208
18120
18209
18121
18210
18122
18211
18123
18212
18124
18213
18125
18214
18126
18215
18127
18216
18128
18217
18129
18218
18130
18219
18131
18220
18132
18221
18133
18222
18134
18223
18135
18224
18136
18225
18137
18226
18138
18227
18139
18228
18140
18229
18141
18230
18142
18231
18143
18232
18144
18233
18145
18234
18146
18235
18147
18236
18148
18237
18149
18238
18150
18239
18151
18240
18152
18241
18153
18242
18154
18243
18155
18244
18156
18245
18157
18246
18158
18247
18159
18248
18160
18249
18161
18250
18162
18251
18163
18252
18164
18253
18165
18254
18166
18255
18167
18256
18168
18257
18169
18258
18170
18259
18171
18260
18172
18261
18173
18262
18174
18263
18175
18264
18176
18265
18177
18266
18178
18267
18179
18268
18269
18181
18270
18182
18271
18183
18272
18184
18273
18185
18274
18186
18275
18187
18276
18188
18277
18189
18278
18190
18279
18191
18280
18192
18281
18193
18282
18194
18283
18195
18284
18196
18285
18197
18286
18198
18287
18199
18288
18200
18289
18201
18290
18202
18291
18203
18292
18204
18293
18205
18294
18206
18295
18207
18296
18208
18297
18209
18298
18210
18299
18211
18300
18212
18301
18213
18302
18214
18303
18215
18304
18216
18305
18217
18306
18218
18307
18219
18308
18220
18309
18221
18310
18222
18311
18223
18312
18224
18313
18225
18314
18226
18315
18227
18316
18228
18317
18229
18318
18230
18319
18231
18320
18232
18321
18233
18322
18234
18323
18235
18324
18236
18325
18237
18326
18238
18327
18239
18328
18240
18329
18241
18330
18242
18331
18243
18332
18244
18333
18245
18334
18246
18335
18247
18336
18248
18337
18249
18338
18250
18339
18251
18340
18252
18341
18253
18342
18254
18343
18255
18344
18256
18345
18257
18346
18258
18347
18259
18348
18260
18349
18261
18350
18262
18351
18263
18352
18264
18353
18265
18354
18266
18355
18267
18356
18268
18357
18269
18358
18359
18271
18360
18272
18361
18273
18362
18274
18363
18275
18364
18276
18365
18277
18366
18278
18367
18279
18368
18280
18369
18281
18370
18282
18371
18283
18372
18284
18373
18285
18374
18286
18375
18287
18376
18288
18377
18289
18378
18290
18379
18291
18380
18292
18381
18293
18382
18294
18383
18295
18384
18296
18385
18297
18386
18298
18387
18299
18388
18300
18389
18301
18390
18302
18391
18303
18392
18304
18393
18305
18394
18306
18395
18307
18396
18308
18397
18309
18398
18310
18399
18311
18400
18312
18401
18313
18402
18314
18403
18315
18404
18316
18405
18317
18406
18318
18407
18319
18408
18320
18409
18321
18410
18322
18411
18323
18412
18324
18413
18325
18414
18326
18415
18327
18416
18328
18417
18329
18418
18330
18419
18331
18420
18332
18421
18333
18422
18334
18423
18335
18424
18336
18425
18337
18426
18338
18427
18339
18428
18340
18429
18341
18430
18342
18431
18343
18432
18344
18433
18345
18434
18346
18435
18347
18436
18348
18437
18349
18438
18350
18439
18351
18440
18352
18441
18353
18442
18354
18443
18355
18444
18356
18445
18357
18446
18358
18447
18359
18448
18449
18361
18450
18362
18451
18363
18452
18364
18453
18365
18454
18366
18455
18367
18456
18368
18457
18369
18458
18370
18459
18371
18460
18372
18461
18373
18462
18374
18463
18375
18464
18376
18465
18377
18466
18378
18467
18379
18468
18380
18469
18381
18470
18382
18471
18383
18472
18384
18473
18385
18474
18386
18475
18387
18476
18388
18477
18389
18478
18390
18479
18391
18480
18392
18481
18393
18482
18394
18483
18395
18484
18396
18485
18397
18486
18398
18487
18399
18488
18400
18489
18401
18490
18402
18491
18403
18492
18404
18493
18405
18494
18406
18495
18407
18496
18408
18497
18409
18498
18410
18499
18411
18500
18412
18501
18413
18502
18414
18503
18415
18504
18416
18505
18417
18506
18418
18507
18419
18508
18420
18509
18421
18510
18422
18511
18423
18512
18424
18513
18425
18514
18426
18515
18427
18516
18428
18517
18429
18518
18430
18519
18431
18520
18432
18521
18433
18522
18434
18523
18435
18524
18436
18525
18437
18526
18438
18527
18439
18528
18440
18529
18441
18530
18442
18531
18443
18532
18444
18533
18445
18534
18446
18535
18447
18536
18448
18537
18449
18538
18539
18451
18540
18452
18541
18453
18542
18454
18543
18455
18544
18456
18545
18457
18546
18458
18547
18459
18548
18460
18549
18461
18550
18462
18551
18463
18552
18464
18553
18465
18554
18466
18555
18467
18556
18468
18557
18469
18558
18470
18559
18471
18560
18472
18561
18473
18562
18474
18563
18475
18564
18476
18565
18477
18566
18478
18567
18479
18568
18480
18569
18481
18570
18482
18571
18483
18572
18484
18573
18485
18574
18486
18575
18487
18576
18488
18577
18489
18578
18490
18579
18491
18580
18492
18581
18493
18582
18494
18583
18495
18584
18496
18585
18497
18586
18498
18587
18499
18588
18500
18589
18501
18590
18502
18591
18503
18592
18504
18593
18505
18594
18506
18595
18507
18596
18508
18597
18509
18598
18510
18599
18511
18600
18512
18601
18513
18602
18514
18603
18515
18604
18516
18605
18517
18606
18518
18607
18519
18608
18520
18609
18521
18610
18522
18611
18523
18612
18524
18613
18525
18614
18526
18615
18527
18616
18528
18617
18529
18618
18530
18619
18531
18620
18532
18621
18533
18622
18534
18623
18535
18624
18536
18625
18537
18626
18538
18627
18539
18628
18629
18541
18630
18542
18631
18543
18632
18544
18633
18545
18634
18546
18635
18547
18636
18548
18637
18549
18638
18550
18639
18551
18640
18552
18641
18553
18642
18554
18643
18555
18644
18556
18645
18557
18646
18558
18647
18559
18648
18560
18649
18561
18650
18562
18651
18563
18652
18564
18653
18565
18654
18566
18655
18567
18656
18568
18657
18569
18658
18570
18659
18571
18660
18572
18661
18573
18662
18574
18663
18575
18664
18576
18665
18577
18666
18578
18667
18579
18668
18580
18669
18581
18670
18582
18671
18583
18672
18584
18673
18585
18674
18586
18675
18587
18676
18588
18677
18589
18678
18590
18679
18591
18680
18592
18681
18593
18682
18594
18683
18595
18684
18596
18685
18597
18686
18598
18687
18599
18688
18600
18689
18601
18690
18602
18691
18603
18692
18604
18693
18605
18694
18606
18695
18607
18696
18608
18697
18609
18698
18610
18699
18611
18700
18612
18701
18613
18702
18614
18703
18615
18704
18616
18705
18617
18706
18618
18707
18619
18708
18620
18709
18621
18710
18622
18711
18623
18712
18624
18713
18625
18714
18626
18715
18627
18716
18628
18717
18629
18718
18719
18631
18720
18632
18721
18633
18722
18634
18723
18635
18724
18636
18725
18637
18726
18638
18727
18639
18728
18640
18729
18641
18730
18642
18731
18643
18732
18644
18733
18645
18734
18646
18735
18647
18736
18648
18737
18649
18738
18650
18739
18651
18740
18652
18741
18653
18742
18654
18743
18655
18744
18656
18745
18657
18746
18658
18747
18659
18748
18660
18749
18661
18750
18662
18751
18663
18752
18664
18753
18665
18754
18666
18755
18667
18756
18668
18757
18669
18758
18670
18759
18671
18760
18672
18761
18673
18762
18674
18763
18675
18764
18676
18765
18677
18766
18678
18767
18679
18768
18680
18769
18681
18770
18682
18771
18683
18772
18684
18773
18685
18774
18686
18775
18687
18776
18688
18777
18689
18778
18690
18779
18691
18780
18692
18781
18693
18782
18694
18783
18695
18784
18696
18785
18697
18786
18698
18787
18699
18788
18700
18789
18701
18790
18702
18791
18703
18792
18704
18793
18705
18794
18706
18795
18707
18796
18708
18797
18709
18798
18710
18799
18711
18800
18712
18801
18713
18802
18714
18803
18715
18804
18716
18805
18717
18806
18718
18807
18719
18808
18809
18721
18810
18722
18811
18723
18812
18724
18813
18725
18814
18726
18815
18727
18816
18728
18817
18729
18818
18730
18819
18731
18820
18732
18821
18733
18822
18734
18823
18735
18824
18736
18825
18737
18826
18738
18827
18739
18828
18740
18829
18741
18830
18742
18831
18743
18832
18744
18833
18745
18834
18746
18835
18747
18836
18748
18837
18749
18838
18750
18839
18751
18840
18752
18841
18753
18842
18754
18843
18755
18844
18756
18845
18757
18846
18758
18847
18759
18848
18760
18849
18761
18850
18762
18851
18763
18852
18764
18853
18765
18854
18766
18855
18767
18856
18768
18857
18769
18858
18770
18859
18771
18860
18772
18861
18773
18862
18774
18863
18775
18864
18776
18865
18777
18866
18778
18867
18779
18868
18780
18869
18781
18870
18782
18871
18783
18872
18784
18873
18785
18874
18786
18875
18787
18876
18788
18877
18789
18878
18790
18879
18791
18880
18792
18881
18793
18882
18794
18883
18795
18884
18796
18885
18797
18886
18798
18887
18799
18888
18800
18889
18801
18890
18802
18891
18803
18892
18804
18893
18805
18894
18806
18895
18807
18896
18808
18897
18809
18898
18899
18811
18900
18812
18901
18813
18902
18814
18903
18815
18904
18816
18905
18817
18906
18818
18907
18819
18908
18820
18909
18821
18910
18822
18911
18823
18912
18824
18913
18825
18914
18826
18915
18827
18916
18828
18917
18829
18918
18830
18919
18831
18920
18832
18921
18833
18922
18834
18923
18835
18924
18836
18925
18837
18926
18838
18927
18839
18928
18840
18929
18841
18930
18842
18931
18843
18932
18844
18933
18845
18934
18846
18935
18847
18936
18848
18937
18849
18938
18850
18939
18851
18940
18852
18941
18853
18942
18854
18943
18855
18944
18856
18945
18857
18946
18858
18947
18859
18948
18860
18949
18861
18950
18862
18951
18863
18952
18864
18953
18865
18954
18866
18955
18867
18956
18868
18957
18869
18958
18870
18959
18871
18960
18872
18961
18873
18962
18874
18963
18875
18964
18876
18965
18877
18966
18878
18967
18879
18968
18880
18969
18881
18970
18882
18971
18883
18972
18884
18973
18885
18974
18886
18975
18887
18976
18888
18977
18889
18978
18890
18979
18891
18980
18892
18981
18893
18982
18894
18983
18895
18984
18896
18985
18897
18986
18898
18987
18899
18988
18989
18901
18990
18902
18991
18903
18992
18904
18993
18905
18994
18906
18995
18907
18996
18908
18997
18909
18998
18910
18999
18911
19000
18912
19001
18913
19002
18914
19003
18915
19004
18916
19005
18917
19006
18918
19007
18919
19008
18920
19009
18921
19010
18922
19011
18923
19012
18924
19013
18925
19014
18926
19015
18927
19016
18928
19017
18929
19018
18930
19019
18931
19020
18932
19021
18933
19022
18934
19023
18935
19024
18936
19025
18937
19026
18938
19027
18939
19028
18940
19029
18941
19030
18942
19031
18943
19032
18944
19033
18945
19034
18946
19035
18947
19036
18948
19037
18949
19038
18950
19039
18951
19040
18952
19041
18953
19042
18954
19043
18955
19044
18956
19045
18957
19046
18958
19047
18959
19048
18960
19049
18961
19050
18962
19051
18963
19052
18964
19053
18965
19054
18966
19055
18967
19056
18968
19057
18969
19058
18970
19059
18971
19060
18972
19061
18973
19062
18974
19063
18975
19064
18976
19065
18977
19066
18978
19067
18979
19068
18980
19069
18981
19070
18982
19071
18983
19072
18984
19073
18985
19074
18986
19075
18987
19076
18988
19077
18989
19078
19079
18991
19080
18992
19081
18993
19082
18994
19083
18995
19084
18996
19085
18997
19086
18998
19087
18999
19088
19000
19089
19001
19090
19002
19091
19003
19092
19004
19093
19005
19094
19006
19095
19007
19096
19008
19097
19009
19098
19010
19099
19011
19100
19012
19101
19013
19102
19014
19103
19015
19104
19016
19105
19017
19106
19018
19107
19019
19108
19020
19109
19021
19110
19022
19111
19023
19112
19024
19113
19025
19114
19026
19115
19027
19116
19028
19117
19029
19118
19030
19119
19031
19120
19032
19121
19033
19122
19034
19123
19035
19124
19036
19125
19037
19126
19038
19127
19039
19128
19040
19129
19041
19130
19042
19131
19043
19132
19044
19133
19045
19134
19046
19135
19047
19136
19048
19137
19049
19138
19050
19139
19051
19140
19052
19141
19053
19142
19054
19143
19055
19144
19056
19145
19057
19146
19058
19147
19059
19148
19060
19149
19061
19150
19062
19151
19063
19152
19064
19153
19065
19154
19066
19155
19067
19156
19068
19157
19069
19158
19070
19159
19071
19160
19072
19161
19073
19162
19074
19163
19075
19164
19076
19165
19077
19166
19078
19167
19079
19168
19169
19081
19170
19082
19171
19083
19172
19084
19173
19085
19174
19086
19175
19087
19176
19088
19177
19089
19178
19090
19179
19091
19180
19092
19181
19093
19182
19094
19183
19095
19184
19096
19185
19097
19186
19098
19187
19099
19188
19100
19189
19101
19190
19102
19191
19103
19192
19104
19193
19105
19194
19106
19195
19107
19196
19108
19197
19109
19198
19110
19199
19111
19200
19112
19201
19113
19202
19114
19203
19115
19204
19116
19205
19117
19206
19118
19207
19119
19208
19120
19209
19121
19210
19122
19211
19123
19212
19124
19213
19125
19214
19126
19215
19127
19216
19128
19217
19129
19218
19130
19219
19131
19220
19132
19221
19133
19222
19134
19223
19135
19224
19136
19225
19137
19226
19138
19227
19139
19228
19140
19229
19141
19230
19142
19231
19143
19232
19144
19233
19145
19234
19146
19235
19147
19236
19148
19237
19149
19238
19150
19239
19151
19240
19152
19241
19153
19242
19154
19243
19155
19244
19156
19245
19157
19246
19158
19247
19159
19248
19160
19249
19161
19250
19162
19251
19163
19252
19164
19253
19165
19254
19166
19255
19167
19256
19168
19257
19169
19258
19259
19171
19260
19172
19261
19173
19262
19174
19263
19175
19264
19176
19265
19177
19266
19178
19267
19179
19268
19180
19269
19181
19270
19182
19271
19183
19272
19184
19273
19185
19274
19186
19275
19187
19276
19188
19277
19189
19278
19190
19279
19191
19280
19192
19281
19193
19282
19194
19283
19195
19284
19196
19285
19197
19286
19198
19287
19199
19288
19200
19289
19201
19290
19202
19291
19203
19292
19204
19293
19205
19294
19206
19295
19207
19296
19208
19297
19209
19298
19210
19299
19211
19300
19212
19301
19213
19302
19214
19303
19215
19304
19216
19305
19217
19306
19218
19307
19219
19308
19220
19309
19221
19310
19222
19311
19223
19312
19224
19313
19225
19314
19226
19315
19227
19316
19228
19317
19229
19318
19230
19319
19231
19320
19232
19321
19233
19322
19234
19323
19235
19324
19236
19325
19237
19326
19238
19327
19239
19328
19240
19329
19241
19330
19242
19331
19243
19332
19244
19333
19245
19334
19246
19335
19247
19336
19248
19337
19249
19338
19250
19339
19251
19340
19252
19341
19253
19342
19254
19343
19255
19344
19256
19345
19257
19346
19258
19347
19259
19348
19349
19261
19350
19262
19351
19263
19352
19264
19353
19265
19354
19266
19355
19267
19356
19268
19357
19269
19358
19270
19359
19271
19360
19272
19361
19273
19362
19274
19363
19275
19364
19276
19365
19277
19366
19278
19367
19279
19368
19280
19369
19281
19370
19282
19371
19283
19372
19284
19373
19285
19374
19286
19375
19287
19376
19288
19377
19289
19378
19290
19379
19291
19380
19292
19381
19293
19382
19294
19383
19295
19384
19296
19385
19297
19386
19298
19387
19299
19388
19300
19389
19301
19390
19302
19391
19303
19392
19304
19393
19305
19394
19306
19395
19307
19396
19308
19397
19309
19398
19310
19399
19311
19400
19312
19401
19313
19402
19314
19403
19315
19404
19316
19405
19317
19406
19318
19407
19319
19408
19320
19409
19321
19410
19322
19411
19323
19412
19324
19413
19325
19414
19326
19415
19327
19416
19328
19417
19329
19418
19330
19419
19331
19420
19332
19421
19333
19422
19334
19423
19335
19424
19336
19425
19337
19426
19338
19427
19339
19428
19340
19429
19341
19430
19342
19431
19343
19432
19344
19433
19345
19434
19346
19435
19347
19436
19348
19437
19349
19438
19439
19351
19440
19352
19441
19353
19442
19354
19443
19355
19444
19356
19445
19357
19446
19358
19447
19359
19448
19360
19449
19361
19450
19362
19451
19363
19452
19364
19453
19365
19454
19366
19455
19367
19456
19368
19457
19369
19458
19370
19459
19371
19460
19372
19461
19373
19462
19374
19463
19375
19464
19376
19465
19377
19466
19378
19467
19379
19468
19380
19469
19381
19470
19382
19471
19383
19472
19384
19473
19385
19474
19386
19475
19387
19476
19388
19477
19389
19478
19390
19479
19391
19480
19392
19481
19393
19482
19394
19483
19395
19484
19396
19485
19397
19486
19398
19487
19399
19488
19400
19489
19401
19490
19402
19491
19403
19492
19404
19493
19405
19494
19406
19495
19407
19496
19408
19497
19409
19498
19410
19499
19411
19500
19412
19501
19413
19502
19414
19503
19415
19504
19416
19505
19417
19506
19418
19507
19419
19508
19420
19509
19421
19510
19422
19511
19423
19512
19424
19513
19425
19514
19426
19515
19427
19516
19428
19517
19429
19518
19430
19519
19431
19520
19432
19521
19433
19522
19434
19523
19435
19524
19436
19525
19437
19526
19438
19527
19439
19528
19529
19441
19530
19442
19531
19443
19532
19444
19533
19445
19534
19446
19535
19447
19536
19448
19537
19449
19538
19450
19539
19451
19540
19452
19541
19453
19542
19454
19543
19455
19544
19456
19545
19457
19546
19458
19547
19459
19548
19460
19549
19461
19550
19462
19551
19463
19552
19464
19553
19465
19554
19466
19555
19467
19556
19468
19557
19469
19558
19470
19559
19471
19560
19472
19561
19473
19562
19474
19563
19475
19564
19476
19565
19477
19566
19478
19567
19479
19568
19480
19569
19481
19570
19482
19571
19483
19572
19484
19573
19485
19574
19486
19575
19487
19576
19488
19577
19489
19578
19490
19579
19491
19580
19492
19581
19493
19582
19494
19583
19495
19584
19496
19585
19497
19586
19498
19587
19499
19588
19500
19589
19501
19590
19502
19591
19503
19592
19504
19593
19505
19594
19506
19595
19507
19596
19508
19597
19509
19598
19510
19599
19511
19600
19512
19601
19513
19602
19514
19603
19515
19604
19516
19605
19517
19606
19518
19607
19519
19608
19520
19609
19521
19610
19522
19611
19523
19612
19524
19613
19525
19614
19526
19615
19527
19616
19528
19617
19529
19618
19619
19531
19620
19532
19621
19533
19622
19534
19623
19535
19624
19536
19625
19537
19626
19538
19627
19539
19628
19540
19629
19541
19630
19542
19631
19543
19632
19544
19633
19545
19634
19546
19635
19547
19636
19548
19637
19549
19638
19550
19639
19551
19640
19552
19641
19553
19642
19554
19643
19555
19644
19556
19645
19557
19646
19558
19647
19559
19648
19560
19649
19561
19650
19562
19651
19563
19652
19564
19653
19565
19654
19566
19655
19567
19656
19568
19657
19569
19658
19570
19659
19571
19660
19572
19661
19573
19662
19574
19663
19575
19664
19576
19665
19577
19666
19578
19667
19579
19668
19580
19669
19581
19670
19582
19671
19583
19672
19584
19673
19585
19674
19586
19675
19587
19676
19588
19677
19589
19678
19590
19679
19591
19680
19592
19681
19593
19682
19594
19683
19595
19684
19596
19685
19597
19686
19598
19687
19599
19688
19600
19689
19601
19690
19602
19691
19603
19692
19604
19693
19605
19694
19606
19695
19607
19696
19608
19697
19609
19698
19610
19699
19611
19700
19612
19701
19613
19702
19614
19703
19615
19704
19616
19705
19617
19706
19618
19707
19619
19708
19709
19621
19710
19622
19711
19623
19712
19624
19713
19625
19714
19626
19715
19627
19716
19628
19717
19629
19718
19630
19719
19631
19720
19632
19721
19633
19722
19634
19723
19635
19724
19636
19725
19637
19726
19638
19727
19639
19728
19640
19729
19641
19730
19642
19731
19643
19732
19644
19733
19645
19734
19646
19735
19647
19736
19648
19737
19649
19738
19650
19739
19651
19740
19652
19741
19653
19742
19654
19743
19655
19744
19656
19745
19657
19746
19658
19747
19659
19748
19660
19749
19661
19750
19662
19751
19663
19752
19664
19753
19665
19754
19666
19755
19667
19756
19668
19757
19669
19758
19670
19759
19671
19760
19672
19761
19673
19762
19674
19763
19675
19764
19676
19765
19677
19766
19678
19767
19679
19768
19680
19769
19681
19770
19682
19771
19683
19772
19684
19773
19685
19774
19686
19775
19687
19776
19688
19777
19689
19778
19690
19779
19691
19780
19692
19781
19693
19782
19694
19783
19695
19784
19696
19785
19697
19786
19698
19787
19699
19788
19700
19789
19701
19790
19702
19791
19703
19792
19704
19793
19705
19794
19706
19795
19707
19796
19708
19797
19709
19798
19799
19711
19800
19712
19801
19713
19802
19714
19803
19715
19804
19716
19805
19717
19806
19718
19807
19719
19808
19720
19809
19721
19810
19722
19811
19723
19812
19724
19813
19725
19814
19726
19815
19727
19816
19728
19817
19729
19818
19730
19819
19731
19820
19732
19821
19733
19822
19734
19823
19735
19824
19736
19825
19737
19826
19738
19827
19739
19828
19740
19829
19741
19830
19742
19831
19743
19832
19744
19833
19745
19834
19746
19835
19747
19836
19748
19837
19749
19838
19750
19839
19751
19840
19752
19841
19753
19842
19754
19843
19755
19844
19756
19845
19757
19846
19758
19847
19759
19848
19760
19849
19761
19850
19762
19851
19763
19852
19764
19853
19765
19854
19766
19855
19767
19856
19768
19857
19769
19858
19770
19859
19771
19860
19772
19861
19773
19862
19774
19863
19775
19864
19776
19865
19777
19866
19778
19867
19779
19868
19780
19869
19781
19870
19782
19871
19783
19872
19784
19873
19785
19874
19786
19875
19787
19876
19788
19877
19789
19878
19790
19879
19791
19880
19792
19881
19793
19882
19794
19883
19795
19884
19796
19885
19797
19886
19798
19887
19799
19888
19889
19801
19890
19802
19891
19803
19892
19804
19893
19805
19894
19806
19895
19807
19896
19808
19897
19809
19898
19810
19899
19811
19900
19812
19901
19813
19902
19814
19903
19815
19904
19816
19905
19817
19906
19818
19907
19819
19908
19820
19909
19821
19910
19822
19911
19823
19912
19824
19913
19825
19914
19826
19915
19827
19916
19828
19917
19829
19918
19830
19919
19831
19920
19832
19921
19833
19922
19834
19923
19835
19924
19836
19925
19837
19926
19838
19927
19839
19928
19840
19929
19841
19930
19842
19931
19843
19932
19844
19933
19845
19934
19846
19935
19847
19936
19848
19937
19849
19938
19850
19939
19851
19940
19852
19941
19853
19942
19854
19943
19855
19944
19856
19945
19857
19946
19858
19947
19859
19948
19860
19949
19861
19950
19862
19951
19863
19952
19864
19953
19865
19954
19866
19955
19867
19956
19868
19957
19869
19958
19870
19959
19871
19960
19872
19961
19873
19962
19874
19963
19875
19964
19876
19965
19877
19966
19878
19967
19879
19968
19880
19969
19881
19970
19882
19971
19883
19972
19884
19973
19885
19974
19886
19975
19887
19976
19888
19977
19889
19978
19979
19891
19980
19892
19981
19893
19982
19894
19983
19895
19984
19896
19985
19897
19986
19898
19987
19899
19988
19900
19989
19901
19990
19902
19991
19903
19992
19904
19993
19905
19994
19906
19995
19907
19996
19908
19997
19909
19998
19910
19999
19911
20000
19912
20001
19913
20002
19914
20003
19915
20004
19916
20005
19917
20006
19918
20007
19919
20008
19920
20009
19921
20010
19922
20011
19923
20012
19924
20013
19925
20014
19926
20015
19927
20016
19928
20017
19929
20018
19930
20019
19931
20020
19932
20021
19933
20022
19934
20023
19935
20024
19936
20025
19937
20026
19938
20027
19939
20028
19940
20029
19941
20030
19942
20031
19943
20032
19944
20033
19945
20034
19946
20035
19947
20036
19948
20037
19949
20038
19950
20039
19951
20040
19952
20041
19953
20042
19954
20043
19955
20044
19956
20045
19957
20046
19958
20047
19959
20048
19960
20049
19961
20050
19962
20051
19963
20052
19964
20053
19965
20054
19966
20055
19967
20056
19968
20057
19969
20058
19970
20059
19971
20060
19972
20061
19973
20062
19974
20063
19975
20064
19976
20065
19977
20066
19978
20067
19979
20068
20069
19981
20070
19982
20071
19983
20072
19984
20073
19985
20074
19986
20075
19987
20076
19988
20077
19989
20078
19990
20079
19991
20080
19992
20081
19993
20082
19994
20083
19995
20084
19996
20085
19997
20086
19998
20087
19999
20088
20000
20089
20001
20090
20002
20091
20003
20092
20004
20093
20005
20094
20006
20095
20007
20096
20008
20097
20009
20098
20010
20099
20011
20100
20012
20101
20013
20102
20014
20103
20015
20104
20016
20105
20017
20106
20018
20107
20019
20108
20020
20109
20021
20110
20022
20111
20023
20112
20024
20113
20025
20114
20026
20115
20027
20116
20028
20117
20029
20118
20030
20119
20031
20120
20032
20121
20033
20122
20034
20123
20035
20124
20036
20125
20037
20126
20038
20127
20039
20128
20040
20129
20041
20130
20042
20131
20043
20132
20044
20133
20045
20134
20046
20135
20047
20136
20048
20137
20049
20138
20050
20139
20051
20140
20052
20141
20053
20142
20054
20143
20055
20144
20056
20145
20057
20146
20058
20147
20059
20148
20060
20149
20061
20150
20062
20151
20063
20152
20064
20153
20065
20154
20066
20155
20067
20156
20068
20157
20069
20158
20159
20071
20160
20072
20161
20073
20162
20074
20163
20075
20164
20076
20165
20077
20166
20078
20167
20079
20168
20080
20169
20081
20170
20082
20171
20083
20172
20084
20173
20085
20174
20086
20175
20087
20176
20088
20177
20089
20178
20090
20179
20091
20180
20092
20181
20093
20182
20094
20183
20095
20184
20096
20185
20097
20186
20098
20187
20099
20188
20100
20189
20101
20190
20102
20191
20103
20192
20104
20193
20105
20194
20106
20195
20107
20196
20108
20197
20109
20198
20110
20199
20111
20200
20112
20201
20113
20202
20114
20203
20115
20204
20116
20205
20117
20206
20118
20207
20119
20208
20120
20209
20121
20210
20122
20211
20123
20212
20124
20213
20125
20214
20126
20215
20127
20216
20128
20217
20129
20218
20130
20219
20131
20220
20132
20221
20133
20222
20134
20223
20135
20224
20136
20225
20137
20226
20138
20227
20139
20228
20140
20229
20141
20230
20142
20231
20143
20232
20144
20233
20145
20234
20146
20235
20147
20236
20148
20237
20149
20238
20150
20239
20151
20240
20152
20241
20153
20242
20154
20243
20155
20244
20156
20245
20157
20246
20158
20247
20159
20248
20249
20161
20250
20162
20251
20163
20252
20164
20253
20165
20254
20166
20255
20167
20256
20168
20257
20169
20258
20170
20259
20171
20260
20172
20261
20173
20262
20174
20263
20175
20264
20176
20265
20177
20266
20178
20267
20179
20268
20180
20269
20181
20270
20182
20271
20183
20272
20184
20273
20185
20274
20186
20275
20187
20276
20188
20277
20189
20278
20190
20279
20191
20280
20192
20281
20193
20282
20194
20283
20195
20284
20196
20285
20197
20286
20198
20287
20199
20288
20200
20289
20201
20290
20202
20291
20203
20292
20204
20293
20205
20294
20206
20295
20207
20296
20208
20297
20209
20298
20210
20299
20211
20300
20212
20301
20213
20302
20214
20303
20215
20304
20216
20305
20217
20306
20218
20307
20219
20308
20220
20309
20221
20310
20222
20311
20223
20312
20224
20313
20225
20314
20226
20315
20227
20316
20228
20317
20229
20318
20230
20319
20231
20320
20232
20321
20233
20322
20234
20323
20235
20324
20236
20325
20237
20326
20238
20327
20239
20328
20240
20329
20241
20330
20242
20331
20243
20332
20244
20333
20245
20334
20246
20335
20247
20336
20248
20337
20249
20338
20339
20251
20340
20252
20341
20253
20342
20254
20343
20255
20344
20256
20345
20257
20346
20258
20347
20259
20348
20260
20349
20261
20350
20262
20351
20263
20352
20264
20353
20265
20354
20266
20355
20267
20356
20268
20357
20269
20358
20270
20359
20271
20360
20272
20361
20273
20362
20274
20363
20275
20364
20276
20365
20277
20366
20278
20367
20279
20368
20280
20369
20281
20370
20282
20371
20283
20372
20284
20373
20285
20374
20286
20375
20287
20376
20288
20377
20289
20378
20290
20379
20291
20380
20292
20381
20293
20382
20294
20383
20295
20384
20296
20385
20297
20386
20298
20387
20299
20388
20300
20389
20301
20390
20302
20391
20303
20392
20304
20393
20305
20394
20306
20395
20307
20396
20308
20397
20309
20398
20310
20399
20311
20400
20312
20401
20313
20402
20314
20403
20315
20404
20316
20405
20317
20406
20318
20407
20319
20408
20320
20409
20321
20410
20322
20411
20323
20412
20324
20413
20325
20414
20326
20415
20327
20416
20328
20417
20329
20418
20330
20419
20331
20420
20332
20421
20333
20422
20334
20423
20335
20424
20336
20425
20337
20426
20338
20427
20339
20428
20429
20341
20430
20342
20431
20343
20432
20344
20433
20345
20434
20346
20435
20347
20436
20348
20437
20349
20438
20350
20439
20351
20440
20352
20441
20353
20442
20354
20443
20355
20444
20356
20445
20357
20446
20358
20447
20359
20448
20360
20449
20361
20450
20362
20451
20363
20452
20364
20453
20365
20454
20366
20455
20367
20456
20368
20457
20369
20458
20370
20459
20371
20460
20372
20461
20373
20462
20374
20463
20375
20464
20376
20465
20377
20466
20378
20467
20379
20468
20380
20469
20381
20470
20382
20471
20383
20472
20384
20473
20385
20474
20386
20475
20387
20476
20388
20477
20389
20478
20390
20479
20391
20480
20392
20481
20393
20482
20394
20483
20395
20484
20396
20485
20397
20486
20398
20487
20399
20488
20400
20489
20401
20490
20402
20491
20403
20492
20404
20493
20405
20494
20406
20495
20407
20496
20408
20497
20409
20498
20410
20499
20411
20500
20412
20501
20413
20502
20414
20503
20415
20504
20416
20505
20417
20506
20418
20507
20419
20508
20420
20509
20421
20510
20422
20511
20423
20512
20424
20513
20425
20514
20426
20515
20427
20516
20428
20517
20429
20518
20519
20431
20520
20432
20521
20433
20522
20434
20523
20435
20524
20436
20525
20437
20526
20438
20527
20439
20528
20440
20529
20441
20530
20442
20531
20443
20532
20444
20533
20445
20534
20446
20535
20447
20536
20448
20537
20449
20538
20450
20539
20451
20540
20452
20541
20453
20542
20454
20543
20455
20544
20456
20545
20457
20546
20458
20547
20459
20548
20460
20549
20461
20550
20462
20551
20463
20552
20464
20553
20465
20554
20466
20555
20467
20556
20468
20557
20469
20558
20470
20559
20471
20560
20472
20561
20473
20562
20474
20563
20475
20564
20476
20565
20477
20566
20478
20567
20479
20568
20480
20569
20481
20570
20482
20571
20483
20572
20484
20573
20485
20574
20486
20575
20487
20576
20488
20577
20489
20578
20490
20579
20491
20580
20492
20581
20493
20582
20494
20583
20495
20584
20496
20585
20497
20586
20498
20587
20499
20588
20500
20589
20501
20590
20502
20591
20503
20592
20504
20593
20505
20594
20506
20595
20507
20596
20508
20597
20509
20598
20510
20599
20511
20600
20512
20601
20513
20602
20514
20603
20515
20604
20516
20605
20517
20606
20518
20607
20519
20608
20609
20521
20610
20522
20611
20523
20612
20524
20613
20525
20614
20526
20615
20527
20616
20528
20617
20529
20618
20530
20619
20531
20620
20532
20621
20533
20622
20534
20623
20535
20624
20536
20625
20537
20626
20538
20627
20539
20628
20540
20629
20541
20630
20542
20631
20543
20632
20544
20633
20545
20634
20546
20635
20547
20636
20548
20637
20549
20638
20550
20639
20551
20640
20552
20641
20553
20642
20554
20643
20555
20644
20556
20645
20557
20646
20558
20647
20559
20648
20560
20649
20561
20650
20562
20651
20563
20652
20564
20653
20565
20654
20566
20655
20567
20656
20568
20657
20569
20658
20570
20659
20571
20660
20572
20661
20573
20662
20574
20663
20575
20664
20576
20665
20577
20666
20578
20667
20579
20668
20580
20669
20581
20670
20582
20671
20583
20672
20584
20673
20585
20674
20586
20675
20587
20676
20588
20677
20589
20678
20590
20679
20591
20680
20592
20681
20593
20682
20594
20683
20595
20684
20596
20685
20597
20686
20598
20687
20599
20688
20600
20689
20601
20690
20602
20691
20603
20692
20604
20693
20605
20694
20606
20695
20607
20696
20608
20697
20609
20698
20699
20611
20700
20612
20701
20613
20702
20614
20703
20615
20704
20616
20705
20617
20706
20618
20707
20619
20708
20620
20709
20621
20710
20622
20711
20623
20712
20624
20713
20625
20714
20626
20715
20627
20716
20628
20717
20629
20718
20630
20719
20631
20720
20632
20721
20633
20722
20634
20723
20635
20724
20636
20725
20637
20726
20638
20727
20639
20728
20640
20729
20641
20730
20642
20731
20643
20732
20644
20733
20645
20734
20646
20735
20647
20736
20648
20737
20649
20738
20650
20739
20651
20740
20652
20741
20653
20742
20654
20743
20655
20744
20656
20745
20657
20746
20658
20747
20659
20748
20660
20749
20661
20750
20662
20751
20663
20752
20664
20753
20665
20754
20666
20755
20667
20756
20668
20757
20669
20758
20670
20759
20671
20760
20672
20761
20673
20762
20674
20763
20675
20764
20676
20765
20677
20766
20678
20767
20679
20768
20680
20769
20681
20770
20682
20771
20683
20772
20684
20773
20685
20774
20686
20775
20687
20776
20688
20777
20689
20778
20690
20779
20691
20780
20692
20781
20693
20782
20694
20783
20695
20784
20696
20785
20697
20786
20698
20787
20699
20788
20789
20701
20790
20702
20791
20703
20792
20704
20793
20705
20794
20706
20795
20707
20796
20708
20797
20709
20798
20710
20799
20711
20800
20712
20801
20713
20802
20714
20803
20715
20804
20716
20805
20717
20806
20718
20807
20719
20808
20720
20809
20721
20810
20722
20811
20723
20812
20724
20813
20725
20814
20726
20815
20727
20816
20728
20817
20729
20818
20730
20819
20731
20820
20732
20821
20733
20822
20734
20823
20735
20824
20736
20825
20737
20826
20738
20827
20739
20828
20740
20829
20741
20830
20742
20831
20743
20832
20744
20833
20745
20834
20746
20835
20747
20836
20748
20837
20749
20838
20750
20839
20751
20840
20752
20841
20753
20842
20754
20843
20755
20844
20756
20845
20757
20846
20758
20847
20759
20848
20760
20849
20761
20850
20762
20851
20763
20852
20764
20853
20765
20854
20766
20855
20767
20856
20768
20857
20769
20858
20770
20859
20771
20860
20772
20861
20773
20862
20774
20863
20775
20864
20776
20865
20777
20866
20778
20867
20779
20868
20780
20869
20781
20870
20782
20871
20783
20872
20784
20873
20785
20874
20786
20875
20787
20876
20788
20877
20789
20878
20879
20791
20880
20792
20881
20793
20882
20794
20883
20795
20884
20796
20885
20797
20886
20798
20887
20799
20888
20800
20889
20801
20890
20802
20891
20803
20892
20804
20893
20805
20894
20806
20895
20807
20896
20808
20897
20809
20898
20810
20899
20811
20900
20812
20901
20813
20902
20814
20903
20815
20904
20816
20905
20817
20906
20818
20907
20819
20908
20820
20909
20821
20910
20822
20911
20823
20912
20824
20913
20825
20914
20826
20915
20827
20916
20828
20917
20829
20918
20830
20919
20831
20920
20832
20921
20833
20922
20834
20923
20835
20924
20836
20925
20837
20926
20838
20927
20839
20928
20840
20929
20841
20930
20842
20931
20843
20932
20844
20933
20845
20934
20846
20935
20847
20936
20848
20937
20849
20938
20850
20939
20851
20940
20852
20941
20853
20942
20854
20943
20855
20944
20856
20945
20857
20946
20858
20947
20859
20948
20860
20949
20861
20950
20862
20951
20863
20952
20864
20953
20865
20954
20866
20955
20867
20956
20868
20957
20869
20958
20870
20959
20871
20960
20872
20961
20873
20962
20874
20963
20875
20964
20876
20965
20877
20966
20878
20967
20879
20968
20969
20881
20970
20882
20971
20883
20972
20884
20973
20885
20974
20886
20975
20887
20976
20888
20977
20889
20978
20890
20979
20891
20980
20892
20981
20893
20982
20894
20983
20895
20984
20896
20985
20897
20986
20898
20987
20899
20988
20900
20989
20901
20990
20902
20991
20903
20992
20904
20993
20905
20994
20906
20995
20907
20996
20908
20997
20909
20998
20910
20999
20911
21000
20912
21001
20913
21002
20914
21003
20915
21004
20916
21005
20917
21006
20918
21007
20919
21008
20920
21009
20921
21010
20922
21011
20923
21012
20924
21013
20925
21014
20926
21015
20927
21016
20928
21017
20929
21018
20930
21019
20931
21020
20932
21021
20933
21022
20934
21023
20935
21024
20936
21025
20937
21026
20938
21027
20939
21028
20940
21029
20941
21030
20942
21031
20943
21032
20944
21033
20945
21034
20946
21035
20947
21036
20948
21037
20949
21038
20950
21039
20951
21040
20952
21041
20953
21042
20954
21043
20955
21044
20956
21045
20957
21046
20958
21047
20959
21048
20960
21049
20961
21050
20962
21051
20963
21052
20964
21053
20965
21054
20966
21055
20967
21056
20968
21057
20969
21058
21059
20971
21060
20972
21061
20973
21062
20974
21063
20975
21064
20976
21065
20977
21066
20978
21067
20979
21068
20980
21069
20981
21070
20982
21071
20983
21072
20984
21073
20985
21074
20986
21075
20987
21076
20988
21077
20989
21078
20990
21079
20991
21080
20992
21081
20993
21082
20994
21083
20995
21084
20996
21085
20997
21086
20998
21087
20999
21088
21000
21089
21001
21090
21002
21091
21003
21092
21004
21093
21005
21094
21006
21095
21007
21096
21008
21097
21009
21098
21010
21099
21011
21100
21012
21101
21013
21102
21014
21103
21015
21104
21016
21105
21017
21106
21018
21107
21019
21108
21020
21109
21021
21110
21022
21111
21023
21112
21024
21113
21025
21114
21026
21115
21027
21116
21028
21117
21029
21118
21030
21119
21031
21120
21032
21121
21033
21122
21034
21123
21035
21124
21036
21125
21037
21126
21038
21127
21039
21128
21040
21129
21041
21130
21042
21131
21043
21132
21044
21133
21045
21134
21046
21135
21047
21136
21048
21137
21049
21138
21050
21139
21051
21140
21052
21141
21053
21142
21054
21143
21055
21144
21056
21145
21057
21146
21058
21147
21059
21148
21149
21061
21150
21062
21151
21063
21152
21064
21153
21065
21154
21066
21155
21067
21156
21068
21157
21069
21158
21070
21159
21071
21160
21072
21161
21073
21162
21074
21163
21075
21164
21076
21165
21077
21166
21078
21167
21079
21168
21080
21169
21081
21170
21082
21171
21083
21172
21084
21173
21085
21174
21086
21175
21087
21176
21088
21177
21089
21178
21090
21179
21091
21180
21092
21181
21093
21182
21094
21183
21095
21184
21096
21185
21097
21186
21098
21187
21099
21188
21100
21189
21101
21190
21102
21191
21103
21192
21104
21193
21105
21194
21106
21195
21107
21196
21108
21197
21109
21198
21110
21199
21111
21200
21112
21201
21113
21202
21114
21203
21115
21204
21116
21205
21117
21206
21118
21207
21119
21208
21120
21209
21121
21210
21122
21211
21123
21212
21124
21213
21125
21214
21126
21215
21127
21216
21128
21217
21129
21218
21130
21219
21131
21220
21132
21221
21133
21222
21134
21223
21135
21224
21136
21225
21137
21226
21138
21227
21139
21228
21140
21229
21141
21230
21142
21231
21143
21232
21144
21233
21145
21234
21146
21235
21147
21236
21148
21237
21149
21238
21239
21151
21240
21152
21241
21153
21242
21154
21243
21155
21244
21156
21245
21157
21246
21158
21247
21159
21248
21160
21249
21161
21250
21162
21251
21163
21252
21164
21253
21165
21254
21166
21255
21167
21256
21168
21257
21169
21258
21170
21259
21171
21260
21172
21261
21173
21262
21174
21263
21175
21264
21176
21265
21177
21266
21178
21267
21179
21268
21180
21269
21181
21270
21182
21271
21183
21272
21184
21273
21185
21274
21186
21275
21187
21276
21188
21277
21189
21278
21190
21279
21191
21280
21192
21281
21193
21282
21194
21283
21195
21284
21196
21285
21197
21286
21198
21287
21199
21288
21200
21289
21201
21290
21202
21291
21203
21292
21204
21293
21205
21294
21206
21295
21207
21296
21208
21297
21209
21298
21210
21299
21211
21300
21212
21301
21213
21302
21214
21303
21215
21304
21216
21305
21217
21306
21218
21307
21219
21308
21220
21309
21221
21310
21222
21311
21223
21312
21224
21313
21225
21314
21226
21315
21227
21316
21228
21317
21229
21318
21230
21319
21231
21320
21232
21321
21233
21322
21234
21323
21235
21324
21236
21325
21237
21326
21238
21327
21239
21328
21329
21241
21330
21242
21331
21243
21332
21244
21333
21245
21334
21246
21335
21247
21336
21248
21337
21249
21338
21250
21339
21251
21340
21252
21341
21253
21342
21254
21343
21255
21344
21256
21345
21257
21346
21258
21347
21259
21348
21260
21349
21261
21350
21262
21351
21263
21352
21264
21353
21265
21354
21266
21355
21267
21356
21268
21357
21269
21358
21270
21359
21271
21360
21272
21361
21273
21362
21274
21363
21275
21364
21276
21365
21277
21366
21278
21367
21279
21368
21280
21369
21281
21370
21282
21371
21283
21372
21284
21373
21285
21374
21286
21375
21287
21376
21288
21377
21289
21378
21290
21379
21291
21380
21292
21381
21293
21382
21294
21383
21295
21384
21296
21385
21297
21386
21298
21387
21299
21388
21300
21389
21301
21390
21302
21391
21303
21392
21304
21393
21305
21394
21306
21395
21307
21396
21308
21397
21309
21398
21310
21399
21311
21400
21312
21401
21313
21402
21314
21403
21315
21404
21316
21405
21317
21406
21318
21407
21319
21408
21320
21409
21321
21410
21322
21411
21323
21412
21324
21413
21325
21414
21326
21415
21327
21416
21328
21417
21329
21418
21419
21331
21420
21332
21421
21333
21422
21334
21423
21335
21424
21336
21425
21337
21426
21338
21427
21339
21428
21340
21429
21341
21430
21342
21431
21343
21432
21344
21433
21345
21434
21346
21435
21347
21436
21348
21437
21349
21438
21350
21439
21351
21440
21352
21441
21353
21442
21354
21443
21355
21444
21356
21445
21357
21446
21358
21447
21359
21448
21360
21449
21361
21450
21362
21451
21363
21452
21364
21453
21365
21454
21366
21455
21367
21456
21368
21457
21369
21458
21370
21459
21371
21460
21372
21461
21373
21462
21374
21463
21375
21464
21376
21465
21377
21466
21378
21467
21379
21468
21380
21469
21381
21470
21382
21471
21383
21472
21384
21473
21385
21474
21386
21475
21387
21476
21388
21477
21389
21478
21390
21479
21391
21480
21392
21481
21393
21482
21394
21483
21395
21484
21396
21485
21397
21486
21398
21487
21399
21488
21400
21489
21401
21490
21402
21491
21403
21492
21404
21493
21405
21494
21406
21495
21407
21496
21408
21497
21409
21498
21410
21499
21411
21500
21412
21501
21413
21502
21414
21503
21415
21504
21416
21505
21417
21506
21418
21507
21419
21508
21509
21421
21510
21422
21511
21423
21512
21424
21513
21425
21514
21426
21515
21427
21516
21428
21517
21429
21518
21430
21519
21431
21520
21432
21521
21433
21522
21434
21523
21435
21524
21436
21525
21437
21526
21438
21527
21439
21528
21440
21529
21441
21530
21442
21531
21443
21532
21444
21533
21445
21534
21446
21535
21447
21536
21448
21537
21449
21538
21450
21539
21451
21540
21452
21541
21453
21542
21454
21543
21455
21544
21456
21545
21457
21546
21458
21547
21459
21548
21460
21549
21461
21550
21462
21551
21463
21552
21464
21553
21465
21554
21466
21555
21467
21556
21468
21557
21469
21558
21470
21559
21471
21560
21472
21561
21473
21562
21474
21563
21475
21564
21476
21565
21477
21566
21478
21567
21479
21568
21480
21569
21481
21570
21482
21571
21483
21572
21484
21573
21485
21574
21486
21575
21487
21576
21488
21577
21489
21578
21490
21579
21491
21580
21492
21581
21493
21582
21494
21583
21495
21584
21496
21585
21497
21586
21498
21587
21499
21588
21500
21589
21501
21590
21502
21591
21503
21592
21504
21593
21505
21594
21506
21595
21507
21596
21508
21597
21509
21598
21599
21511
21600
21512
21601
21513
21602
21514
21603
21515
21604
21516
21605
21517
21606
21518
21607
21519
21608
21520
21609
21521
21610
21522
21611
21523
21612
21524
21613
21525
21614
21526
21615
21527
21616
21528
21617
21529
21618
21530
21619
21531
21620
21532
21621
21533
21622
21534
21623
21535
21624
21536
21625
21537
21626
21538
21627
21539
21628
21540
21629
21541
21630
21542
21631
21543
21632
21544
21633
21545
21634
21546
21635
21547
21636
21548
21637
21549
21638
21550
21639
21551
21640
21552
21641
21553
21642
21554
21643
21555
21644
21556
21645
21557
21646
21558
21647
21559
21648
21560
21649
21561
21650
21562
21651
21563
21652
21564
21653
21565
21654
21566
21655
21567
21656
21568
21657
21569
21658
21570
21659
21571
21660
21572
21661
21573
21662
21574
21663
21575
21664
21576
21665
21577
21666
21578
21667
21579
21668
21580
21669
21581
21670
21582
21671
21583
21672
21584
21673
21585
21674
21586
21675
21587
21676
21588
21677
21589
21678
21590
21679
21591
21680
21592
21681
21593
21682
21594
21683
21595
21684
21596
21685
21597
21686
21598
21687
21599
21688
21689
21601
21690
21602
21691
21603
21692
21604
21693
21605
21694
21606
21695
21607
21696
21608
21697
21609
21698
21610
21699
21611
21700
21612
21701
21613
21702
21614
21703
21615
21704
21616
21705
21617
21706
21618
21707
21619
21708
21620
21709
21621
21710
21622
21711
21623
21712
21624
21713
21625
21714
21626
21715
21627
21716
21628
21717
21629
21718
21630
21719
21631
21720
21632
21721
21633
21722
21634
21723
21635
21724
21636
21725
21637
21726
21638
21727
21639
21728
21640
21729
21641
21730
21642
21731
21643
21732
21644
21733
21645
21734
21646
21735
21647
21736
21648
21737
21649
21738
21650
21739
21651
21740
21652
21741
21653
21742
21654
21743
21655
21744
21656
21745
21657
21746
21658
21747
21659
21748
21660
21749
21661
21750
21662
21751
21663
21752
21664
21753
21665
21754
21666
21755
21667
21756
21668
21757
21669
21758
21670
21759
21671
21760
21672
21761
21673
21762
21674
21763
21675
21764
21676
21765
21677
21766
21678
21767
21679
21768
21680
21769
21681
21770
21682
21771
21683
21772
21684
21773
21685
21774
21686
21775
21687
21776
21688
21777
21689
21778
21779
21691
21780
21692
21781
21693
21782
21694
21783
21695
21784
21696
21785
21697
21786
21698
21787
21699
21788
21700
21789
21701
21790
21702
21791
21703
21792
21704
21793
21705
21794
21706
21795
21707
21796
21708
21797
21709
21798
21710
21799
21711
21800
21712
21801
21713
21802
21714
21803
21715
21804
21716
21805
21717
21806
21718
21807
21719
21808
21720
21809
21721
21810
21722
21811
21723
21812
21724
21813
21725
21814
21726
21815
21727
21816
21728
21817
21729
21818
21730
21819
21731
21820
21732
21821
21733
21822
21734
21823
21735
21824
21736
21825
21737
21826
21738
21827
21739
21828
21740
21829
21741
21830
21742
21831
21743
21832
21744
21833
21745
21834
21746
21835
21747
21836
21748
21837
21749
21838
21750
21839
21751
21840
21752
21841
21753
21842
21754
21843
21755
21844
21756
21845
21757
21846
21758
21847
21759
21848
21760
21849
21761
21850
21762
21851
21763
21852
21764
21853
21765
21854
21766
21855
21767
21856
21768
21857
21769
21858
21770
21859
21771
21860
21772
21861
21773
21862
21774
21863
21775
21864
21776
21865
21777
21866
21778
21867
21779
21868
21869
21781
21870
21782
21871
21783
21872
21784
21873
21785
21874
21786
21875
21787
21876
21788
21877
21789
21878
21790
21879
21791
21880
21792
21881
21793
21882
21794
21883
21795
21884
21796
21885
21797
21886
21798
21887
21799
21888
21800
21889
21801
21890
21802
21891
21803
21892
21804
21893
21805
21894
21806
21895
21807
21896
21808
21897
21809
21898
21810
21899
21811
21900
21812
21901
21813
21902
21814
21903
21815
21904
21816
21905
21817
21906
21818
21907
21819
21908
21820
21909
21821
21910
21822
21911
21823
21912
21824
21913
21825
21914
21826
21915
21827
21916
21828
21917
21829
21918
21830
21919
21831
21920
21832
21921
21833
21922
21834
21923
21835
21924
21836
21925
21837
21926
21838
21927
21839
21928
21840
21929
21841
21930
21842
21931
21843
21932
21844
21933
21845
21934
21846
21935
21847
21936
21848
21937
21849
21938
21850
21939
21851
21940
21852
21941
21853
21942
21854
21943
21855
21944
21856
21945
21857
21946
21858
21947
21859
21948
21860
21949
21861
21950
21862
21951
21863
21952
21864
21953
21865
21954
21866
21955
21867
21956
21868
21957
21869
21958
21959
21871
21960
21872
21961
21873
21962
21874
21963
21875
21964
21876
21965
21877
21966
21878
21967
21879
21968
21880
21969
21881
21970
21882
21971
21883
21972
21884
21973
21885
21974
21886
21975
21887
21976
21888
21977
21889
21978
21890
21979
21891
21980
21892
21981
21893
21982
21894
21983
21895
21984
21896
21985
21897
21986
21898
21987
21899
21988
21900
21989
21901
21990
21902
21991
21903
21992
21904
21993
21905
21994
21906
21995
21907
21996
21908
21997
21909
21998
21910
21999
21911
22000
21912
22001
21913
22002
21914
22003
21915
22004
21916
22005
21917
22006
21918
22007
21919
22008
21920
22009
21921
22010
21922
22011
21923
22012
21924
22013
21925
22014
21926
22015
21927
22016
21928
22017
21929
22018
21930
22019
21931
22020
21932
22021
21933
22022
21934
22023
21935
22024
21936
22025
21937
22026
21938
22027
21939
22028
21940
22029
21941
22030
21942
22031
21943
22032
21944
22033
21945
22034
21946
22035
21947
22036
21948
22037
21949
22038
21950
22039
21951
22040
21952
22041
21953
22042
21954
22043
21955
22044
21956
22045
21957
22046
21958
22047
21959
22048
22049
21961
22050
21962
22051
21963
22052
21964
22053
21965
22054
21966
22055
21967
22056
21968
22057
21969
22058
21970
22059
21971
22060
21972
22061
21973
22062
21974
22063
21975
22064
21976
22065
21977
22066
21978
22067
21979
22068
21980
22069
21981
22070
21982
22071
21983
22072
21984
22073
21985
22074
21986
22075
21987
22076
21988
22077
21989
22078
21990
22079
21991
22080
21992
22081
21993
22082
21994
22083
21995
22084
21996
22085
21997
22086
21998
22087
21999
22088
22000
22089
22001
22090
22002
22091
22003
22092
22004
22093
22005
22094
22006
22095
22007
22096
22008
22097
22009
22098
22010
22099
22011
22100
22012
22101
22013
22102
22014
22103
22015
22104
22016
22105
22017
22106
22018
22107
22019
22108
22020
22109
22021
22110
22022
22111
22023
22112
22024
22113
22025
22114
22026
22115
22027
22116
22028
22117
22029
22118
22030
22119
22031
22120
22032
22121
22033
22122
22034
22123
22035
22124
22036
22125
22037
22126
22038
22127
22039
22128
22040
22129
22041
22130
22042
22131
22043
22132
22044
22133
22045
22134
22046
22135
22047
22136
22048
22137
22049
22138
22139
22051
22140
22052
22141
22053
22142
22054
22143
22055
22144
22056
22145
22057
22146
22058
22147
22059
22148
22060
22149
22061
22150
22062
22151
22063
22152
22064
22153
22065
22154
22066
22155
22067
22156
22068
22157
22069
22158
22070
22159
22071
22160
22072
22161
22073
22162
22074
22163
22075
22164
22076
22165
22077
22166
22078
22167
22079
22168
22080
22169
22081
22170
22082
22171
22083
22172
22084
22173
22085
22174
22086
22175
22087
22176
22088
22177
22089
22178
22090
22179
22091
22180
22092
22181
22093
22182
22094
22183
22095
22184
22096
22185
22097
22186
22098
22187
22099
22188
22100
22189
22101
22190
22102
22191
22103
22192
22104
22193
22105
22194
22106
22195
22107
22196
22108
22197
22109
22198
22110
22199
22111
22200
22112
22201
22113
22202
22114
22203
22115
22204
22116
22205
22117
22206
22118
22207
22119
22208
22120
22209
22121
22210
22122
22211
22123
22212
22124
22213
22125
22214
22126
22215
22127
22216
22128
22217
22129
22218
22130
22219
22131
22220
22132
22221
22133
22222
22134
22223
22135
22224
22136
22225
22137
22226
22138
22227
22139
22228
22229
22141
22230
22142
22231
22143
22232
22144
22233
22145
22234
22146
22235
22147
22236
22148
22237
22149
22238
22150
22239
22151
22240
22152
22241
22153
22242
22154
22243
22155
22244
22156
22245
22157
22246
22158
22247
22159
22248
22160
22249
22161
22250
22162
22251
22163
22252
22164
22253
22165
22254
22166
22255
22167
22256
22168
22257
22169
22258
22170
22259
22171
22260
22172
22261
22173
22262
22174
22263
22175
22264
22176
22265
22177
22266
22178
22267
22179
22268
22180
22269
22181
22270
22182
22271
22183
22272
22184
22273
22185
22274
22186
22275
22187
22276
22188
22277
22189
22278
22190
22279
22191
22280
22192
22281
22193
22282
22194
22283
22195
22284
22196
22285
22197
22286
22198
22287
22199
22288
22200
22289
22201
22290
22202
22291
22203
22292
22204
22293
22205
22294
22206
22295
22207
22296
22208
22297
22209
22298
22210
22299
22211
22300
22212
22301
22213
22302
22214
22303
22215
22304
22216
22305
22217
22306
22218
22307
22219
22308
22220
22309
22221
22310
22222
22311
22223
22312
22224
22313
22225
22314
22226
22315
22227
22316
22228
22317
22229
22318
22319
22231
22320
22232
22321
22233
22322
22234
22323
22235
22324
22236
22325
22237
22326
22238
22327
22239
22328
22240
22329
22241
22330
22242
22331
22243
22332
22244
22333
22245
22334
22246
22335
22247
22336
22248
22337
22249
22338
22250
22339
22251
22340
22252
22341
22253
22342
22254
22343
22255
22344
22256
22345
22257
22346
22258
22347
22259
22348
22260
22349
22261
22350
22262
22351
22263
22352
22264
22353
22265
22354
22266
22355
22267
22356
22268
22357
22269
22358
22270
22359
22271
22360
22272
22361
22273
22362
22274
22363
22275
22364
22276
22365
22277
22366
22278
22367
22279
22368
22280
22369
22281
22370
22282
22371
22283
22372
22284
22373
22285
22374
22286
22375
22287
22376
22288
22377
22289
22378
22290
22379
22291
22380
22292
22381
22293
22382
22294
22383
22295
22384
22296
22385
22297
22386
22298
22387
22299
22388
22300
22389
22301
22390
22302
22391
22303
22392
22304
22393
22305
22394
22306
22395
22307
22396
22308
22397
22309
22398
22310
22399
22311
22400
22312
22401
22313
22402
22314
22403
22315
22404
22316
22405
22317
22406
22318
22407
22319
22408
22409
22321
22410
22322
22411
22323
22412
22324
22413
22325
22414
22326
22415
22327
22416
22328
22417
22329
22418
22330
22419
22331
22420
22332
22421
22333
22422
22334
22423
22335
22424
22336
22425
22337
22426
22338
22427
22339
22428
22340
22429
22341
22430
22342
22431
22343
22432
22344
22433
22345
22434
22346
22435
22347
22436
22348
22437
22349
22438
22350
22439
22351
22440
22352
22441
22353
22442
22354
22443
22355
22444
22356
22445
22357
22446
22358
22447
22359
22448
22360
22449
22361
22450
22362
22451
22363
22452
22364
22453
22365
22454
22366
22455
22367
22456
22368
22457
22369
22458
22370
22459
22371
22460
22372
22461
22373
22462
22374
22463
22375
22464
22376
22465
22377
22466
22378
22467
22379
22468
22380
22469
22381
22470
22382
22471
22383
22472
22384
22473
22385
22474
22386
22475
22387
22476
22388
22477
22389
22478
22390
22479
22391
22480
22392
22481
22393
22482
22394
22483
22395
22484
22396
22485
22397
22486
22398
22487
22399
22488
22400
22489
22401
22490
22402
22491
22403
22492
22404
22493
22405
22494
22406
22495
22407
22496
22408
22497
22409
22498
22499
22411
22500
22412
22501
22413
22502
22414
22503
22415
22504
22416
22505
22417
22506
22418
22507
22419
22508
22420
22509
22421
22510
22422
22511
22423
22512
22424
22513
22425
22514
22426
22515
22427
22516
22428
22517
22429
22518
22430
22519
22431
22520
22432
22521
22433
22522
22434
22523
22435
22524
22436
22525
22437
22526
22438
22527
22439
22528
22440
22529
22441
22530
22442
22531
22443
22532
22444
22533
22445
22534
22446
22535
22447
22536
22448
22537
22449
22538
22450
22539
22451
22540
22452
22541
22453
22542
22454
22543
22455
22544
22456
22545
22457
22546
22458
22547
22459
22548
22460
22549
22461
22550
22462
22551
22463
22552
22464
22553
22465
22554
22466
22555
22467
22556
22468
22557
22469
22558
22470
22559
22471
22560
22472
22561
22473
22562
22474
22563
22475
22564
22476
22565
22477
22566
22478
22567
22479
22568
22480
22569
22481
22570
22482
22571
22483
22572
22484
22573
22485
22574
22486
22575
22487
22576
22488
22577
22489
22578
22490
22579
22491
22580
22492
22581
22493
22582
22494
22583
22495
22584
22496
22585
22497
22586
22498
22587
22499
22588
22589
22501
22590
22502
22591
22503
22592
22504
22593
22505
22594
22506
22595
22507
22596
22508
22597
22509
22598
22510
22599
22511
22600
22512
22601
22513
22602
22514
22603
22515
22604
22516
22605
22517
22606
22518
22607
22519
22608
22520
22609
22521
22610
22522
22611
22523
22612
22524
22613
22525
22614
22526
22615
22527
22616
22528
22617
22529
22618
22530
22619
22531
22620
22532
22621
22533
22622
22534
22623
22535
22624
22536
22625
22537
22626
22538
22627
22539
22628
22540
22629
22541
22630
22542
22631
22543
22632
22544
22633
22545
22634
22546
22635
22547
22636
22548
22637
22549
22638
22550
22639
22551
22640
22552
22641
22553
22642
22554
22643
22555
22644
22556
22645
22557
22646
22558
22647
22559
22648
22560
22649
22561
22650
22562
22651
22563
22652
22564
22653
22565
22654
22566
22655
22567
22656
22568
22657
22569
22658
22570
22659
22571
22660
22572
22661
22573
22662
22574
22663
22575
22664
22576
22665
22577
22666
22578
22667
22579
22668
22580
22669
22581
22670
22582
22671
22583
22672
22584
22673
22585
22674
22586
22675
22587
22676
22588
22677
22589
22678
22679
22591
22680
22592
22681
22593
22682
22594
22683
22595
22684
22596
22685
22597
22686
22598
22687
22599
22688
22600
22689
22601
22690
22602
22691
22603
22692
22604
22693
22605
22694
22606
22695
22607
22696
22608
22697
22609
22698
22610
22699
22611
22700
22612
22701
22613
22702
22614
22703
22615
22704
22616
22705
22617
22706
22618
22707
22619
22708
22620
22709
22621
22710
22622
22711
22623
22712
22624
22713
22625
22714
22626
22715
22627
22716
22628
22717
22629
22718
22630
22719
22631
22720
22632
22721
22633
22722
22634
22723
22635
22724
22636
22725
22637
22726
22638
22727
22639
22728
22640
22729
22641
22730
22642
22731
22643
22732
22644
22733
22645
22734
22646
22735
22647
22736
22648
22737
22649
22738
22650
22739
22651
22740
22652
22741
22653
22742
22654
22743
22655
22744
22656
22745
22657
22746
22658
22747
22659
22748
22660
22749
22661
22750
22662
22751
22663
22752
22664
22753
22665
22754
22666
22755
22667
22756
22668
22757
22669
22758
22670
22759
22671
22760
22672
22761
22673
22762
22674
22763
22675
22764
22676
22765
22677
22766
22678
22767
22679
22768
22769
22681
22770
22682
22771
22683
22772
22684
22773
22685
22774
22686
22775
22687
22776
22688
22777
22689
22778
22690
22779
22691
22780
22692
22781
22693
22782
22694
22783
22695
22784
22696
22785
22697
22786
22698
22787
22699
22788
22700
22789
22701
22790
22702
22791
22703
22792
22704
22793
22705
22794
22706
22795
22707
22796
22708
22797
22709
22798
22710
22799
22711
22800
22712
22801
22713
22802
22714
22803
22715
22804
22716
22805
22717
22806
22718
22807
22719
22808
22720
22809
22721
22810
22722
22811
22723
22812
22724
22813
22725
22814
22726
22815
22727
22816
22728
22817
22729
22818
22730
22819
22731
22820
22732
22821
22733
22822
22734
22823
22735
22824
22736
22825
22737
22826
22738
22827
22739
22828
22740
22829
22741
22830
22742
22831
22743
22832
22744
22833
22745
22834
22746
22835
22747
22836
22748
22837
22749
22838
22750
22839
22751
22840
22752
22841
22753
22842
22754
22843
22755
22844
22756
22845
22757
22846
22758
22847
22759
22848
22760
22849
22761
22850
22762
22851
22763
22852
22764
22853
22765
22854
22766
22855
22767
22856
22768
22857
22769
22858
22859
22771
22860
22772
22861
22773
22862
22774
22863
22775
22864
22776
22865
22777
22866
22778
22867
22779
22868
22780
22869
22781
22870
22782
22871
22783
22872
22784
22873
22785
22874
22786
22875
22787
22876
22788
22877
22789
22878
22790
22879
22791
22880
22792
22881
22793
22882
22794
22883
22795
22884
22796
22885
22797
22886
22798
22887
22799
22888
22800
22889
22801
22890
22802
22891
22803
22892
22804
22893
22805
22894
22806
22895
22807
22896
22808
22897
22809
22898
22810
22899
22811
22900
22812
22901
22813
22902
22814
22903
22815
22904
22816
22905
22817
22906
22818
22907
22819
22908
22820
22909
22821
22910
22822
22911
22823
22912
22824
22913
22825
22914
22826
22915
22827
22916
22828
22917
22829
22918
22830
22919
22831
22920
22832
22921
22833
22922
22834
22923
22835
22924
22836
22925
22837
22926
22838
22927
22839
22928
22840
22929
22841
22930
22842
22931
22843
22932
22844
22933
22845
22934
22846
22935
22847
22936
22848
22937
22849
22938
22850
22939
22851
22940
22852
22941
22853
22942
22854
22943
22855
22944
22856
22945
22857
22946
22858
22947
22859
22948
22949
22861
22950
22862
22951
22863
22952
22864
22953
22865
22954
22866
22955
22867
22956
22868
22957
22869
22958
22870
22959
22871
22960
22872
22961
22873
22962
22874
22963
22875
22964
22876
22965
22877
22966
22878
22967
22879
22968
22880
22969
22881
22970
22882
22971
22883
22972
22884
22973
22885
22974
22886
22975
22887
22976
22888
22977
22889
22978
22890
22979
22891
22980
22892
22981
22893
22982
22894
22983
22895
22984
22896
22985
22897
22986
22898
22987
22899
22988
22900
22989
22901
22990
22902
22991
22903
22992
22904
22993
22905
22994
22906
22995
22907
22996
22908
22997
22909
22998
22910
22999
22911
23000
22912
23001
22913
23002
22914
23003
22915
23004
22916
23005
22917
23006
22918
23007
22919
23008
22920
23009
22921
23010
22922
23011
22923
23012
22924
23013
22925
23014
22926
23015
22927
23016
22928
23017
22929
23018
22930
23019
22931
23020
22932
23021
22933
23022
22934
23023
22935
23024
22936
23025
22937
23026
22938
23027
22939
23028
22940
23029
22941
23030
22942
23031
22943
23032
22944
23033
22945
23034
22946
23035
22947
23036
22948
23037
22949
23038
23039
22951
23040
22952
23041
22953
23042
22954
23043
22955
23044
22956
23045
22957
23046
22958
23047
22959
23048
22960
23049
22961
23050
22962
23051
22963
23052
22964
23053
22965
23054
22966
23055
22967
23056
22968
23057
22969
23058
22970
23059
22971
23060
22972
23061
22973
23062
22974
23063
22975
23064
22976
23065
22977
23066
22978
23067
22979
23068
22980
23069
22981
23070
22982
23071
22983
23072
22984
23073
22985
23074
22986
23075
22987
23076
22988
23077
22989
23078
22990
23079
22991
23080
22992
23081
22993
23082
22994
23083
22995
23084
22996
23085
22997
23086
22998
23087
22999
23088
23000
23089
23001
23090
23002
23091
23003
23092
23004
23093
23005
23094
23006
23095
23007
23096
23008
23097
23009
23098
23010
23099
23011
23100
23012
23101
23013
23102
23014
23103
23015
23104
23016
23105
23017
23106
23018
23107
23019
23108
23020
23109
23021
23110
23022
23111
23023
23112
23024
23113
23025
23114
23026
23115
23027
23116
23028
23117
23029
23118
23030
23119
23031
23120
23032
23121
23033
23122
23034
23123
23035
23124
23036
23125
23037
23126
23038
23127
23039
23128
23129
23041
23130
23042
23131
23043
23132
23044
23133
23045
23134
23046
23135
23047
23136
23048
23137
23049
23138
23050
23139
23051
23140
23052
23141
23053
23142
23054
23143
23055
23144
23056
23145
23057
23146
23058
23147
23059
23148
23060
23149
23061
23150
23062
23151
23063
23152
23064
23153
23065
23154
23066
23155
23067
23156
23068
23157
23069
23158
23070
23159
23071
23160
23072
23161
23073
23162
23074
23163
23075
23164
23076
23165
23077
23166
23078
23167
23079
23168
23080
23169
23081
23170
23082
23171
23083
23172
23084
23173
23085
23174
23086
23175
23087
23176
23088
23177
23089
23178
23090
23179
23091
23180
23092
23181
23093
23182
23094
23183
23095
23184
23096
23185
23097
23186
23098
23187
23099
23188
23100
23189
23101
23190
23102
23191
23103
23192
23104
23193
23105
23194
23106
23195
23107
23196
23108
23197
23109
23198
23110
23199
23111
23200
23112
23201
23113
23202
23114
23203
23115
23204
23116
23205
23117
23206
23118
23207
23119
23208
23120
23209
23121
23210
23122
23211
23123
23212
23124
23213
23125
23214
23126
23215
23127
23216
23128
23217
23129
23218
23219
23131
23220
23132
23221
23133
23222
23134
23223
23135
23224
23136
23225
23137
23226
23138
23227
23139
23228
23140
23229
23141
23230
23142
23231
23143
23232
23144
23233
23145
23234
23146
23235
23147
23236
23148
23237
23149
23238
23150
23239
23151
23240
23152
23241
23153
23242
23154
23243
23155
23244
23156
23245
23157
23246
23158
23247
23159
23248
23160
23249
23161
23250
23162
23251
23163
23252
23164
23253
23165
23254
23166
23255
23167
23256
23168
23257
23169
23258
23170
23259
23171
23260
23172
23261
23173
23262
23174
23263
23175
23264
23176
23265
23177
23266
23178
23267
23179
23268
23180
23269
23181
23270
23182
23271
23183
23272
23184
23273
23185
23274
23186
23275
23187
23276
23188
23277
23189
23278
23190
23279
23191
23280
23192
23281
23193
23282
23194
23283
23195
23284
23196
23285
23197
23286
23198
23287
23199
23288
23200
23289
23201
23290
23202
23291
23203
23292
23204
23293
23205
23294
23206
23295
23207
23296
23208
23297
23209
23298
23210
23299
23211
23300
23212
23301
23213
23302
23214
23303
23215
23304
23216
23305
23217
23306
23218
23307
23219
23308
23309
23221
23310
23222
23311
23223
23312
23224
23313
23225
23314
23226
23315
23227
23316
23228
23317
23229
23318
23230
23319
23231
23320
23232
23321
23233
23322
23234
23323
23235
23324
23236
23325
23237
23326
23238
23327
23239
23328
23240
23329
23241
23330
23242
23331
23243
23332
23244
23333
23245
23334
23246
23335
23247
23336
23248
23337
23249
23338
23250
23339
23251
23340
23252
23341
23253
23342
23254
23343
23255
23344
23256
23345
23257
23346
23258
23347
23259
23348
23260
23349
23261
23350
23262
23351
23263
23352
23264
23353
23265
23354
23266
23355
23267
23356
23268
23357
23269
23358
23270
23359
23271
23360
23272
23361
23273
23362
23274
23363
23275
23364
23276
23365
23277
23366
23278
23367
23279
23368
23280
23369
23281
23370
23282
23371
23283
23372
23284
23373
23285
23374
23286
23375
23287
23376
23288
23377
23289
23378
23290
23379
23291
23380
23292
23381
23293
23382
23294
23383
23295
23384
23296
23385
23297
23386
23298
23387
23299
23388
23300
23389
23301
23390
23302
23391
23303
23392
23304
23393
23305
23394
23306
23395
23307
23396
23308
23397
23309
23398
23399
23311
23400
23312
23401
23313
23402
23314
23403
23315
23404
23316
23405
23317
23406
23318
23407
23319
23408
23320
23409
23321
23410
23322
23411
23323
23412
23324
23413
23325
23414
23326
23415
23327
23416
23328
23417
23329
23418
23330
23419
23331
23420
23332
23421
23333
23422
23334
23423
23335
23424
23336
23425
23337
23426
23338
23427
23339
23428
23340
23429
23341
23430
23342
23431
23343
23432
23344
23433
23345
23434
23346
23435
23347
23436
23348
23437
23349
23438
23350
23439
23351
23440
23352
23441
23353
23442
23354
23443
23355
23444
23356
23445
23357
23446
23358
23447
23359
23448
23360
23449
23361
23450
23362
23451
23363
23452
23364
23453
23365
23454
23366
23455
23367
23456
23368
23457
23369
23458
23370
23459
23371
23460
23372
23461
23373
23462
23374
23463
23375
23464
23376
23465
23377
23466
23378
23467
23379
23468
23380
23469
23381
23470
23382
23471
23383
23472
23384
23473
23385
23474
23386
23475
23387
23476
23388
23477
23389
23478
23390
23479
23391
23480
23392
23481
23393
23482
23394
23483
23395
23484
23396
23485
23397
23486
23398
23487
23399
23488
23489
23401
23490
23402
23491
23403
23492
23404
23493
23405
23494
23406
23495
23407
23496
23408
23497
23409
23498
23410
23499
23411
23500
23412
23501
23413
23502
23414
23503
23415
23504
23416
23505
23417
23506
23418
23507
23419
23508
23420
23509
23421
23510
23422
23511
23423
23512
23424
23513
23425
23514
23426
23515
23427
23516
23428
23517
23429
23518
23430
23519
23431
23520
23432
23521
23433
23522
23434
23523
23435
23524
23436
23525
23437
23526
23438
23527
23439
23528
23440
23529
23441
23530
23442
23531
23443
23532
23444
23533
23445
23534
23446
23535
23447
23536
23448
23537
23449
23538
23450
23539
23451
23540
23452
23541
23453
23542
23454
23543
23455
23544
23456
23545
23457
23546
23458
23547
23459
23548
23460
23549
23461
23550
23462
23551
23463
23552
23464
23553
23465
23554
23466
23555
23467
23556
23468
23557
23469
23558
23470
23559
23471
23560
23472
23561
23473
23562
23474
23563
23475
23564
23476
23565
23477
23566
23478
23567
23479
23568
23480
23569
23481
23570
23482
23571
23483
23572
23484
23573
23485
23574
23486
23575
23487
23576
23488
23577
23489
23578
23579
23491
23580
23492
23581
23493
23582
23494
23583
23495
23584
23496
23585
23497
23586
23498
23587
23499
23588
23500
23589
23501
23590
23502
23591
23503
23592
23504
23593
23505
23594
23506
23595
23507
23596
23508
23597
23509
23598
23510
23599
23511
23600
23512
23601
23513
23602
23514
23603
23515
23604
23516
23605
23517
23606
23518
23607
23519
23608
23520
23609
23521
23610
23522
23611
23523
23612
23524
23613
23525
23614
23526
23615
23527
23616
23528
23617
23529
23618
23530
23619
23531
23620
23532
23621
23533
23622
23534
23623
23535
23624
23536
23625
23537
23626
23538
23627
23539
23628
23540
23629
23541
23630
23542
23631
23543
23632
23544
23633
23545
23634
23546
23635
23547
23636
23548
23637
23549
23638
23550
23639
23551
23640
23552
23641
23553
23642
23554
23643
23555
23644
23556
23645
23557
23646
23558
23647
23559
23648
23560
23649
23561
23650
23562
23651
23563
23652
23564
23653
23565
23654
23566
23655
23567
23656
23568
23657
23569
23658
23570
23659
23571
23660
23572
23661
23573
23662
23574
23663
23575
23664
23576
23665
23577
23666
23578
23667
23579
23668
23669
23581
23670
23582
23671
23583
23672
23584
23673
23585
23674
23586
23675
23587
23676
23588
23677
23589
23678
23590
23679
23591
23680
23592
23681
23593
23682
23594
23683
23595
23684
23596
23685
23597
23686
23598
23687
23599
23688
23600
23689
23601
23690
23602
23691
23603
23692
23604
23693
23605
23694
23606
23695
23607
23696
23608
23697
23609
23698
23610
23699
23611
23700
23612
23701
23613
23702
23614
23703
23615
23704
23616
23705
23617
23706
23618
23707
23619
23708
23620
23709
23621
23710
23622
23711
23623
23712
23624
23713
23625
23714
23626
23715
23627
23716
23628
23717
23629
23718
23630
23719
23631
23720
23632
23721
23633
23722
23634
23723
23635
23724
23636
23725
23637
23726
23638
23727
23639
23728
23640
23729
23641
23730
23642
23731
23643
23732
23644
23733
23645
23734
23646
23735
23647
23736
23648
23737
23649
23738
23650
23739
23651
23740
23652
23741
23653
23742
23654
23743
23655
23744
23656
23745
23657
23746
23658
23747
23659
23748
23660
23749
23661
23750
23662
23751
23663
23752
23664
23753
23665
23754
23666
23755
23667
23756
23668
23757
23669
23758
23759
23671
23760
23672
23761
23673
23762
23674
23763
23675
23764
23676
23765
23677
23766
23678
23767
23679
23768
23680
23769
23681
23770
23682
23771
23683
23772
23684
23773
23685
23774
23686
23775
23687
23776
23688
23777
23689
23778
23690
23779
23691
23780
23692
23781
23693
23782
23694
23783
23695
23784
23696
23785
23697
23786
23698
23787
23699
23788
23700
23789
23701
23790
23702
23791
23703
23792
23704
23793
23705
23794
23706
23795
23707
23796
23708
23797
23709
23798
23710
23799
23711
23800
23712
23801
23713
23802
23714
23803
23715
23804
23716
23805
23717
23806
23718
23807
23719
23808
23720
23809
23721
23810
23722
23811
23723
23812
23724
23813
23725
23814
23726
23815
23727
23816
23728
23817
23729
23818
23730
23819
23731
23820
23732
23821
23733
23822
23734
23823
23735
23824
23736
23825
23737
23826
23738
23827
23739
23828
23740
23829
23741
23830
23742
23831
23743
23832
23744
23833
23745
23834
23746
23835
23747
23836
23748
23837
23749
23838
23750
23839
23751
23840
23752
23841
23753
23842
23754
23843
23755
23844
23756
23845
23757
23846
23758
23847
23759
23848
23849
23761
23850
23762
23851
23763
23852
23764
23853
23765
23854
23766
23855
23767
23856
23768
23857
23769
23858
23770
23859
23771
23860
23772
23861
23773
23862
23774
23863
23775
23864
23776
23865
23777
23866
23778
23867
23779
23868
23780
23869
23781
23870
23782
23871
23783
23872
23784
23873
23785
23874
23786
23875
23787
23876
23788
23877
23789
23878
23790
23879
23791
23880
23792
23881
23793
23882
23794
23883
23795
23884
23796
23885
23797
23886
23798
23887
23799
23888
23800
23889
23801
23890
23802
23891
23803
23892
23804
23893
23805
23894
23806
23895
23807
23896
23808
23897
23809
23898
23810
23899
23811
23900
23812
23901
23813
23902
23814
23903
23815
23904
23816
23905
23817
23906
23818
23907
23819
23908
23820
23909
23821
23910
23822
23911
23823
23912
23824
23913
23825
23914
23826
23915
23827
23916
23828
23917
23829
23918
23830
23919
23831
23920
23832
23921
23833
23922
23834
23923
23835
23924
23836
23925
23837
23926
23838
23927
23839
23928
23840
23929
23841
23930
23842
23931
23843
23932
23844
23933
23845
23934
23846
23935
23847
23936
23848
23937
23849
23938
23939
23851
23940
23852
23941
23853
23942
23854
23943
23855
23944
23856
23945
23857
23946
23858
23947
23859
23948
23860
23949
23861
23950
23862
23951
23863
23952
23864
23953
23865
23954
23866
23955
23867
23956
23868
23957
23869
23958
23870
23959
23871
23960
23872
23961
23873
23962
23874
23963
23875
23964
23876
23965
23877
23966
23878
23967
23879
23968
23880
23969
23881
23970
23882
23971
23883
23972
23884
23973
23885
23974
23886
23975
23887
23976
23888
23977
23889
23978
23890
23979
23891
23980
23892
23981
23893
23982
23894
23983
23895
23984
23896
23985
23897
23986
23898
23987
23899
23988
23900
23989
23901
23990
23902
23991
23903
23992
23904
23993
23905
23994
23906
23995
23907
23996
23908
23997
23909
23998
23910
23999
23911
24000
23912
24001
23913
24002
23914
24003
23915
24004
23916
24005
23917
24006
23918
24007
23919
24008
23920
24009
23921
24010
23922
24011
23923
24012
23924
24013
23925
24014
23926
24015
23927
24016
23928
24017
23929
24018
23930
24019
23931
24020
23932
24021
23933
24022
23934
24023
23935
24024
23936
24025
23937
24026
23938
24027
23939
24028
24029
23941
24030
23942
24031
23943
24032
23944
24033
23945
24034
23946
24035
23947
24036
23948
24037
23949
24038
23950
24039
23951
24040
23952
24041
23953
24042
23954
24043
23955
24044
23956
24045
23957
24046
23958
24047
23959
24048
23960
24049
23961
24050
23962
24051
23963
24052
23964
24053
23965
24054
23966
24055
23967
24056
23968
24057
23969
24058
23970
24059
23971
24060
23972
24061
23973
24062
23974
24063
23975
24064
23976
24065
23977
24066
23978
24067
23979
24068
23980
24069
23981
24070
23982
24071
23983
24072
23984
24073
23985
24074
23986
24075
23987
24076
23988
24077
23989
24078
23990
24079
23991
24080
23992
24081
23993
24082
23994
24083
23995
24084
23996
24085
23997
24086
23998
24087
23999
24088
24000
24089
24001
24090
24002
24091
24003
24092
24004
24093
24005
24094
24006
24095
24007
24096
24008
24097
24009
24098
24010
24099
24011
24100
24012
24101
24013
24102
24014
24103
24015
24104
24016
24105
24017
24106
24018
24107
24019
24108
24020
24109
24021
24110
24022
24111
24023
24112
24024
24113
24025
24114
24026
24115
24027
24116
24028
24117
24029
24118
24119
24031
24120
24032
24121
24033
24122
24034
24123
24035
24124
24036
24125
24037
24126
24038
24127
24039
24128
24040
24129
24041
24130
24042
24131
24043
24132
24044
24133
24045
24134
24046
24135
24047
24136
24048
24137
24049
24138
24050
24139
24051
24140
24052
24141
24053
24142
24054
24143
24055
24144
24056
24145
24057
24146
24058
24147
24059
24148
24060
24149
24061
24150
24062
24151
24063
24152
24064
24153
24065
24154
24066
24155
24067
24156
24068
24157
24069
24158
24070
24159
24071
24160
24072
24161
24073
24162
24074
24163
24075
24164
24076
24165
24077
24166
24078
24167
24079
24168
24080
24169
24081
24170
24082
24171
24083
24172
24084
24173
24085
24174
24086
24175
24087
24176
24088
24177
24089
24178
24090
24179
24091
24180
24092
24181
24093
24182
24094
24183
24095
24184
24096
24185
24097
24186
24098
24187
24099
24188
24100
24189
24101
24190
24102
24191
24103
24192
24104
24193
24105
24194
24106
24195
24107
24196
24108
24197
24109
24198
24110
24199
24111
24200
24112
24201
24113
24202
24114
24203
24115
24204
24116
24205
24117
24206
24118
24207
24119
24208
24209
24121
24210
24122
24211
24123
24212
24124
24213
24125
24214
24126
24215
24127
24216
24128
24217
24129
24218
24130
24219
24131
24220
24132
24221
24133
24222
24134
24223
24135
24224
24136
24225
24137
24226
24138
24227
24139
24228
24140
24229
24141
24230
24142
24231
24143
24232
24144
24233
24145
24234
24146
24235
24147
24236
24148
24237
24149
24238
24150
24239
24151
24240
24152
24241
24153
24242
24154
24243
24155
24244
24156
24245
24157
24246
24158
24247
24159
24248
24160
24249
24161
24250
24162
24251
24163
24252
24164
24253
24165
24254
24166
24255
24167
24256
24168
24257
24169
24258
24170
24259
24171
24260
24172
24261
24173
24262
24174
24263
24175
24264
24176
24265
24177
24266
24178
24267
24179
24268
24180
24269
24181
24270
24182
24271
24183
24272
24184
24273
24185
24274
24186
24275
24187
24276
24188
24277
24189
24278
24190
24279
24191
24280
24192
24281
24193
24282
24194
24283
24195
24284
24196
24285
24197
24286
24198
24287
24199
24288
24200
24289
24201
24290
24202
24291
24203
24292
24204
24293
24205
24294
24206
24295
24207
24296
24208
24297
24209
24298
24299
24211
24300
24212
24301
24213
24302
24214
24303
24215
24304
24216
24305
24217
24306
24218
24307
24219
24308
24220
24309
24221
24310
24222
24311
24223
24312
24224
24313
24225
24314
24226
24315
24227
24316
24228
24317
24229
24318
24230
24319
24231
24320
24232
24321
24233
24322
24234
24323
24235
24324
24236
24325
24237
24326
24238
24327
24239
24328
24240
24329
24241
24330
24242
24331
24243
24332
24244
24333
24245
24334
24246
24335
24247
24336
24248
24337
24249
24338
24250
24339
24251
24340
24252
24341
24253
24342
24254
24343
24255
24344
24256
24345
24257
24346
24258
24347
24259
24348
24260
24349
24261
24350
24262
24351
24263
24352
24264
24353
24265
24354
24266
24355
24267
24356
24268
24357
24269
24358
24270
24359
24271
24360
24272
24361
24273
24362
24274
24363
24275
24364
24276
24365
24277
24366
24278
24367
24279
24368
24280
24369
24281
24370
24282
24371
24283
24372
24284
24373
24285
24374
24286
24375
24287
24376
24288
24377
24289
24378
24290
24379
24291
24380
24292
24381
24293
24382
24294
24383
24295
24384
24296
24385
24297
24386
24298
24387
24299
24388
24389
24301
24390
24302
24391
24303
24392
24304
24393
24305
24394
24306
24395
24307
24396
24308
24397
24309
24398
24310
24399
24311
24400
24312
24401
24313
24402
24314
24403
24315
24404
24316
24405
24317
24406
24318
24407
24319
24408
24320
24409
24321
24410
24322
24411
24323
24412
24324
24413
24325
24414
24326
24415
24327
24416
24328
24417
24329
24418
24330
24419
24331
24420
24332
24421
24333
24422
24334
24423
24335
24424
24336
24425
24337
24426
24338
24427
24339
24428
24340
24429
24341
24430
24342
24431
24343
24432
24344
24433
24345
24434
24346
24435
24347
24436
24348
24437
24349
24438
24350
24439
24351
24440
24352
24441
24353
24442
24354
24443
24355
24444
24356
24445
24357
24446
24358
24447
24359
24448
24360
24449
24361
24450
24362
24451
24363
24452
24364
24453
24365
24454
24366
24455
24367
24456
24368
24457
24369
24458
24370
24459
24371
24460
24372
24461
24373
24462
24374
24463
24375
24464
24376
24465
24377
24466
24378
24467
24379
24468
24380
24469
24381
24470
24382
24471
24383
24472
24384
24473
24385
24474
24386
24475
24387
24476
24388
24477
24389
24478
24479
24391
24480
24392
24481
24393
24482
24394
24483
24395
24484
24396
24485
24397
24486
24398
24487
24399
24488
24400
24489
24401
24490
24402
24491
24403
24492
24404
24493
24405
24494
24406
24495
24407
24496
24408
24497
24409
24498
24410
24499
24411
24500
24412
24501
24413
24502
24414
24503
24415
24504
24416
24505
24417
24506
24418
24507
24419
24508
24420
24509
24421
24510
24422
24511
24423
24512
24424
24513
24425
24514
24426
24515
24427
24516
24428
24517
24429
24518
24430
24519
24431
24520
24432
24521
24433
24522
24434
24523
24435
24524
24436
24525
24437
24526
24438
24527
24439
24528
24440
24529
24441
24530
24442
24531
24443
24532
24444
24533
24445
24534
24446
24535
24447
24536
24448
24537
24449
24538
24450
24539
24451
24540
24452
24541
24453
24542
24454
24543
24455
24544
24456
24545
24457
24546
24458
24547
24459
24548
24460
24549
24461
24550
24462
24551
24463
24552
24464
24553
24465
24554
24466
24555
24467
24556
24468
24557
24469
24558
24470
24559
24471
24560
24472
24561
24473
24562
24474
24563
24475
24564
24476
24565
24477
24566
24478
24567
24479
24568
24569
24481
24570
24482
24571
24483
24572
24484
24573
24485
24574
24486
24575
24487
24576
24488
24577
24489
24578
24490
24579
24491
24580
24492
24581
24493
24582
24494
24583
24495
24584
24496
24585
24497
24586
24498
24587
24499
24588
24500
24589
24501
24590
24502
24591
24503
24592
24504
24593
24505
24594
24506
24595
24507
24596
24508
24597
24509
24598
24510
24599
24511
24600
24512
24601
24513
24602
24514
24603
24515
24604
24516
24605
24517
24606
24518
24607
24519
24608
24520
24609
24521
24610
24522
24611
24523
24612
24524
24613
24525
24614
24526
24615
24527
24616
24528
24617
24529
24618
24530
24619
24531
24620
24532
24621
24533
24622
24534
24623
24535
24624
24536
24625
24537
24626
24538
24627
24539
24628
24540
24629
24541
24630
24542
24631
24543
24632
24544
24633
24545
24634
24546
24635
24547
24636
24548
24637
24549
24638
24550
24639
24551
24640
24552
24641
24553
24642
24554
24643
24555
24644
24556
24645
24557
24646
24558
24647
24559
24648
24560
24649
24561
24650
24562
24651
24563
24652
24564
24653
24565
24654
24566
24655
24567
24656
24568
24657
24569
24658
24659
24571
24660
24572
24661
24573
24662
24574
24663
24575
24664
24576
24665
24577
24666
24578
24667
24579
24668
24580
24669
24581
24670
24582
24671
24583
24672
24584
24673
24585
24674
24586
24675
24587
24676
24588
24677
24589
24678
24590
24679
24591
24680
24592
24681
24593
24682
24594
24683
24595
24684
24596
24685
24597
24686
24598
24687
24599
24688
24600
24689
24601
24690
24602
24691
24603
24692
24604
24693
24605
24694
24606
24695
24607
24696
24608
24697
24609
24698
24610
24699
24611
24700
24612
24701
24613
24702
24614
24703
24615
24704
24616
24705
24617
24706
24618
24707
24619
24708
24620
24709
24621
24710
24622
24711
24623
24712
24624
24713
24625
24714
24626
24715
24627
24716
24628
24717
24629
24718
24630
24719
24631
24720
24632
24721
24633
24722
24634
24723
24635
24724
24636
24725
24637
24726
24638
24727
24639
24728
24640
24729
24641
24730
24642
24731
24643
24732
24644
24733
24645
24734
24646
24735
24647
24736
24648
24737
24649
24738
24650
24739
24651
24740
24652
24741
24653
24742
24654
24743
24655
24744
24656
24745
24657
24746
24658
24747
24659
24748
24749
24661
24750
24662
24751
24663
24752
24664
24753
24665
24754
24666
24755
24667
24756
24668
24757
24669
24758
24670
24759
24671
24760
24672
24761
24673
24762
24674
24763
24675
24764
24676
24765
24677
24766
24678
24767
24679
24768
24680
24769
24681
24770
24682
24771
24683
24772
24684
24773
24685
24774
24686
24775
24687
24776
24688
24777
24689
24778
24690
24779
24691
24780
24692
24781
24693
24782
24694
24783
24695
24784
24696
24785
24697
24786
24698
24787
24699
24788
24700
24789
24701
24790
24702
24791
24703
24792
24704
24793
24705
24794
24706
24795
24707
24796
24708
24797
24709
24798
24710
24799
24711
24800
24712
24801
24713
24802
24714
24803
24715
24804
24716
24805
24717
24806
24718
24807
24719
24808
24720
24809
24721
24810
24722
24811
24723
24812
24724
24813
24725
24814
24726
24815
24727
24816
24728
24817
24729
24818
24730
24819
24731
24820
24732
24821
24733
24822
24734
24823
24735
24824
24736
24825
24737
24826
24738
24827
24739
24828
24740
24829
24741
24830
24742
24831
24743
24832
24744
24833
24745
24834
24746
24835
24747
24836
24748
24837
24749
24838
24839
24751
24840
24752
24841
24753
24842
24754
24843
24755
24844
24756
24845
24757
24846
24758
24847
24759
24848
24760
24849
24761
24850
24762
24851
24763
24852
24764
24853
24765
24854
24766
24855
24767
24856
24768
24857
24769
24858
24770
24859
24771
24860
24772
24861
24773
24862
24774
24863
24775
24864
24776
24865
24777
24866
24778
24867
24779
24868
24780
24869
24781
24870
24782
24871
24783
24872
24784
24873
24785
24874
24786
24875
24787
24876
24788
24877
24789
24878
24790
24879
24791
24880
24792
24881
24793
24882
24794
24883
24795
24884
24796
24885
24797
24886
24798
24887
24799
24888
24800
24889
24801
24890
24802
24891
24803
24892
24804
24893
24805
24894
24806
24895
24807
24896
24808
24897
24809
24898
24810
24899
24811
24900
24812
24901
24813
24902
24814
24903
24815
24904
24816
24905
24817
24906
24818
24907
24819
24908
24820
24909
24821
24910
24822
24911
24823
24912
24824
24913
24825
24914
24826
24915
24827
24916
24828
24917
24829
24918
24830
24919
24831
24920
24832
24921
24833
24922
24834
24923
24835
24924
24836
24925
24837
24926
24838
24927
24839
24928
24929
24841
24930
24842
24931
24843
24932
24844
24933
24845
24934
24846
24935
24847
24936
24848
24937
24849
24938
24850
24939
24851
24940
24852
24941
24853
24942
24854
24943
24855
24944
24856
24945
24857
24946
24858
24947
24859
24948
24860
24949
24861
24950
24862
24951
24863
24952
24864
24953
24865
24954
24866
24955
24867
24956
24868
24957
24869
24958
24870
24959
24871
24960
24872
24961
24873
24962
24874
24963
24875
24964
24876
24965
24877
24966
24878
24967
24879
24968
24880
24969
24881
24970
24882
24971
24883
24972
24884
24973
24885
24974
24886
24975
24887
24976
24888
24977
24889
24978
24890
24979
24891
24980
24892
24981
24893
24982
24894
24983
24895
24984
24896
24985
24897
24986
24898
24987
24899
24988
24900
24989
24901
24990
24902
24991
24903
24992
24904
24993
24905
24994
24906
24995
24907
24996
24908
24997
24909
24998
24910
24999
24911
25000
24912
25001
24913
25002
24914
25003
24915
25004
24916
25005
24917
25006
24918
25007
24919
25008
24920
25009
24921
25010
24922
25011
24923
25012
24924
25013
24925
25014
24926
25015
24927
25016
24928
25017
24929
25018
25019
24931
25020
24932
25021
24933
25022
24934
25023
24935
25024
24936
25025
24937
25026
24938
25027
24939
25028
24940
25029
24941
25030
24942
25031
24943
25032
24944
25033
24945
25034
24946
25035
24947
25036
24948
25037
24949
25038
24950
25039
24951
25040
24952
25041
24953
25042
24954
25043
24955
25044
24956
25045
24957
25046
24958
25047
24959
25048
24960
25049
24961
25050
24962
25051
24963
25052
24964
25053
24965
25054
24966
25055
24967
25056
24968
25057
24969
25058
24970
25059
24971
25060
24972
25061
24973
25062
24974
25063
24975
25064
24976
25065
24977
25066
24978
25067
24979
25068
24980
25069
24981
25070
24982
25071
24983
25072
24984
25073
24985
25074
24986
25075
24987
25076
24988
25077
24989
25078
24990
25079
24991
25080
24992
25081
24993
25082
24994
25083
24995
25084
24996
25085
24997
25086
24998
25087
24999
25088
25000
25089
25001
25090
25002
25091
25003
25092
25004
25093
25005
25094
25006
25095
25007
25096
25008
25097
25009
25098
25010
25099
25011
25100
25012
25101
25013
25102
25014
25103
25015
25104
25016
25105
25017
25106
25018
25107
25019
25108
25109
25021
25110
25022
25111
25023
25112
25024
25113
25025
25114
25026
25115
25027
25116
25028
25117
25029
25118
25030
25119
25031
25120
25032
25121
25033
25122
25034
25123
25035
25124
25036
25125
25037
25126
25038
25127
25039
25128
25040
25129
25041
25130
25042
25131
25043
25132
25044
25133
25045
25134
25046
25135
25047
25136
25048
25137
25049
25138
25050
25139
25051
25140
25052
25141
25053
25142
25054
25143
25055
25144
25056
25145
25057
25146
25058
25147
25059
25148
25060
25149
25061
25150
25062
25151
25063
25152
25064
25153
25065
25154
25066
25155
25067
25156
25068
25157
25069
25158
25070
25159
25071
25160
25072
25161
25073
25162
25074
25163
25075
25164
25076
25165
25077
25166
25078
25167
25079
25168
25080
25169
25081
25170
25082
25171
25083
25172
25084
25173
25085
25174
25086
25175
25087
25176
25088
25177
25089
25178
25090
25179
25091
25180
25092
25181
25093
25182
25094
25183
25095
25184
25096
25185
25097
25186
25098
25187
25099
25188
25100
25189
25101
25190
25102
25191
25103
25192
25104
25193
25105
25194
25106
25195
25107
25196
25108
25197
25109
25198
25199
25111
25200
25112
25201
25113
25202
25114
25203
25115
25204
25116
25205
25117
25206
25118
25207
25119
25208
25120
25209
25121
25210
25122
25211
25123
25212
25124
25213
25125
25214
25126
25215
25127
25216
25128
25217
25129
25218
25130
25219
25131
25220
25132
25221
25133
25222
25134
25223
25135
25224
25136
25225
25137
25226
25138
25227
25139
25228
25140
25229
25141
25230
25142
25231
25143
25232
25144
25233
25145
25234
25146
25235
25147
25236
25148
25237
25149
25238
25150
25239
25151
25240
25152
25241
25153
25242
25154
25243
25155
25244
25156
25245
25157
25246
25158
25247
25159
25248
25160
25249
25161
25250
25162
25251
25163
25252
25164
25253
25165
25254
25166
25255
25167
25256
25168
25257
25169
25258
25170
25259
25171
25260
25172
25261
25173
25262
25174
25263
25175
25264
25176
25265
25177
25266
25178
25267
25179
25268
25180
25269
25181
25270
25182
25271
25183
25272
25184
25273
25185
25274
25186
25275
25187
25276
25188
25277
25189
25278
25190
25279
25191
25280
25192
25281
25193
25282
25194
25283
25195
25284
25196
25285
25197
25286
25198
25287
25199
25288
25289
25201
25290
25202
25291
25203
25292
25204
25293
25205
25294
25206
25295
25207
25296
25208
25297
25209
25298
25210
25299
25211
25300
25212
25301
25213
25302
25214
25303
25215
25304
25216
25305
25217
25306
25218
25307
25219
25308
25220
25309
25221
25310
25222
25311
25223
25312
25224
25313
25225
25314
25226
25315
25227
25316
25228
25317
25229
25318
25230
25319
25231
25320
25232
25321
25233
25322
25234
25323
25235
25324
25236
25325
25237
25326
25238
25327
25239
25328
25240
25329
25241
25330
25242
25331
25243
25332
25244
25333
25245
25334
25246
25335
25247
25336
25248
25337
25249
25338
25250
25339
25251
25340
25252
25341
25253
25342
25254
25343
25255
25344
25256
25345
25257
25346
25258
25347
25259
25348
25260
25349
25261
25350
25262
25351
25263
25352
25264
25353
25265
25354
25266
25355
25267
25356
25268
25357
25269
25358
25270
25359
25271
25360
25272
25361
25273
25362
25274
25363
25275
25364
25276
25365
25277
25366
25278
25367
25279
25368
25280
25369
25281
25370
25282
25371
25283
25372
25284
25373
25285
25374
25286
25375
25287
25376
25288
25377
25289
25378
25379
25291
25380
25292
25381
25293
25382
25294
25383
25295
25384
25296
25385
25297
25386
25298
25387
25299
25388
25300
25389
25301
25390
25302
25391
25303
25392
25304
25393
25305
25394
25306
25395
25307
25396
25308
25397
25309
25398
25310
25399
25311
25400
25312
25401
25313
25402
25314
25403
25315
25404
25316
25405
25317
25406
25318
25407
25319
25408
25320
25409
25321
25410
25322
25411
25323
25412
25324
25413
25325
25414
25326
25415
25327
25416
25328
25417
25329
25418
25330
25419
25331
25420
25332
25421
25333
25422
25334
25423
25335
25424
25336
25425
25337
25426
25338
25427
25339
25428
25340
25429
25341
25430
25342
25431
25343
25432
25344
25433
25345
25434
25346
25435
25347
25436
25348
25437
25349
25438
25350
25439
25351
25440
25352
25441
25353
25442
25354
25443
25355
25444
25356
25445
25357
25446
25358
25447
25359
25448
25360
25449
25361
25450
25362
25451
25363
25452
25364
25453
25365
25454
25366
25455
25367
25456
25368
25457
25369
25458
25370
25459
25371
25460
25372
25461
25373
25462
25374
25463
25375
25464
25376
25465
25377
25466
25378
25467
25379
25468
25469
25381
25470
25382
25471
25383
25472
25384
25473
25385
25474
25386
25475
25387
25476
25388
25477
25389
25478
25390
25479
25391
25480
25392
25481
25393
25482
25394
25483
25395
25484
25396
25485
25397
25486
25398
25487
25399
25488
25400
25489
25401
25490
25402
25491
25403
25492
25404
25493
25405
25494
25406
25495
25407
25496
25408
25497
25409
25498
25410
25499
25411
25500
25412
25501
25413
25502
25414
25503
25415
25504
25416
25505
25417
25506
25418
25507
25419
25508
25420
25509
25421
25510
25422
25511
25423
25512
25424
25513
25425
25514
25426
25515
25427
25516
25428
25517
25429
25518
25430
25519
25431
25520
25432
25521
25433
25522
25434
25523
25435
25524
25436
25525
25437
25526
25438
25527
25439
25528
25440
25529
25441
25530
25442
25531
25443
25532
25444
25533
25445
25534
25446
25535
25447
25536
25448
25537
25449
25538
25450
25539
25451
25540
25452
25541
25453
25542
25454
25543
25455
25544
25456
25545
25457
25546
25458
25547
25459
25548
25460
25549
25461
25550
25462
25551
25463
25552
25464
25553
25465
25554
25466
25555
25467
25556
25468
25557
25469
25558
25559
25471
25560
25472
25561
25473
25562
25474
25563
25475
25564
25476
25565
25477
25566
25478
25567
25479
25568
25480
25569
25481
25570
25482
25571
25483
25572
25484
25573
25485
25574
25486
25575
25487
25576
25488
25577
25489
25578
25490
25579
25491
25580
25492
25581
25493
25582
25494
25583
25495
25584
25496
25585
25497
25586
25498
25587
25499
25588
25500
25589
25501
25590
25502
25591
25503
25592
25504
25593
25505
25594
25506
25595
25507
25596
25508
25597
25509
25598
25510
25599
25511
25600
25512
25601
25513
25602
25514
25603
25515
25604
25516
25605
25517
25606
25518
25607
25519
25608
25520
25609
25521
25610
25522
25611
25523
25612
25524
25613
25525
25614
25526
25615
25527
25616
25528
25617
25529
25618
25530
25619
25531
25620
25532
25621
25533
25622
25534
25623
25535
25624
25536
25625
25537
25626
25538
25627
25539
25628
25540
25629
25541
25630
25542
25631
25543
25632
25544
25633
25545
25634
25546
25635
25547
25636
25548
25637
25549
25638
25550
25639
25551
25640
25552
25641
25553
25642
25554
25643
25555
25644
25556
25645
25557
25646
25558
25647
25559
25648
25649
25561
25650
25562
25651
25563
25652
25564
25653
25565
25654
25566
25655
25567
25656
25568
25657
25569
25658
25570
25659
25571
25660
25572
25661
25573
25662
25574
25663
25575
25664
25576
25665
25577
25666
25578
25667
25579
25668
25580
25669
25581
25670
25582
25671
25583
25672
25584
25673
25585
25674
25586
25675
25587
25676
25588
25677
25589
25678
25590
25679
25591
25680
25592
25681
25593
25682
25594
25683
25595
25684
25596
25685
25597
25686
25598
25687
25599
25688
25600
25689
25601
25690
25602
25691
25603
25692
25604
25693
25605
25694
25606
25695
25607
25696
25608
25697
25609
25698
25610
25699
25611
25700
25612
25701
25613
25702
25614
25703
25615
25704
25616
25705
25617
25706
25618
25707
25619
25708
25620
25709
25621
25710
25622
25711
25623
25712
25624
25713
25625
25714
25626
25715
25627
25716
25628
25717
25629
25718
25630
25719
25631
25720
25632
25721
25633
25722
25634
25723
25635
25724
25636
25725
25637
25726
25638
25727
25639
25728
25640
25729
25641
25730
25642
25731
25643
25732
25644
25733
25645
25734
25646
25735
25647
25736
25648
25737
25649
25738
25739
25651
25740
25652
25741
25653
25742
25654
25743
25655
25744
25656
25745
25657
25746
25658
25747
25659
25748
25660
25749
25661
25750
25662
25751
25663
25752
25664
25753
25665
25754
25666
25755
25667
25756
25668
25757
25669
25758
25670
25759
25671
25760
25672
25761
25673
25762
25674
25763
25675
25764
25676
25765
25677
25766
25678
25767
25679
25768
25680
25769
25681
25770
25682
25771
25683
25772
25684
25773
25685
25774
25686
25775
25687
25776
25688
25777
25689
25778
25690
25779
25691
25780
25692
25781
25693
25782
25694
25783
25695
25784
25696
25785
25697
25786
25698
25787
25699
25788
25700
25789
25701
25790
25702
25791
25703
25792
25704
25793
25705
25794
25706
25795
25707
25796
25708
25797
25709
25798
25710
25799
25711
25800
25712
25801
25713
25802
25714
25803
25715
25804
25716
25805
25717
25806
25718
25807
25719
25808
25720
25809
25721
25810
25722
25811
25723
25812
25724
25813
25725
25814
25726
25815
25727
25816
25728
25817
25729
25818
25730
25819
25731
25820
25732
25821
25733
25822
25734
25823
25735
25824
25736
25825
25737
25826
25738
25827
25739
25828
25829
25741
25830
25742
25831
25743
25832
25744
25833
25745
25834
25746
25835
25747
25836
25748
25837
25749
25838
25750
25839
25751
25840
25752
25841
25753
25842
25754
25843
25755
25844
25756
25845
25757
25846
25758
25847
25759
25848
25760
25849
25761
25850
25762
25851
25763
25852
25764
25853
25765
25854
25766
25855
25767
25856
25768
25857
25769
25858
25770
25859
25771
25860
25772
25861
25773
25862
25774
25863
25775
25864
25776
25865
25777
25866
25778
25867
25779
25868
25780
25869
25781
25870
25782
25871
25783
25872
25784
25873
25785
25874
25786
25875
25787
25876
25788
25877
25789
25878
25790
25879
25791
25880
25792
25881
25793
25882
25794
25883
25795
25884
25796
25885
25797
25886
25798
25887
25799
25888
25800
25889
25801
25890
25802
25891
25803
25892
25804
25893
25805
25894
25806
25895
25807
25896
25808
25897
25809
25898
25810
25899
25811
25900
25812
25901
25813
25902
25814
25903
25815
25904
25816
25905
25817
25906
25818
25907
25819
25908
25820
25909
25821
25910
25822
25911
25823
25912
25824
25913
25825
25914
25826
25915
25827
25916
25828
25917
25829
25918
25919
25831
25920
25832
25921
25833
25922
25834
25923
25835
25924
25836
25925
25837
25926
25838
25927
25839
25928
25840
25929
25841
25930
25842
25931
25843
25932
25844
25933
25845
25934
25846
25935
25847
25936
25848
25937
25849
25938
25850
25939
25851
25940
25852
25941
25853
25942
25854
25943
25855
25944
25856
25945
25857
25946
25858
25947
25859
25948
25860
25949
25861
25950
25862
25951
25863
25952
25864
25953
25865
25954
25866
25955
25867
25956
25868
25957
25869
25958
25870
25959
25871
25960
25872
25961
25873
25962
25874
25963
25875
25964
25876
25965
25877
25966
25878
25967
25879
25968
25880
25969
25881
25970
25882
25971
25883
25972
25884
25973
25885
25974
25886
25975
25887
25976
25888
25977
25889
25978
25890
25979
25891
25980
25892
25981
25893
25982
25894
25983
25895
25984
25896
25985
25897
25986
25898
25987
25899
25988
25900
25989
25901
25990
25902
25991
25903
25992
25904
25993
25905
25994
25906
25995
25907
25996
25908
25997
25909
25998
25910
25999
25911
26000
25912
26001
25913
26002
25914
26003
25915
26004
25916
26005
25917
26006
25918
26007
25919
26008
26009
25921
26010
25922
26011
25923
26012
25924
26013
25925
26014
25926
26015
25927
26016
25928
26017
25929
26018
25930
26019
25931
26020
25932
26021
25933
26022
25934
26023
25935
26024
25936
26025
25937
26026
25938
26027
25939
26028
25940
26029
25941
26030
25942
26031
25943
26032
25944
26033
25945
26034
25946
26035
25947
26036
25948
26037
25949
26038
25950
26039
25951
26040
25952
26041
25953
26042
25954
26043
25955
26044
25956
26045
25957
26046
25958
26047
25959
26048
25960
26049
25961
26050
25962
26051
25963
26052
25964
26053
25965
26054
25966
26055
25967
26056
25968
26057
25969
26058
25970
26059
25971
26060
25972
26061
25973
26062
25974
26063
25975
26064
25976
26065
25977
26066
25978
26067
25979
26068
25980
26069
25981
26070
25982
26071
25983
26072
25984
26073
25985
26074
25986
26075
25987
26076
25988
26077
25989
26078
25990
26079
25991
26080
25992
26081
25993
26082
25994
26083
25995
26084
25996
26085
25997
26086
25998
26087
25999
26088
26000
26089
26001
26090
26002
26091
26003
26092
26004
26093
26005
26094
26006
26095
26007
26096
26008
26097
26009
26098
26099
26011
26100
26012
26101
26013
26102
26014
26103
26015
26104
26016
26105
26017
26106
26018
26107
26019
26108
26020
26109
26021
26110
26022
26111
26023
26112
26024
26113
26025
26114
26026
26115
26027
26116
26028
26117
26029
26118
26030
26119
26031
26120
26032
26121
26033
26122
26034
26123
26035
26124
26036
26125
26037
26126
26038
26127
26039
26128
26040
26129
26041
26130
26042
26131
26043
26132
26044
26133
26045
26134
26046
26135
26047
26136
26048
26137
26049
26138
26050
26139
26051
26140
26052
26141
26053
26142
26054
26143
26055
26144
26056
26145
26057
26146
26058
26147
26059
26148
26060
26149
26061
26150
26062
26151
26063
26152
26064
26153
26065
26154
26066
26155
26067
26156
26068
26157
26069
26158
26070
26159
26071
26160
26072
26161
26073
26162
26074
26163
26075
26164
26076
26165
26077
26166
26078
26167
26079
26168
26080
26169
26081
26170
26082
26171
26083
26172
26084
26173
26085
26174
26086
26175
26087
26176
26088
26177
26089
26178
26090
26179
26091
26180
26092
26181
26093
26182
26094
26183
26095
26184
26096
26185
26097
26186
26098
26187
26099
26188
26189
26101
26190
26102
26191
26103
26192
26104
26193
26105
26194
26106
26195
26107
26196
26108
26197
26109
26198
26110
26199
26111
26200
26112
26201
26113
26202
26114
26203
26115
26204
26116
26205
26117
26206
26118
26207
26119
26208
26120
26209
26121
26210
26122
26211
26123
26212
26124
26213
26125
26214
26126
26215
26127
26216
26128
26217
26129
26218
26130
26219
26131
26220
26132
26221
26133
26222
26134
26223
26135
26224
26136
26225
26137
26226
26138
26227
26139
26228
26140
26229
26141
26230
26142
26231
26143
26232
26144
26233
26145
26234
26146
26235
26147
26236
26148
26237
26149
26238
26150
26239
26151
26240
26152
26241
26153
26242
26154
26243
26155
26244
26156
26245
26157
26246
26158
26247
26159
26248
26160
26249
26161
26250
26162
26251
26163
26252
26164
26253
26165
26254
26166
26255
26167
26256
26168
26257
26169
26258
26170
26259
26171
26260
26172
26261
26173
26262
26174
26263
26175
26264
26176
26265
26177
26266
26178
26267
26179
26268
26180
26269
26181
26270
26182
26271
26183
26272
26184
26273
26185
26274
26186
26275
26187
26276
26188
26277
26189
26278
26279
26191
26280
26192
26281
26193
26282
26194
26283
26195
26284
26196
26285
26197
26286
26198
26287
26199
26288
26200
26289
26201
26290
26202
26291
26203
26292
26204
26293
26205
26294
26206
26295
26207
26296
26208
26297
26209
26298
26210
26299
26211
26300
26212
26301
26213
26302
26214
26303
26215
26304
26216
26305
26217
26306
26218
26307
26219
26308
26220
26309
26221
26310
26222
26311
26223
26312
26224
26313
26225
26314
26226
26315
26227
26316
26228
26317
26229
26318
26230
26319
26231
26320
26232
26321
26233
26322
26234
26323
26235
26324
26236
26325
26237
26326
26238
26327
26239
26328
26240
26329
26241
26330
26242
26331
26243
26332
26244
26333
26245
26334
26246
26335
26247
26336
26248
26337
26249
26338
26250
26339
26251
26340
26252
26341
26253
26342
26254
26343
26255
26344
26256
26345
26257
26346
26258
26347
26259
26348
26260
26349
26261
26350
26262
26351
26263
26352
26264
26353
26265
26354
26266
26355
26267
26356
26268
26357
26269
26358
26270
26359
26271
26360
26272
26361
26273
26362
26274
26363
26275
26364
26276
26365
26277
26366
26278
26367
26279
26368
26369
26281
26370
26282
26371
26283
26372
26284
26373
26285
26374
26286
26375
26287
26376
26288
26377
26289
26378
26290
26379
26291
26380
26292
26381
26293
26382
26294
26383
26295
26384
26296
26385
26297
26386
26298
26387
26299
26388
26300
26389
26301
26390
26302
26391
26303
26392
26304
26393
26305
26394
26306
26395
26307
26396
26308
26397
26309
26398
26310
26399
26311
26400
26312
26401
26313
26402
26314
26403
26315
26404
26316
26405
26317
26406
26318
26407
26319
26408
26320
26409
26321
26410
26322
26411
26323
26412
26324
26413
26325
26414
26326
26415
26327
26416
26328
26417
26329
26418
26330
26419
26331
26420
26332
26421
26333
26422
26334
26423
26335
26424
26336
26425
26337
26426
26338
26427
26339
26428
26340
26429
26341
26430
26342
26431
26343
26432
26344
26433
26345
26434
26346
26435
26347
26436
26348
26437
26349
26438
26350
26439
26351
26440
26352
26441
26353
26442
26354
26443
26355
26444
26356
26445
26357
26446
26358
26447
26359
26448
26360
26449
26361
26450
26362
26451
26363
26452
26364
26453
26365
26454
26366
26455
26367
26456
26368
26457
26369
26458
26459
26371
26460
26372
26461
26373
26462
26374
26463
26375
26464
26376
26465
26377
26466
26378
26467
26379
26468
26380
26469
26381
26470
26382
26471
26383
26472
26384
26473
26385
26474
26386
26475
26387
26476
26388
26477
26389
26478
26390
26479
26391
26480
26392
26481
26393
26482
26394
26483
26395
26484
26396
26485
26397
26486
26398
26487
26399
26488
26400
26489
26401
26490
26402
26491
26403
26492
26404
26493
26405
26494
26406
26495
26407
26496
26408
26497
26409
26498
26410
26499
26411
26500
26412
26501
26413
26502
26414
26503
26415
26504
26416
26505
26417
26506
26418
26507
26419
26508
26420
26509
26421
26510
26422
26511
26423
26512
26424
26513
26425
26514
26426
26515
26427
26516
26428
26517
26429
26518
26430
26519
26431
26520
26432
26521
26433
26522
26434
26523
26435
26524
26436
26525
26437
26526
26438
26527
26439
26528
26440
26529
26441
26530
26442
26531
26443
26532
26444
26533
26445
26534
26446
26535
26447
26536
26448
26537
26449
26538
26450
26539
26451
26540
26452
26541
26453
26542
26454
26543
26455
26544
26456
26545
26457
26546
26458
26547
26459
26548
26549
26461
26550
26462
26551
26463
26552
26464
26553
26465
26554
26466
26555
26467
26556
26468
26557
26469
26558
26470
26559
26471
26560
26472
26561
26473
26562
26474
26563
26475
26564
26476
26565
26477
26566
26478
26567
26479
26568
26480
26569
26481
26570
26482
26571
26483
26572
26484
26573
26485
26574
26486
26575
26487
26576
26488
26577
26489
26578
26490
26579
26491
26580
26492
26581
26493
26582
26494
26583
26495
26584
26496
26585
26497
26586
26498
26587
26499
26588
26500
26589
26501
26590
26502
26591
26503
26592
26504
26593
26505
26594
26506
26595
26507
26596
26508
26597
26509
26598
26510
26599
26511
26600
26512
26601
26513
26602
26514
26603
26515
26604
26516
26605
26517
26606
26518
26607
26519
26608
26520
26609
26521
26610
26522
26611
26523
26612
26524
26613
26525
26614
26526
26615
26527
26616
26528
26617
26529
26618
26530
26619
26531
26620
26532
26621
26533
26622
26534
26623
26535
26624
26536
26625
26537
26626
26538
26627
26539
26628
26540
26629
26541
26630
26542
26631
26543
26632
26544
26633
26545
26634
26546
26635
26547
26636
26548
26637
26549
26638
26639
26551
26640
26552
26641
26553
26642
26554
26643
26555
26644
26556
26645
26557
26646
26558
26647
26559
26648
26560
26649
26561
26650
26562
26651
26563
26652
26564
26653
26565
26654
26566
26655
26567
26656
26568
26657
26569
26658
26570
26659
26571
26660
26572
26661
26573
26662
26574
26663
26575
26664
26576
26665
26577
26666
26578
26667
26579
26668
26580
26669
26581
26670
26582
26671
26583
26672
26584
26673
26585
26674
26586
26675
26587
26676
26588
26677
26589
26678
26590
26679
26591
26680
26592
26681
26593
26682
26594
26683
26595
26684
26596
26685
26597
26686
26598
26687
26599
26688
26600
26689
26601
26690
26602
26691
26603
26692
26604
26693
26605
26694
26606
26695
26607
26696
26608
26697
26609
26698
26610
26699
26611
26700
26612
26701
26613
26702
26614
26703
26615
26704
26616
26705
26617
26706
26618
26707
26619
26708
26620
26709
26621
26710
26622
26711
26623
26712
26624
26713
26625
26714
26626
26715
26627
26716
26628
26717
26629
26718
26630
26719
26631
26720
26632
26721
26633
26722
26634
26723
26635
26724
26636
26725
26637
26726
26638
26727
26639
26728
26729
26641
26730
26642
26731
26643
26732
26644
26733
26645
26734
26646
26735
26647
26736
26648
26737
26649
26738
26650
26739
26651
26740
26652
26741
26653
26742
26654
26743
26655
26744
26656
26745
26657
26746
26658
26747
26659
26748
26660
26749
26661
26750
26662
26751
26663
26752
26664
26753
26665
26754
26666
26755
26667
26756
26668
26757
26669
26758
26670
26759
26671
26760
26672
26761
26673
26762
26674
26763
26675
26764
26676
26765
26677
26766
26678
26767
26679
26768
26680
26769
26681
26770
26682
26771
26683
26772
26684
26773
26685
26774
26686
26775
26687
26776
26688
26777
26689
26778
26690
26779
26691
26780
26692
26781
26693
26782
26694
26783
26695
26784
26696
26785
26697
26786
26698
26787
26699
26788
26700
26789
26701
26790
26702
26791
26703
26792
26704
26793
26705
26794
26706
26795
26707
26796
26708
26797
26709
26798
26710
26799
26711
26800
26712
26801
26713
26802
26714
26803
26715
26804
26716
26805
26717
26806
26718
26807
26719
26808
26720
26809
26721
26810
26722
26811
26723
26812
26724
26813
26725
26814
26726
26815
26727
26816
26728
26817
26729
26818
26819
26731
26820
26732
26821
26733
26822
26734
26823
26735
26824
26736
26825
26737
26826
26738
26827
26739
26828
26740
26829
26741
26830
26742
26831
26743
26832
26744
26833
26745
26834
26746
26835
26747
26836
26748
26837
26749
26838
26750
26839
26751
26840
26752
26841
26753
26842
26754
26843
26755
26844
26756
26845
26757
26846
26758
26847
26759
26848
26760
26849
26761
26850
26762
26851
26763
26852
26764
26853
26765
26854
26766
26855
26767
26856
26768
26857
26769
26858
26770
26859
26771
26860
26772
26861
26773
26862
26774
26863
26775
26864
26776
26865
26777
26866
26778
26867
26779
26868
26780
26869
26781
26870
26782
26871
26783
26872
26784
26873
26785
26874
26786
26875
26787
26876
26788
26877
26789
26878
26790
26879
26791
26880
26792
26881
26793
26882
26794
26883
26795
26884
26796
26885
26797
26886
26798
26887
26799
26888
26800
26889
26801
26890
26802
26891
26803
26892
26804
26893
26805
26894
26806
26895
26807
26896
26808
26897
26809
26898
26810
26899
26811
26900
26812
26901
26813
26902
26814
26903
26815
26904
26816
26905
26817
26906
26818
26907
26819
26908
26909
26821
26910
26822
26911
26823
26912
26824
26913
26825
26914
26826
26915
26827
26916
26828
26917
26829
26918
26830
26919
26831
26920
26832
26921
26833
26922
26834
26923
26835
26924
26836
26925
26837
26926
26838
26927
26839
26928
26840
26929
26841
26930
26842
26931
26843
26932
26844
26933
26845
26934
26846
26935
26847
26936
26848
26937
26849
26938
26850
26939
26851
26940
26852
26941
26853
26942
26854
26943
26855
26944
26856
26945
26857
26946
26858
26947
26859
26948
26860
26949
26861
26950
26862
26951
26863
26952
26864
26953
26865
26954
26866
26955
26867
26956
26868
26957
26869
26958
26870
26959
26871
26960
26872
26961
26873
26962
26874
26963
26875
26964
26876
26965
26877
26966
26878
26967
26879
26968
26880
26969
26881
26970
26882
26971
26883
26972
26884
26973
26885
26974
26886
26975
26887
26976
26888
26977
26889
26978
26890
26979
26891
26980
26892
26981
26893
26982
26894
26983
26895
26984
26896
26985
26897
26986
26898
26987
26899
26988
26900
26989
26901
26990
26902
26991
26903
26992
26904
26993
26905
26994
26906
26995
26907
26996
26908
26997
26909
26998
26999
26911
27000
26912
27001
26913
27002
26914
27003
26915
27004
26916
27005
26917
27006
26918
27007
26919
27008
26920
27009
26921
27010
26922
27011
26923
27012
26924
27013
26925
27014
26926
27015
26927
27016
26928
27017
26929
27018
26930
27019
26931
27020
26932
27021
26933
27022
26934
27023
26935
27024
26936
27025
26937
27026
26938
27027
26939
27028
26940
27029
26941
27030
26942
27031
26943
27032
26944
27033
26945
27034
26946
27035
26947
27036
26948
27037
26949
27038
26950
27039
26951
27040
26952
27041
26953
27042
26954
27043
26955
27044
26956
27045
26957
27046
26958
27047
26959
27048
26960
27049
26961
27050
26962
27051
26963
27052
26964
27053
26965
27054
26966
27055
26967
27056
26968
27057
26969
27058
26970
27059
26971
27060
26972
27061
26973
27062
26974
27063
26975
27064
26976
27065
26977
27066
26978
27067
26979
27068
26980
27069
26981
27070
26982
27071
26983
27072
26984
27073
26985
27074
26986
27075
26987
27076
26988
27077
26989
27078
26990
27079
26991
27080
26992
27081
26993
27082
26994
27083
26995
27084
26996
27085
26997
27086
26998
27087
26999
27088
27089
27001
27090
27002
27091
27003
27092
27004
27093
27005
27094
27006
27095
27007
27096
27008
27097
27009
27098
27010
27099
27011
27100
27012
27101
27013
27102
27014
27103
27015
27104
27016
27105
27017
27106
27018
27107
27019
27108
27020
27109
27021
27110
27022
27111
27023
27112
27024
27113
27025
27114
27026
27115
27027
27116
27028
27117
27029
27118
27030
27119
27031
27120
27032
27121
27033
27122
27034
27123
27035
27124
27036
27125
27037
27126
27038
27127
27039
27128
27040
27129
27041
27130
27042
27131
27043
27132
27044
27133
27045
27134
27046
27135
27047
27136
27048
27137
27049
27138
27050
27139
27051
27140
27052
27141
27053
27142
27054
27143
27055
27144
27056
27145
27057
27146
27058
27147
27059
27148
27060
27149
27061
27150
27062
27151
27063
27152
27064
27153
27065
27154
27066
27155
27067
27156
27068
27157
27069
27158
27070
27159
27071
27160
27072
27161
27073
27162
27074
27163
27075
27164
27076
27165
27077
27166
27078
27167
27079
27168
27080
27169
27081
27170
27082
27171
27083
27172
27084
27173
27085
27174
27086
27175
27087
27176
27088
27177
27089
27178
27179
27091
27180
27092
27181
27093
27182
27094
27183
27095
27184
27096
27185
27097
27186
27098
27187
27099
27188
27100
27189
27101
27190
27102
27191
27103
27192
27104
27193
27105
27194
27106
27195
27107
27196
27108
27197
27109
27198
27110
27199
27111
27200
27112
27201
27113
27202
27114
27203
27115
27204
27116
27205
27117
27206
27118
27207
27119
27208
27120
27209
27121
27210
27122
27211
27123
27212
27124
27213
27125
27214
27126
27215
27127
27216
27128
27217
27129
27218
27130
27219
27131
27220
27132
27221
27133
27222
27134
27223
27135
27224
27136
27225
27137
27226
27138
27227
27139
27228
27140
27229
27141
27230
27142
27231
27143
27232
27144
27233
27145
27234
27146
27235
27147
27236
27148
27237
27149
27238
27150
27239
27151
27240
27152
27241
27153
27242
27154
27243
27155
27244
27156
27245
27157
27246
27158
27247
27159
27248
27160
27249
27161
27250
27162
27251
27163
27252
27164
27253
27165
27254
27166
27255
27167
27256
27168
27257
27169
27258
27170
27259
27171
27260
27172
27261
27173
27262
27174
27263
27175
27264
27176
27265
27177
27266
27178
27267
27179
27268
27269
27181
27270
27182
27271
27183
27272
27184
27273
27185
27274
27186
27275
27187
27276
27188
27277
27189
27278
27190
27279
27191
27280
27192
27281
27193
27282
27194
27283
27195
27284
27196
27285
27197
27286
27198
27287
27199
27288
27200
27289
27201
27290
27202
27291
27203
27292
27204
27293
27205
27294
27206
27295
27207
27296
27208
27297
27209
27298
27210
27299
27211
27300
27212
27301
27213
27302
27214
27303
27215
27304
27216
27305
27217
27306
27218
27307
27219
27308
27220
27309
27221
27310
27222
27311
27223
27312
27224
27313
27225
27314
27226
27315
27227
27316
27228
27317
27229
27318
27230
27319
27231
27320
27232
27321
27233
27322
27234
27323
27235
27324
27236
27325
27237
27326
27238
27327
27239
27328
27240
27329
27241
27330
27242
27331
27243
27332
27244
27333
27245
27334
27246
27335
27247
27336
27248
27337
27249
27338
27250
27339
27251
27340
27252
27341
27253
27342
27254
27343
27255
27344
27256
27345
27257
27346
27258
27347
27259
27348
27260
27349
27261
27350
27262
27351
27263
27352
27264
27353
27265
27354
27266
27355
27267
27356
27268
27357
27269
27358
27359
27271
27360
27272
27361
27273
27362
27274
27363
27275
27364
27276
27365
27277
27366
27278
27367
27279
27368
27280
27369
27281
27370
27282
27371
27283
27372
27284
27373
27285
27374
27286
27375
27287
27376
27288
27377
27289
27378
27290
27379
27291
27380
27292
27381
27293
27382
27294
27383
27295
27384
27296
27385
27297
27386
27298
27387
27299
27388
27300
27389
27301
27390
27302
27391
27303
27392
27304
27393
27305
27394
27306
27395
27307
27396
27308
27397
27309
27398
27310
27399
27311
27400
27312
27401
27313
27402
27314
27403
27315
27404
27316
27405
27317
27406
27318
27407
27319
27408
27320
27409
27321
27410
27322
27411
27323
27412
27324
27413
27325
27414
27326
27415
27327
27416
27328
27417
27329
27418
27330
27419
27331
27420
27332
27421
27333
27422
27334
27423
27335
27424
27336
27425
27337
27426
27338
27427
27339
27428
27340
27429
27341
27430
27342
27431
27343
27432
27344
27433
27345
27434
27346
27435
27347
27436
27348
27437
27349
27438
27350
27439
27351
27440
27352
27441
27353
27442
27354
27443
27355
27444
27356
27445
27357
27446
27358
27447
27359
27448
27449
27361
27450
27362
27451
27363
27452
27364
27453
27365
27454
27366
27455
27367
27456
27368
27457
27369
27458
27370
27459
27371
27460
27372
27461
27373
27462
27374
27463
27375
27464
27376
27465
27377
27466
27378
27467
27379
27468
27380
27469
27381
27470
27382
27471
27383
27472
27384
27473
27385
27474
27386
27475
27387
27476
27388
27477
27389
27478
27390
27479
27391
27480
27392
27481
27393
27482
27394
27483
27395
27484
27396
27485
27397
27486
27398
27487
27399
27488
27400
27489
27401
27490
27402
27491
27403
27492
27404
27493
27405
27494
27406
27495
27407
27496
27408
27497
27409
27498
27410
27499
27411
27500
27412
27501
27413
27502
27414
27503
27415
27504
27416
27505
27417
27506
27418
27507
27419
27508
27420
27509
27421
27510
27422
27511
27423
27512
27424
27513
27425
27514
27426
27515
27427
27516
27428
27517
27429
27518
27430
27519
27431
27520
27432
27521
27433
27522
27434
27523
27435
27524
27436
27525
27437
27526
27438
27527
27439
27528
27440
27529
27441
27530
27442
27531
27443
27532
27444
27533
27445
27534
27446
27535
27447
27536
27448
27537
27449
27538
27539
27451
27540
27452
27541
27453
27542
27454
27543
27455
27544
27456
27545
27457
27546
27458
27547
27459
27548
27460
27549
27461
27550
27462
27551
27463
27552
27464
27553
27465
27554
27466
27555
27467
27556
27468
27557
27469
27558
27470
27559
27471
27560
27472
27561
27473
27562
27474
27563
27475
27564
27476
27565
27477
27566
27478
27567
27479
27568
27480
27569
27481
27570
27482
27571
27483
27572
27484
27573
27485
27574
27486
27575
27487
27576
27488
27577
27489
27578
27490
27579
27491
27580
27492
27581
27493
27582
27494
27583
27495
27584
27496
27585
27497
27586
27498
27587
27499
27588
27500
27589
27501
27590
27502
27591
27503
27592
27504
27593
27505
27594
27506
27595
27507
27596
27508
27597
27509
27598
27510
27599
27511
27600
27512
27601
27513
27602
27514
27603
27515
27604
27516
27605
27517
27606
27518
27607
27519
27608
27520
27609
27521
27610
27522
27611
27523
27612
27524
27613
27525
27614
27526
27615
27527
27616
27528
27617
27529
27618
27530
27619
27531
27620
27532
27621
27533
27622
27534
27623
27535
27624
27536
27625
27537
27626
27538
27627
27539
27628
27629
27541
27630
27542
27631
27543
27632
27544
27633
27545
27634
27546
27635
27547
27636
27548
27637
27549
27638
27550
27639
27551
27640
27552
27641
27553
27642
27554
27643
27555
27644
27556
27645
27557
27646
27558
27647
27559
27648
27560
27649
27561
27650
27562
27651
27563
27652
27564
27653
27565
27654
27566
27655
27567
27656
27568
27657
27569
27658
27570
27659
27571
27660
27572
27661
27573
27662
27574
27663
27575
27664
27576
27665
27577
27666
27578
27667
27579
27668
27580
27669
27581
27670
27582
27671
27583
27672
27584
27673
27585
27674
27586
27675
27587
27676
27588
27677
27589
27678
27590
27679
27591
27680
27592
27681
27593
27682
27594
27683
27595
27684
27596
27685
27597
27686
27598
27687
27599
27688
27600
27689
27601
27690
27602
27691
27603
27692
27604
27693
27605
27694
27606
27695
27607
27696
27608
27697
27609
27698
27610
27699
27611
27700
27612
27701
27613
27702
27614
27703
27615
27704
27616
27705
27617
27706
27618
27707
27619
27708
27620
27709
27621
27710
27622
27711
27623
27712
27624
27713
27625
27714
27626
27715
27627
27716
27628
27717
27629
27718
27719
27631
27720
27632
27721
27633
27722
27634
27723
27635
27724
27636
27725
27637
27726
27638
27727
27639
27728
27640
27729
27641
27730
27642
27731
27643
27732
27644
27733
27645
27734
27646
27735
27647
27736
27648
27737
27649
27738
27650
27739
27651
27740
27652
27741
27653
27742
27654
27743
27655
27744
27656
27745
27657
27746
27658
27747
27659
27748
27660
27749
27661
27750
27662
27751
27663
27752
27664
27753
27665
27754
27666
27755
27667
27756
27668
27757
27669
27758
27670
27759
27671
27760
27672
27761
27673
27762
27674
27763
27675
27764
27676
27765
27677
27766
27678
27767
27679
27768
27680
27769
27681
27770
27682
27771
27683
27772
27684
27773
27685
27774
27686
27775
27687
27776
27688
27777
27689
27778
27690
27779
27691
27780
27692
27781
27693
27782
27694
27783
27695
27784
27696
27785
27697
27786
27698
27787
27699
27788
27700
27789
27701
27790
27702
27791
27703
27792
27704
27793
27705
27794
27706
27795
27707
27796
27708
27797
27709
27798
27710
27799
27711
27800
27712
27801
27713
27802
27714
27803
27715
27804
27716
27805
27717
27806
27718
27807
27719
27808
27809
27721
27810
27722
27811
27723
27812
27724
27813
27725
27814
27726
27815
27727
27816
27728
27817
27729
27818
27730
27819
27731
27820
27732
27821
27733
27822
27734
27823
27735
27824
27736
27825
27737
27826
27738
27827
27739
27828
27740
27829
27741
27830
27742
27831
27743
27832
27744
27833
27745
27834
27746
27835
27747
27836
27748
27837
27749
27838
27750
27839
27751
27840
27752
27841
27753
27842
27754
27843
27755
27844
27756
27845
27757
27846
27758
27847
27759
27848
27760
27849
27761
27850
27762
27851
27763
27852
27764
27853
27765
27854
27766
27855
27767
27856
27768
27857
27769
27858
27770
27859
27771
27860
27772
27861
27773
27862
27774
27863
27775
27864
27776
27865
27777
27866
27778
27867
27779
27868
27780
27869
27781
27870
27782
27871
27783
27872
27784
27873
27785
27874
27786
27875
27787
27876
27788
27877
27789
27878
27790
27879
27791
27880
27792
27881
27793
27882
27794
27883
27795
27884
27796
27885
27797
27886
27798
27887
27799
27888
27800
27889
27801
27890
27802
27891
27803
27892
27804
27893
27805
27894
27806
27895
27807
27896
27808
27897
27809
27898
27899
27811
27900
27812
27901
27813
27902
27814
27903
27815
27904
27816
27905
27817
27906
27818
27907
27819
27908
27820
27909
27821
27910
27822
27911
27823
27912
27824
27913
27825
27914
27826
27915
27827
27916
27828
27917
27829
27918
27830
27919
27831
27920
27832
27921
27833
27922
27834
27923
27835
27924
27836
27925
27837
27926
27838
27927
27839
27928
27840
27929
27841
27930
27842
27931
27843
27932
27844
27933
27845
27934
27846
27935
27847
27936
27848
27937
27849
27938
27850
27939
27851
27940
27852
27941
27853
27942
27854
27943
27855
27944
27856
27945
27857
27946
27858
27947
27859
27948
27860
27949
27861
27950
27862
27951
27863
27952
27864
27953
27865
27954
27866
27955
27867
27956
27868
27957
27869
27958
27870
27959
27871
27960
27872
27961
27873
27962
27874
27963
27875
27964
27876
27965
27877
27966
27878
27967
27879
27968
27880
27969
27881
27970
27882
27971
27883
27972
27884
27973
27885
27974
27886
27975
27887
27976
27888
27977
27889
27978
27890
27979
27891
27980
27892
27981
27893
27982
27894
27983
27895
27984
27896
27985
27897
27986
27898
27987
27899
27988
27989
27901
27990
27902
27991
27903
27992
27904
27993
27905
27994
27906
27995
27907
27996
27908
27997
27909
27998
27910
27999
27911
28000
27912
28001
27913
28002
27914
28003
27915
28004
27916
28005
27917
28006
27918
28007
27919
28008
27920
28009
27921
28010
27922
28011
27923
28012
27924
28013
27925
28014
27926
28015
27927
28016
27928
28017
27929
28018
27930
28019
27931
28020
27932
28021
27933
28022
27934
28023
27935
28024
27936
28025
27937
28026
27938
28027
27939
28028
27940
28029
27941
28030
27942
28031
27943
28032
27944
28033
27945
28034
27946
28035
27947
28036
27948
28037
27949
28038
27950
28039
27951
28040
27952
28041
27953
28042
27954
28043
27955
28044
27956
28045
27957
28046
27958
28047
27959
28048
27960
28049
27961
28050
27962
28051
27963
28052
27964
28053
27965
28054
27966
28055
27967
28056
27968
28057
27969
28058
27970
28059
27971
28060
27972
28061
27973
28062
27974
28063
27975
28064
27976
28065
27977
28066
27978
28067
27979
28068
27980
28069
27981
28070
27982
28071
27983
28072
27984
28073
27985
28074
27986
28075
27987
28076
27988
28077
27989
28078
28079
27991
28080
27992
28081
27993
28082
27994
28083
27995
28084
27996
28085
27997
28086
27998
28087
27999
28088
28000
28089
28001
28090
28002
28091
28003
28092
28004
28093
28005
28094
28006
28095
28007
28096
28008
28097
28009
28098
28010
28099
28011
28100
28012
28101
28013
28102
28014
28103
28015
28104
28016
28105
28017
28106
28018
28107
28019
28108
28020
28109
28021
28110
28022
28111
28023
28112
28024
28113
28025
28114
28026
28115
28027
28116
28028
28117
28029
28118
28030
28119
28031
28120
28032
28121
28033
28122
28034
28123
28035
28124
28036
28125
28037
28126
28038
28127
28039
28128
28040
28129
28041
28130
28042
28131
28043
28132
28044
28133
28045
28134
28046
28135
28047
28136
28048
28137
28049
28138
28050
28139
28051
28140
28052
28141
28053
28142
28054
28143
28055
28144
28056
28145
28057
28146
28058
28147
28059
28148
28060
28149
28061
28150
28062
28151
28063
28152
28064
28153
28065
28154
28066
28155
28067
28156
28068
28157
28069
28158
28070
28159
28071
28160
28072
28161
28073
28162
28074
28163
28075
28164
28076
28165
28077
28166
28078
28167
28079
28168
28169
28081
28170
28082
28171
28083
28172
28084
28173
28085
28174
28086
28175
28087
28176
28088
28177
28089
28178
28090
28179
28091
28180
28092
28181
28093
28182
28094
28183
28095
28184
28096
28185
28097
28186
28098
28187
28099
28188
28100
28189
28101
28190
28102
28191
28103
28192
28104
28193
28105
28194
28106
28195
28107
28196
28108
28197
28109
28198
28110
28199
28111
28200
28112
28201
28113
28202
28114
28203
28115
28204
28116
28205
28117
28206
28118
28207
28119
28208
28120
28209
28121
28210
28122
28211
28123
28212
28124
28213
28125
28214
28126
28215
28127
28216
28128
28217
28129
28218
28130
28219
28131
28220
28132
28221
28133
28222
28134
28223
28135
28224
28136
28225
28137
28226
28138
28227
28139
28228
28140
28229
28141
28230
28142
28231
28143
28232
28144
28233
28145
28234
28146
28235
28147
28236
28148
28237
28149
28238
28150
28239
28151
28240
28152
28241
28153
28242
28154
28243
28155
28244
28156
28245
28157
28246
28158
28247
28159
28248
28160
28249
28161
28250
28162
28251
28163
28252
28164
28253
28165
28254
28166
28255
28167
28256
28168
28257
28169
28258
28259
28171
28260
28172
28261
28173
28262
28174
28263
28175
28264
28176
28265
28177
28266
28178
28267
28179
28268
28180
28269
28181
28270
28182
28271
28183
28272
28184
28273
28185
28274
28186
28275
28187
28276
28188
28277
28189
28278
28190
28279
28191
28280
28192
28281
28193
28282
28194
28283
28195
28284
28196
28285
28197
28286
28198
28287
28199
28288
28200
28289
28201
28290
28202
28291
28203
28292
28204
28293
28205
28294
28206
28295
28207
28296
28208
28297
28209
28298
28210
28299
28211
28300
28212
28301
28213
28302
28214
28303
28215
28304
28216
28305
28217
28306
28218
28307
28219
28308
28220
28309
28221
28310
28222
28311
28223
28312
28224
28313
28225
28314
28226
28315
28227
28316
28228
28317
28229
28318
28230
28319
28231
28320
28232
28321
28233
28322
28234
28323
28235
28324
28236
28325
28237
28326
28238
28327
28239
28328
28240
28329
28241
28330
28242
28331
28243
28332
28244
28333
28245
28334
28246
28335
28247
28336
28248
28337
28249
28338
28250
28339
28251
28340
28252
28341
28253
28342
28254
28343
28255
28344
28256
28345
28257
28346
28258
28347
28259
28348
28349
28261
28350
28262
28351
28263
28352
28264
28353
28265
28354
28266
28355
28267
28356
28268
28357
28269
28358
28270
28359
28271
28360
28272
28361
28273
28362
28274
28363
28275
28364
28276
28365
28277
28366
28278
28367
28279
28368
28280
28369
28281
28370
28282
28371
28283
28372
28284
28373
28285
28374
28286
28375
28287
28376
28288
28377
28289
28378
28290
28379
28291
28380
28292
28381
28293
28382
28294
28383
28295
28384
28296
28385
28297
28386
28298
28387
28299
28388
28300
28389
28301
28390
28302
28391
28303
28392
28304
28393
28305
28394
28306
28395
28307
28396
28308
28397
28309
28398
28310
28399
28311
28400
28312
28401
28313
28402
28314
28403
28315
28404
28316
28405
28317
28406
28318
28407
28319
28408
28320
28409
28321
28410
28322
28411
28323
28412
28324
28413
28325
28414
28326
28415
28327
28416
28328
28417
28329
28418
28330
28419
28331
28420
28332
28421
28333
28422
28334
28423
28335
28424
28336
28425
28337
28426
28338
28427
28339
28428
28340
28429
28341
28430
28342
28431
28343
28432
28344
28433
28345
28434
28346
28435
28347
28436
28348
28437
28349
28438
28439
28351
28440
28352
28441
28353
28442
28354
28443
28355
28444
28356
28445
28357
28446
28358
28447
28359
28448
28360
28449
28361
28450
28362
28451
28363
28452
28364
28453
28365
28454
28366
28455
28367
28456
28368
28457
28369
28458
28370
28459
28371
28460
28372
28461
28373
28462
28374
28463
28375
28464
28376
28465
28377
28466
28378
28467
28379
28468
28380
28469
28381
28470
28382
28471
28383
28472
28384
28473
28385
28474
28386
28475
28387
28476
28388
28477
28389
28478
28390
28479
28391
28480
28392
28481
28393
28482
28394
28483
28395
28484
28396
28485
28397
28486
28398
28487
28399
28488
28400
28489
28401
28490
28402
28491
28403
28492
28404
28493
28405
28494
28406
28495
28407
28496
28408
28497
28409
28498
28410
28499
28411
28500
28412
28501
28413
28502
28414
28503
28415
28504
28416
28505
28417
28506
28418
28507
28419
28508
28420
28509
28421
28510
28422
28511
28423
28512
28424
28513
28425
28514
28426
28515
28427
28516
28428
28517
28429
28518
28430
28519
28431
28520
28432
28521
28433
28522
28434
28523
28435
28524
28436
28525
28437
28526
28438
28527
28439
28528
28529
28441
28530
28442
28531
28443
28532
28444
28533
28445
28534
28446
28535
28447
28536
28448
28537
28449
28538
28450
28539
28451
28540
28452
28541
28453
28542
28454
28543
28455
28544
28456
28545
28457
28546
28458
28547
28459
28548
28460
28549
28461
28550
28462
28551
28463
28552
28464
28553
28465
28554
28466
28555
28467
28556
28468
28557
28469
28558
28470
28559
28471
28560
28472
28561
28473
28562
28474
28563
28475
28564
28476
28565
28477
28566
28478
28567
28479
28568
28480
28569
28481
28570
28482
28571
28483
28572
28484
28573
28485
28574
28486
28575
28487
28576
28488
28577
28489
28578
28490
28579
28491
28580
28492
28581
28493
28582
28494
28583
28495
28584
28496
28585
28497
28586
28498
28587
28499
28588
28500
28589
28501
28590
28502
28591
28503
28592
28504
28593
28505
28594
28506
28595
28507
28596
28508
28597
28509
28598
28510
28599
28511
28600
28512
28601
28513
28602
28514
28603
28515
28604
28516
28605
28517
28606
28518
28607
28519
28608
28520
28609
28521
28610
28522
28611
28523
28612
28524
28613
28525
28614
28526
28615
28527
28616
28528
28617
28529
28618
28619
28531
28620
28532
28621
28533
28622
28534
28623
28535
28624
28536
28625
28537
28626
28538
28627
28539
28628
28540
28629
28541
28630
28542
28631
28543
28632
28544
28633
28545
28634
28546
28635
28547
28636
28548
28637
28549
28638
28550
28639
28551
28640
28552
28641
28553
28642
28554
28643
28555
28644
28556
28645
28557
28646
28558
28647
28559
28648
28560
28649
28561
28650
28562
28651
28563
28652
28564
28653
28565
28654
28566
28655
28567
28656
28568
28657
28569
28658
28570
28659
28571
28660
28572
28661
28573
28662
28574
28663
28575
28664
28576
28665
28577
28666
28578
28667
28579
28668
28580
28669
28581
28670
28582
28671
28583
28672
28584
28673
28585
28674
28586
28675
28587
28676
28588
28677
28589
28678
28590
28679
28591
28680
28592
28681
28593
28682
28594
28683
28595
28684
28596
28685
28597
28686
28598
28687
28599
28688
28600
28689
28601
28690
28602
28691
28603
28692
28604
28693
28605
28694
28606
28695
28607
28696
28608
28697
28609
28698
28610
28699
28611
28700
28612
28701
28613
28702
28614
28703
28615
28704
28616
28705
28617
28706
28618
28707
28619
28708
28709
28621
28710
28622
28711
28623
28712
28624
28713
28625
28714
28626
28715
28627
28716
28628
28717
28629
28718
28630
28719
28631
28720
28632
28721
28633
28722
28634
28723
28635
28724
28636
28725
28637
28726
28638
28727
28639
28728
28640
28729
28641
28730
28642
28731
28643
28732
28644
28733
28645
28734
28646
28735
28647
28736
28648
28737
28649
28738
28650
28739
28651
28740
28652
28741
28653
28742
28654
28743
28655
28744
28656
28745
28657
28746
28658
28747
28659
28748
28660
28749
28661
28750
28662
28751
28663
28752
28664
28753
28665
28754
28666
28755
28667
28756
28668
28757
28669
28758
28670
28759
28671
28760
28672
28761
28673
28762
28674
28763
28675
28764
28676
28765
28677
28766
28678
28767
28679
28768
28680
28769
28681
28770
28682
28771
28683
28772
28684
28773
28685
28774
28686
28775
28687
28776
28688
28777
28689
28778
28690
28779
28691
28780
28692
28781
28693
28782
28694
28783
28695
28784
28696
28785
28697
28786
28698
28787
28699
28788
28700
28789
28701
28790
28702
28791
28703
28792
28704
28793
28705
28794
28706
28795
28707
28796
28708
28797
28709
28798
28799
28711
28800
28712
28801
28713
28802
28714
28803
28715
28804
28716
28805
28717
28806
28718
28807
28719
28808
28720
28809
28721
28810
28722
28811
28723
28812
28724
28813
28725
28814
28726
28815
28727
28816
28728
28817
28729
28818
28730
28819
28731
28820
28732
28821
28733
28822
28734
28823
28735
28824
28736
28825
28737
28826
28738
28827
28739
28828
28740
28829
28741
28830
28742
28831
28743
28832
28744
28833
28745
28834
28746
28835
28747
28836
28748
28837
28749
28838
28750
28839
28751
28840
28752
28841
28753
28842
28754
28843
28755
28844
28756
28845
28757
28846
28758
28847
28759
28848
28760
28849
28761
28850
28762
28851
28763
28852
28764
28853
28765
28854
28766
28855
28767
28856
28768
28857
28769
28858
28770
28859
28771
28860
28772
28861
28773
28862
28774
28863
28775
28864
28776
28865
28777
28866
28778
28867
28779
28868
28780
28869
28781
28870
28782
28871
28783
28872
28784
28873
28785
28874
28786
28875
28787
28876
28788
28877
28789
28878
28790
28879
28791
28880
28792
28881
28793
28882
28794
28883
28795
28884
28796
28885
28797
28886
28798
28887
28799
28888
28889
28801
28890
28802
28891
28803
28892
28804
28893
28805
28894
28806
28895
28807
28896
28808
28897
28809
28898
28810
28899
28811
28900
28812
28901
28813
28902
28814
28903
28815
28904
28816
28905
28817
28906
28818
28907
28819
28908
28820
28909
28821
28910
28822
28911
28823
28912
28824
28913
28825
28914
28826
28915
28827
28916
28828
28917
28829
28918
28830
28919
28831
28920
28832
28921
28833
28922
28834
28923
28835
28924
28836
28925
28837
28926
28838
28927
28839
28928
28840
28929
28841
28930
28842
28931
28843
28932
28844
28933
28845
28934
28846
28935
28847
28936
28848
28937
28849
28938
28850
28939
28851
28940
28852
28941
28853
28942
28854
28943
28855
28944
28856
28945
28857
28946
28858
28947
28859
28948
28860
28949
28861
28950
28862
28951
28863
28952
28864
28953
28865
28954
28866
28955
28867
28956
28868
28957
28869
28958
28870
28959
28871
28960
28872
28961
28873
28962
28874
28963
28875
28964
28876
28965
28877
28966
28878
28967
28879
28968
28880
28969
28881
28970
28882
28971
28883
28972
28884
28973
28885
28974
28886
28975
28887
28976
28888
28977
28889
28978
28979
28891
28980
28892
28981
28893
28982
28894
28983
28895
28984
28896
28985
28897
28986
28898
28987
28899
28988
28900
28989
28901
28990
28902
28991
28903
28992
28904
28993
28905
28994
28906
28995
28907
28996
28908
28997
28909
28998
28910
28999
28911
29000
28912
29001
28913
29002
28914
29003
28915
29004
28916
29005
28917
29006
28918
29007
28919
29008
28920
29009
28921
29010
28922
29011
28923
29012
28924
29013
28925
29014
28926
29015
28927
29016
28928
29017
28929
29018
28930
29019
28931
29020
28932
29021
28933
29022
28934
29023
28935
29024
28936
29025
28937
29026
28938
29027
28939
29028
28940
29029
28941
29030
28942
29031
28943
29032
28944
29033
28945
29034
28946
29035
28947
29036
28948
29037
28949
29038
28950
29039
28951
29040
28952
29041
28953
29042
28954
29043
28955
29044
28956
29045
28957
29046
28958
29047
28959
29048
28960
29049
28961
29050
28962
29051
28963
29052
28964
29053
28965
29054
28966
29055
28967
29056
28968
29057
28969
29058
28970
29059
28971
29060
28972
29061
28973
29062
28974
29063
28975
29064
28976
29065
28977
29066
28978
29067
28979
29068
29069
28981
29070
28982
29071
28983
29072
28984
29073
28985
29074
28986
29075
28987
29076
28988
29077
28989
29078
28990
29079
28991
29080
28992
29081
28993
29082
28994
29083
28995
29084
28996
29085
28997
29086
28998
29087
28999
29088
29000
29089
29001
29090
29002
29091
29003
29092
29004
29093
29005
29094
29006
29095
29007
29096
29008
29097
29009
29098
29010
29099
29011
29100
29012
29101
29013
29102
29014
29103
29015
29104
29016
29105
29017
29106
29018
29107
29019
29108
29020
29109
29021
29110
29022
29111
29023
29112
29024
29113
29025
29114
29026
29115
29027
29116
29028
29117
29029
29118
29030
29119
29031
29120
29032
29121
29033
29122
29034
29123
29035
29124
29036
29125
29037
29126
29038
29127
29039
29128
29040
29129
29041
29130
29042
29131
29043
29132
29044
29133
29045
29134
29046
29135
29047
29136
29048
29137
29049
29138
29050
29139
29051
29140
29052
29141
29053
29142
29054
29143
29055
29144
29056
29145
29057
29146
29058
29147
29059
29148
29060
29149
29061
29150
29062
29151
29063
29152
29064
29153
29065
29154
29066
29155
29067
29156
29068
29157
29069
29158
29159
29071
29160
29072
29161
29073
29162
29074
29163
29075
29164
29076
29165
29077
29166
29078
29167
29079
29168
29080
29169
29081
29170
29082
29171
29083
29172
29084
29173
29085
29174
29086
29175
29087
29176
29088
29177
29089
29178
29090
29179
29091
29180
29092
29181
29093
29182
29094
29183
29095
29184
29096
29185
29097
29186
29098
29187
29099
29188
29100
29189
29101
29190
29102
29191
29103
29192
29104
29193
29105
29194
29106
29195
29107
29196
29108
29197
29109
29198
29110
29199
29111
29200
29112
29201
29113
29202
29114
29203
29115
29204
29116
29205
29117
29206
29118
29207
29119
29208
29120
29209
29121
29210
29122
29211
29123
29212
29124
29213
29125
29214
29126
29215
29127
29216
29128
29217
29129
29218
29130
29219
29131
29220
29132
29221
29133
29222
29134
29223
29135
29224
29136
29225
29137
29226
29138
29227
29139
29228
29140
29229
29141
29230
29142
29231
29143
29232
29144
29233
29145
29234
29146
29235
29147
29236
29148
29237
29149
29238
29150
29239
29151
29240
29152
29241
29153
29242
29154
29243
29155
29244
29156
29245
29157
29246
29158
29247
29159
29248
29249
29161
29250
29162
29251
29163
29252
29164
29253
29165
29254
29166
29255
29167
29256
29168
29257
29169
29258
29170
29259
29171
29260
29172
29261
29173
29262
29174
29263
29175
29264
29176
29265
29177
29266
29178
29267
29179
29268
29180
29269
29181
29270
29182
29271
29183
29272
29184
29273
29185
29274
29186
29275
29187
29276
29188
29277
29189
29278
29190
29279
29191
29280
29192
29281
29193
29282
29194
29283
29195
29284
29196
29285
29197
29286
29198
29287
29199
29288
29200
29289
29201
29290
29202
29291
29203
29292
29204
29293
29205
29294
29206
29295
29207
29296
29208
29297
29209
29298
29210
29299
29211
29300
29212
29301
29213
29302
29214
29303
29215
29304
29216
29305
29217
29306
29218
29307
29219
29308
29220
29309
29221
29310
29222
29311
29223
29312
29224
29313
29225
29314
29226
29315
29227
29316
29228
29317
29229
29318
29230
29319
29231
29320
29232
29321
29233
29322
29234
29323
29235
29324
29236
29325
29237
29326
29238
29327
29239
29328
29240
29329
29241
29330
29242
29331
29243
29332
29244
29333
29245
29334
29246
29335
29247
29336
29248
29337
29249
29338
29339
29251
29340
29252
29341
29253
29342
29254
29343
29255
29344
29256
29345
29257
29346
29258
29347
29259
29348
29260
29349
29261
29350
29262
29351
29263
29352
29264
29353
29265
29354
29266
29355
29267
29356
29268
29357
29269
29358
29270
29359
29271
29360
29272
29361
29273
29362
29274
29363
29275
29364
29276
29365
29277
29366
29278
29367
29279
29368
29280
29369
29281
29370
29282
29371
29283
29372
29284
29373
29285
29374
29286
29375
29287
29376
29288
29377
29289
29378
29290
29379
29291
29380
29292
29381
29293
29382
29294
29383
29295
29384
29296
29385
29297
29386
29298
29387
29299
29388
29300
29389
29301
29390
29302
29391
29303
29392
29304
29393
29305
29394
29306
29395
29307
29396
29308
29397
29309
29398
29310
29399
29311
29400
29312
29401
29313
29402
29314
29403
29315
29404
29316
29405
29317
29406
29318
29407
29319
29408
29320
29409
29321
29410
29322
29411
29323
29412
29324
29413
29325
29414
29326
29415
29327
29416
29328
29417
29329
29418
29330
29419
29331
29420
29332
29421
29333
29422
29334
29423
29335
29424
29336
29425
29337
29426
29338
29427
29339
29428
29429
29341
29430
29342
29431
29343
29432
29344
29433
29345
29434
29346
29435
29347
29436
29348
29437
29349
29438
29350
29439
29351
29440
29352
29441
29353
29442
29354
29443
29355
29444
29356
29445
29357
29446
29358
29447
29359
29448
29360
29449
29361
29450
29362
29451
29363
29452
29364
29453
29365
29454
29366
29455
29367
29456
29368
29457
29369
29458
29370
29459
29371
29460
29372
29461
29373
29462
29374
29463
29375
29464
29376
29465
29377
29466
29378
29467
29379
29468
29380
29469
29381
29470
29382
29471
29383
29472
29384
29473
29385
29474
29386
29475
29387
29476
29388
29477
29389
29478
29390
29479
29391
29480
29392
29481
29393
29482
29394
29483
29395
29484
29396
29485
29397
29486
29398
29487
29399
29488
29400
29489
29401
29490
29402
29491
29403
29492
29404
29493
29405
29494
29406
29495
29407
29496
29408
29497
29409
29498
29410
29499
29411
29500
29412
29501
29413
29502
29414
29503
29415
29504
29416
29505
29417
29506
29418
29507
29419
29508
29420
29509
29421
29510
29422
29511
29423
29512
29424
29513
29425
29514
29426
29515
29427
29516
29428
29517
29429
29518
29519
29431
29520
29432
29521
29433
29522
29434
29523
29435
29524
29436
29525
29437
29526
29438
29527
29439
29528
29440
29529
29441
29530
29442
29531
29443
29532
29444
29533
29445
29534
29446
29535
29447
29536
29448
29537
29449
29538
29450
29539
29451
29540
29452
29541
29453
29542
29454
29543
29455
29544
29456
29545
29457
29546
29458
29547
29459
29548
29460
29549
29461
29550
29462
29551
29463
29552
29464
29553
29465
29554
29466
29555
29467
29556
29468
29557
29469
29558
29470
29559
29471
29560
29472
29561
29473
29562
29474
29563
29475
29564
29476
29565
29477
29566
29478
29567
29479
29568
29480
29569
29481
29570
29482
29571
29483
29572
29484
29573
29485
29574
29486
29575
29487
29576
29488
29577
29489
29578
29490
29579
29491
29580
29492
29581
29493
29582
29494
29583
29495
29584
29496
29585
29497
29586
29498
29587
29499
29588
29500
29589
29501
29590
29502
29591
29503
29592
29504
29593
29505
29594
29506
29595
29507
29596
29508
29597
29509
29598
29510
29599
29511
29600
29512
29601
29513
29602
29514
29603
29515
29604
29516
29605
29517
29606
29518
29607
29519
29608
29609
29521
29610
29522
29611
29523
29612
29524
29613
29525
29614
29526
29615
29527
29616
29528
29617
29529
29618
29530
29619
29531
29620
29532
29621
29533
29622
29534
29623
29535
29624
29536
29625
29537
29626
29538
29627
29539
29628
29540
29629
29541
29630
29542
29631
29543
29632
29544
29633
29545
29634
29546
29635
29547
29636
29548
29637
29549
29638
29550
29639
29551
29640
29552
29641
29553
29642
29554
29643
29555
29644
29556
29645
29557
29646
29558
29647
29559
29648
29560
29649
29561
29650
29562
29651
29563
29652
29564
29653
29565
29654
29566
29655
29567
29656
29568
29657
29569
29658
29570
29659
29571
29660
29572
29661
29573
29662
29574
29663
29575
29664
29576
29665
29577
29666
29578
29667
29579
29668
29580
29669
29581
29670
29582
29671
29583
29672
29584
29673
29585
29674
29586
29675
29587
29676
29588
29677
29589
29678
29590
29679
29591
29680
29592
29681
29593
29682
29594
29683
29595
29684
29596
29685
29597
29686
29598
29687
29599
29688
29600
29689
29601
29690
29602
29691
29603
29692
29604
29693
29605
29694
29606
29695
29607
29696
29608
29697
29609
29698
29699
29611
29700
29612
29701
29613
29702
29614
29703
29615
29704
29616
29705
29617
29706
29618
29707
29619
29708
29620
29709
29621
29710
29622
29711
29623
29712
29624
29713
29625
29714
29626
29715
29627
29716
29628
29717
29629
29718
29630
29719
29631
29720
29632
29721
29633
29722
29634
29723
29635
29724
29636
29725
29637
29726
29638
29727
29639
29728
29640
29729
29641
29730
29642
29731
29643
29732
29644
29733
29645
29734
29646
29735
29647
29736
29648
29737
29649
29738
29650
29739
29651
29740
29652
29741
29653
29742
29654
29743
29655
29744
29656
29745
29657
29746
29658
29747
29659
29748
29660
29749
29661
29750
29662
29751
29663
29752
29664
29753
29665
29754
29666
29755
29667
29756
29668
29757
29669
29758
29670
29759
29671
29760
29672
29761
29673
29762
29674
29763
29675
29764
29676
29765
29677
29766
29678
29767
29679
29768
29680
29769
29681
29770
29682
29771
29683
29772
29684
29773
29685
29774
29686
29775
29687
29776
29688
29777
29689
29778
29690
29779
29691
29780
29692
29781
29693
29782
29694
29783
29695
29784
29696
29785
29697
29786
29698
29787
29699
29788
29789
29701
29790
29702
29791
29703
29792
29704
29793
29705
29794
29706
29795
29707
29796
29708
29797
29709
29798
29710
29799
29711
29800
29712
29801
29713
29802
29714
29803
29715
29804
29716
29805
29717
29806
29718
29807
29719
29808
29720
29809
29721
29810
29722
29811
29723
29812
29724
29813
29725
29814
29726
29815
29727
29816
29728
29817
29729
29818
29730
29819
29731
29820
29732
29821
29733
29822
29734
29823
29735
29824
29736
29825
29737
29826
29738
29827
29739
29828
29740
29829
29741
29830
29742
29831
29743
29832
29744
29833
29745
29834
29746
29835
29747
29836
29748
29837
29749
29838
29750
29839
29751
29840
29752
29841
29753
29842
29754
29843
29755
29844
29756
29845
29757
29846
29758
29847
29759
29848
29760
29849
29761
29850
29762
29851
29763
29852
29764
29853
29765
29854
29766
29855
29767
29856
29768
29857
29769
29858
29770
29859
29771
29860
29772
29861
29773
29862
29774
29863
29775
29864
29776
29865
29777
29866
29778
29867
29779
29868
29780
29869
29781
29870
29782
29871
29783
29872
29784
29873
29785
29874
29786
29875
29787
29876
29788
29877
29789
29878
29879
29791
29880
29792
29881
29793
29882
29794
29883
29795
29884
29796
29885
29797
29886
29798
29887
29799
29888
29800
29889
29801
29890
29802
29891
29803
29892
29804
29893
29805
29894
29806
29895
29807
29896
29808
29897
29809
29898
29810
29899
29811
29900
29812
29901
29813
29902
29814
29903
29815
29904
29816
29905
29817
29906
29818
29907
29819
29908
29820
29909
29821
29910
29822
29911
29823
29912
29824
29913
29825
29914
29826
29915
29827
29916
29828
29917
29829
29918
29830
29919
29831
29920
29832
29921
29833
29922
29834
29923
29835
29924
29836
29925
29837
29926
29838
29927
29839
29928
29840
29929
29841
29930
29842
29931
29843
29932
29844
29933
29845
29934
29846
29935
29847
29936
29848
29937
29849
29938
29850
29939
29851
29940
29852
29941
29853
29942
29854
29943
29855
29944
29856
29945
29857
29946
29858
29947
29859
29948
29860
29949
29861
29950
29862
29951
29863
29952
29864
29953
29865
29954
29866
29955
29867
29956
29868
29957
29869
29958
29870
29959
29871
29960
29872
29961
29873
29962
29874
29963
29875
29964
29876
29965
29877
29966
29878
29967
29879
29968
29969
29881
29970
29882
29971
29883
29972
29884
29973
29885
29974
29886
29975
29887
29976
29888
29977
29889
29978
29890
29979
29891
29980
29892
29981
29893
29982
29894
29983
29895
29984
29896
29985
29897
29986
29898
29987
29899
29988
29900
29989
29901
29990
29902
29991
29903
29992
29904
29993
29905
29994
29906
29995
29907
29996
29908
29997
29909
29998
29910
29999
29911
30000
29912
30001
29913
30002
29914
30003
29915
30004
29916
30005
29917
30006
29918
30007
29919
30008
29920
30009
29921
30010
29922
30011
29923
30012
29924
30013
29925
30014
29926
30015
29927
30016
29928
30017
29929
30018
29930
30019
29931
30020
29932
30021
29933
30022
29934
30023
29935
30024
29936
30025
29937
30026
29938
30027
29939
30028
29940
30029
29941
30030
29942
30031
29943
30032
29944
30033
29945
30034
29946
30035
29947
30036
29948
30037
29949
30038
29950
30039
29951
30040
29952
30041
29953
30042
29954
30043
29955
30044
29956
30045
29957
30046
29958
30047
29959
30048
29960
30049
29961
30050
29962
30051
29963
30052
29964
30053
29965
30054
29966
30055
29967
30056
29968
30057
29969
30058
30059
29971
30060
29972
30061
29973
30062
29974
30063
29975
30064
29976
30065
29977
30066
29978
30067
29979
30068
29980
30069
29981
30070
29982
30071
29983
30072
29984
30073
29985
30074
29986
30075
29987
30076
29988
30077
29989
30078
29990
30079
29991
30080
29992
30081
29993
30082
29994
30083
29995
30084
29996
30085
29997
30086
29998
30087
29999
30088
30000
30089
30001
30090
30002
30091
30003
30092
30004
30093
30005
30094
30006
30095
30007
30096
30008
30097
30009
30098
30010
30099
30011
30100
30012
30101
30013
30102
30014
30103
30015
30104
30016
30105
30017
30106
30018
30107
30019
30108
30020
30109
30021
30110
30022
30111
30023
30112
30024
30113
30025
30114
30026
30115
30027
30116
30028
30117
30029
30118
30030
30119
30031
30120
30032
30121
30033
30122
30034
30123
30035
30124
30036
30125
30037
30126
30038
30127
30039
30128
30040
30129
30041
30130
30042
30131
30043
30132
30044
30133
30045
30134
30046
30135
30047
30136
30048
30137
30049
30138
30050
30139
30051
30140
30052
30141
30053
30142
30054
30143
30055
30144
30056
30145
30057
30146
30058
30147
30059
30148
30149
30061
30150
30062
30151
30063
30152
30064
30153
30065
30154
30066
30155
30067
30156
30068
30157
30069
30158
30070
30159
30071
30160
30072
30161
30073
30162
30074
30163
30075
30164
30076
30165
30077
30166
30078
30167
30079
30168
30080
30169
30081
30170
30082
30171
30083
30172
30084
30173
30085
30174
30086
30175
30087
30176
30088
30177
30089
30178
30090
30179
30091
30180
30092
30181
30093
30182
30094
30183
30095
30184
30096
30185
30097
30186
30098
30187
30099
30188
30100
30189
30101
30190
30102
30191
30103
30192
30104
30193
30105
30194
30106
30195
30107
30196
30108
30197
30109
30198
30110
30199
30111
30200
30112
30201
30113
30202
30114
30203
30115
30204
30116
30205
30117
30206
30118
30207
30119
30208
30120
30209
30121
30210
30122
30211
30123
30212
30124
30213
30125
30214
30126
30215
30127
30216
30128
30217
30129
30218
30130
30219
30131
30220
30132
30221
30133
30222
30134
30223
30135
30224
30136
30225
30137
30226
30138
30227
30139
30228
30140
30229
30141
30230
30142
30231
30143
30232
30144
30233
30145
30234
30146
30235
30147
30236
30148
30237
30149
30238
30239
30151
30240
30152
30241
30153
30242
30154
30243
30155
30244
30156
30245
30157
30246
30158
30247
30159
30248
30160
30249
30161
30250
30162
30251
30163
30252
30164
30253
30165
30254
30166
30255
30167
30256
30168
30257
30169
30258
30170
30259
30171
30260
30172
30261
30173
30262
30174
30263
30175
30264
30176
30265
30177
30266
30178
30267
30179
30268
30180
30269
30181
30270
30182
30271
30183
30272
30184
30273
30185
30274
30186
30275
30187
30276
30188
30277
30189
30278
30190
30279
30191
30280
30192
30281
30193
30282
30194
30283
30195
30284
30196
30285
30197
30286
30198
30287
30199
30288
30200
30289
30201
30290
30202
30291
30203
30292
30204
30293
30205
30294
30206
30295
30207
30296
30208
30297
30209
30298
30210
30299
30211
30300
30212
30301
30213
30302
30214
30303
30215
30304
30216
30305
30217
30306
30218
30307
30219
30308
30220
30309
30221
30310
30222
30311
30223
30312
30224
30313
30225
30314
30226
30315
30227
30316
30228
30317
30229
30318
30230
30319
30231
30320
30232
30321
30233
30322
30234
30323
30235
30324
30236
30325
30237
30326
30238
30327
30239
30328
30329
30241
30330
30242
30331
30243
30332
30244
30333
30245
30334
30246
30335
30247
30336
30248
30337
30249
30338
30250
30339
30251
30340
30252
30341
30253
30342
30254
30343
30255
30344
30256
30345
30257
30346
30258
30347
30259
30348
30260
30349
30261
30350
30262
30351
30263
30352
30264
30353
30265
30354
30266
30355
30267
30356
30268
30357
30269
30358
30270
30359
30271
30360
30272
30361
30273
30362
30274
30363
30275
30364
30276
30365
30277
30366
30278
30367
30279
30368
30280
30369
30281
30370
30282
30371
30283
30372
30284
30373
30285
30374
30286
30375
30287
30376
30288
30377
30289
30378
30290
30379
30291
30380
30292
30381
30293
30382
30294
30383
30295
30384
30296
30385
30297
30386
30298
30387
30299
30388
30300
30389
30301
30390
30302
30391
30303
30392
30304
30393
30305
30394
30306
30395
30307
30396
30308
30397
30309
30398
30310
30399
30311
30400
30312
30401
30313
30402
30314
30403
30315
30404
30316
30405
30317
30406
30318
30407
30319
30408
30320
30409
30321
30410
30322
30411
30323
30412
30324
30413
30325
30414
30326
30415
30327
30416
30328
30417
30329
30418
30419
30331
30420
30332
30421
30333
30422
30334
30423
30335
30424
30336
30425
30337
30426
30338
30427
30339
30428
30340
30429
30341
30430
30342
30431
30343
30432
30344
30433
30345
30434
30346
30435
30347
30436
30348
30437
30349
30438
30350
30439
30351
30440
30352
30441
30353
30442
30354
30443
30355
30444
30356
30445
30357
30446
30358
30447
30359
30448
30360
30449
30361
30450
30362
30451
30363
30452
30364
30453
30365
30454
30366
30455
30367
30456
30368
30457
30369
30458
30370
30459
30371
30460
30372
30461
30373
30462
30374
30463
30375
30464
30376
30465
30377
30466
30378
30467
30379
30468
30380
30469
30381
30470
30382
30471
30383
30472
30384
30473
30385
30474
30386
30475
30387
30476
30388
30477
30389
30478
30390
30479
30391
30480
30392
30481
30393
30482
30394
30483
30395
30484
30396
30485
30397
30486
30398
30487
30399
30488
30400
30489
30401
30490
30402
30491
30403
30492
30404
30493
30405
30494
30406
30495
30407
30496
30408
30497
30409
30498
30410
30499
30411
30500
30412
30501
30413
30502
30414
30503
30415
30504
30416
30505
30417
30506
30418
30507
30419
30508
30509
30421
30510
30422
30511
30423
30512
30424
30513
30425
30514
30426
30515
30427
30516
30428
30517
30429
30518
30430
30519
30431
30520
30432
30521
30433
30522
30434
30523
30435
30524
30436
30525
30437
30526
30438
30527
30439
30528
30440
30529
30441
30530
30442
30531
30443
30532
30444
30533
30445
30534
30446
30535
30447
30536
30448
30537
30449
30538
30450
30539
30451
30540
30452
30541
30453
30542
30454
30543
30455
30544
30456
30545
30457
30546
30458
30547
30459
30548
30460
30549
30461
30550
30462
30551
30463
30552
30464
30553
30465
30554
30466
30555
30467
30556
30468
30557
30469
30558
30470
30559
30471
30560
30472
30561
30473
30562
30474
30563
30475
30564
30476
30565
30477
30566
30478
30567
30479
30568
30480
30569
30481
30570
30482
30571
30483
30572
30484
30573
30485
30574
30486
30575
30487
30576
30488
30577
30489
30578
30490
30579
30491
30580
30492
30581
30493
30582
30494
30583
30495
30584
30496
30585
30497
30586
30498
30587
30499
30588
30500
30589
30501
30590
30502
30591
30503
30592
30504
30593
30505
30594
30506
30595
30507
30596
30508
30597
30509
30598
30599
30511
30600
30512
30601
30513
30602
30514
30603
30515
30604
30516
30605
30517
30606
30518
30607
30519
30608
30520
30609
30521
30610
30522
30611
30523
30612
30524
30613
30525
30614
30526
30615
30527
30616
30528
30617
30529
30618
30530
30619
30531
30620
30532
30621
30533
30622
30534
30623
30535
30624
30536
30625
30537
30626
30538
30627
30539
30628
30540
30629
30541
30630
30542
30631
30543
30632
30544
30633
30545
30634
30546
30635
30547
30636
30548
30637
30549
30638
30550
30639
30551
30640
30552
30641
30553
30642
30554
30643
30555
30644
30556
30645
30557
30646
30558
30647
30559
30648
30560
30649
30561
30650
30562
30651
30563
30652
30564
30653
30565
30654
30566
30655
30567
30656
30568
30657
30569
30658
30570
30659
30571
30660
30572
30661
30573
30662
30574
30663
30575
30664
30576
30665
30577
30666
30578
30667
30579
30668
30580
30669
30581
30670
30582
30671
30583
30672
30584
30673
30585
30674
30586
30675
30587
30676
30588
30677
30589
30678
30590
30679
30591
30680
30592
30681
30593
30682
30594
30683
30595
30684
30596
30685
30597
30686
30598
30687
30599
30688
30689
30601
30690
30602
30691
30603
30692
30604
30693
30605
30694
30606
30695
30607
30696
30608
30697
30609
30698
30610
30699
30611
30700
30612
30701
30613
30702
30614
30703
30615
30704
30616
30705
30617
30706
30618
30707
30619
30708
30620
30709
30621
30710
30622
30711
30623
30712
30624
30713
30625
30714
30626
30715
30627
30716
30628
30717
30629
30718
30630
30719
30631
30720
30632
30721
30633
30722
30634
30723
30635
30724
30636
30725
30637
30726
30638
30727
30639
30728
30640
30729
30641
30730
30642
30731
30643
30732
30644
30733
30645
30734
30646
30735
30647
30736
30648
30737
30649
30738
30650
30739
30651
30740
30652
30741
30653
30742
30654
30743
30655
30744
30656
30745
30657
30746
30658
30747
30659
30748
30660
30749
30661
30750
30662
30751
30663
30752
30664
30753
30665
30754
30666
30755
30667
30756
30668
30757
30669
30758
30670
30759
30671
30760
30672
30761
30673
30762
30674
30763
30675
30764
30676
30765
30677
30766
30678
30767
30679
30768
30680
30769
30681
30770
30682
30771
30683
30772
30684
30773
30685
30774
30686
30775
30687
30776
30688
30777
30689
30778
30779
30691
30780
30692
30781
30693
30782
30694
30783
30695
30784
30696
30785
30697
30786
30698
30787
30699
30788
30700
30789
30701
30790
30702
30791
30703
30792
30704
30793
30705
30794
30706
30795
30707
30796
30708
30797
30709
30798
30710
30799
30711
30800
30712
30801
30713
30802
30714
30803
30715
30804
30716
30805
30717
30806
30718
30807
30719
30808
30720
30809
30721
30810
30722
30811
30723
30812
30724
30813
30725
30814
30726
30815
30727
30816
30728
30817
30729
30818
30730
30819
30731
30820
30732
30821
30733
30822
30734
30823
30735
30824
30736
30825
30737
30826
30738
30827
30739
30828
30740
30829
30741
30830
30742
30831
30743
30832
30744
30833
30745
30834
30746
30835
30747
30836
30748
30837
30749
30838
30750
30839
30751
30840
30752
30841
30753
30842
30754
30843
30755
30844
30756
30845
30757
30846
30758
30847
30759
30848
30760
30849
30761
30850
30762
30851
30763
30852
30764
30853
30765
30854
30766
30855
30767
30856
30768
30857
30769
30858
30770
30859
30771
30860
30772
30861
30773
30862
30774
30863
30775
30864
30776
30865
30777
30866
30778
30867
30779
30868
30869
30781
30870
30782
30871
30783
30872
30784
30873
30785
30874
30786
30875
30787
30876
30788
30877
30789
30878
30790
30879
30791
30880
30792
30881
30793
30882
30794
30883
30795
30884
30796
30885
30797
30886
30798
30887
30799
30888
30800
30889
30801
30890
30802
30891
30803
30892
30804
30893
30805
30894
30806
30895
30807
30896
30808
30897
30809
30898
30810
30899
30811
30900
30812
30901
30813
30902
30814
30903
30815
30904
30816
30905
30817
30906
30818
30907
30819
30908
30820
30909
30821
30910
30822
30911
30823
30912
30824
30913
30825
30914
30826
30915
30827
30916
30828
30917
30829
30918
30830
30919
30831
30920
30832
30921
30833
30922
30834
30923
30835
30924
30836
30925
30837
30926
30838
30927
30839
30928
30840
30929
30841
30930
30842
30931
30843
30932
30844
30933
30845
30934
30846
30935
30847
30936
30848
30937
30849
30938
30850
30939
30851
30940
30852
30941
30853
30942
30854
30943
30855
30944
30856
30945
30857
30946
30858
30947
30859
30948
30860
30949
30861
30950
30862
30951
30863
30952
30864
30953
30865
30954
30866
30955
30867
30956
30868
30957
30869
30958
30959
30871
30960
30872
30961
30873
30962
30874
30963
30875
30964
30876
30965
30877
30966
30878
30967
30879
30968
30880
30969
30881
30970
30882
30971
30883
30972
30884
30973
30885
30974
30886
30975
30887
30976
30888
30977
30889
30978
30890
30979
30891
30980
30892
30981
30893
30982
30894
30983
30895
30984
30896
30985
30897
30986
30898
30987
30899
30988
30900
30989
30901
30990
30902
30991
30903
30992
30904
30993
30905
30994
30906
30995
30907
30996
30908
30997
30909
30998
30910
30999
30911
31000
30912
31001
30913
31002
30914
31003
30915
31004
30916
31005
30917
31006
30918
31007
30919
31008
30920
31009
30921
31010
30922
31011
30923
31012
30924
31013
30925
31014
30926
31015
30927
31016
30928
31017
30929
31018
30930
31019
30931
31020
30932
31021
30933
31022
30934
31023
30935
31024
30936
31025
30937
31026
30938
31027
30939
31028
30940
31029
30941
31030
30942
31031
30943
31032
30944
31033
30945
31034
30946
31035
30947
31036
30948
31037
30949
31038
30950
31039
30951
31040
30952
31041
30953
31042
30954
31043
30955
31044
30956
31045
30957
31046
30958
31047
30959
31048
31049
30961
31050
30962
31051
30963
31052
30964
31053
30965
31054
30966
31055
30967
31056
30968
31057
30969
31058
30970
31059
30971
31060
30972
31061
30973
31062
30974
31063
30975
31064
30976
31065
30977
31066
30978
31067
30979
31068
30980
31069
30981
31070
30982
31071
30983
31072
30984
31073
30985
31074
30986
31075
30987
31076
30988
31077
30989
31078
30990
31079
30991
31080
30992
31081
30993
31082
30994
31083
30995
31084
30996
31085
30997
31086
30998
31087
30999
31088
31000
31089
31001
31090
31002
31091
31003
31092
31004
31093
31005
31094
31006
31095
31007
31096
31008
31097
31009
31098
31010
31099
31011
31100
31012
31101
31013
31102
31014
31103
31015
31104
31016
31105
31017
31106
31018
31107
31019
31108
31020
31109
31021
31110
31022
31111
31023
31112
31024
31113
31025
31114
31026
31115
31027
31116
31028
31117
31029
31118
31030
31119
31031
31120
31032
31121
31033
31122
31034
31123
31035
31124
31036
31125
31037
31126
31038
31127
31039
31128
31040
31129
31041
31130
31042
31131
31043
31132
31044
31133
31045
31134
31046
31135
31047
31136
31048
31137
31049
31138
31139
31051
31140
31052
31141
31053
31142
31054
31143
31055
31144
31056
31145
31057
31146
31058
31147
31059
31148
31060
31149
31061
31150
31062
31151
31063
31152
31064
31153
31065
31154
31066
31155
31067
31156
31068
31157
31069
31158
31070
31159
31071
31160
31072
31161
31073
31162
31074
31163
31075
31164
31076
31165
31077
31166
31078
31167
31079
31168
31080
31169
31081
31170
31082
31171
31083
31172
31084
31173
31085
31174
31086
31175
31087
31176
31088
31177
31089
31178
31090
31179
31091
31180
31092
31181
31093
31182
31094
31183
31095
31184
31096
31185
31097
31186
31098
31187
31099
31188
31100
31189
31101
31190
31102
31191
31103
31192
31104
31193
31105
31194
31106
31195
31107
31196
31108
31197
31109
31198
31110
31199
31111
31200
31112
31201
31113
31202
31114
31203
31115
31204
31116
31205
31117
31206
31118
31207
31119
31208
31120
31209
31121
31210
31122
31211
31123
31212
31124
31213
31125
31214
31126
31215
31127
31216
31128
31217
31129
31218
31130
31219
31131
31220
31132
31221
31133
31222
31134
31223
31135
31224
31136
31225
31137
31226
31138
31227
31139
31228
31229
31141
31230
31142
31231
31143
31232
31144
31233
31145
31234
31146
31235
31147
31236
31148
31237
31149
31238
31150
31239
31151
31240
31152
31241
31153
31242
31154
31243
31155
31244
31156
31245
31157
31246
31158
31247
31159
31248
31160
31249
31161
31250
31162
31251
31163
31252
31164
31253
31165
31254
31166
31255
31167
31256
31168
31257
31169
31258
31170
31259
31171
31260
31172
31261
31173
31262
31174
31263
31175
31264
31176
31265
31177
31266
31178
31267
31179
31268
31180
31269
31181
31270
31182
31271
31183
31272
31184
31273
31185
31274
31186
31275
31187
31276
31188
31277
31189
31278
31190
31279
31191
31280
31192
31281
31193
31282
31194
31283
31195
31284
31196
31285
31197
31286
31198
31287
31199
31288
31200
31289
31201
31290
31202
31291
31203
31292
31204
31293
31205
31294
31206
31295
31207
31296
31208
31297
31209
31298
31210
31299
31211
31300
31212
31301
31213
31302
31214
31303
31215
31304
31216
31305
31217
31306
31218
31307
31219
31308
31220
31309
31221
31310
31222
31311
31223
31312
31224
31313
31225
31314
31226
31315
31227
31316
31228
31317
31229
31318
31319
31231
31320
31232
31321
31233
31322
31234
31323
31235
31324
31236
31325
31237
31326
31238
31327
31239
31328
31240
31329
31241
31330
31242
31331
31243
31332
31244
31333
31245
31334
31246
31335
31247
31336
31248
31337
31249
31338
31250
31339
31251
31340
31252
31341
31253
31342
31254
31343
31255
31344
31256
31345
31257
31346
31258
31347
31259
31348
31260
31349
31261
31350
31262
31351
31263
31352
31264
31353
31265
31354
31266
31355
31267
31356
31268
31357
31269
31358
31270
31359
31271
31360
31272
31361
31273
31362
31274
31363
31275
31364
31276
31365
31277
31366
31278
31367
31279
31368
31280
31369
31281
31370
31282
31371
31283
31372
31284
31373
31285
31374
31286
31375
31287
31376
31288
31377
31289
31378
31290
31379
31291
31380
31292
31381
31293
31382
31294
31383
31295
31384
31296
31385
31297
31386
31298
31387
31299
31388
31300
31389
31301
31390
31302
31391
31303
31392
31304
31393
31305
31394
31306
31395
31307
31396
31308
31397
31309
31398
31310
31399
31311
31400
31312
31401
31313
31402
31314
31403
31315
31404
31316
31405
31317
31406
31318
31407
31319
31408
31409
31321
31410
31322
31411
31323
31412
31324
31413
31325
31414
31326
31415
31327
31416
31328
31417
31329
31418
31330
31419
31331
31420
31332
31421
31333
31422
31334
31423
31335
31424
31336
31425
31337
31426
31338
31427
31339
31428
31340
31429
31341
31430
31342
31431
31343
31432
31344
31433
31345
31434
31346
31435
31347
31436
31348
31437
31349
31438
31350
31439
31351
31440
31352
31441
31353
31442
31354
31443
31355
31444
31356
31445
31357
31446
31358
31447
31359
31448
31360
31449
31361
31450
31362
31451
31363
31452
31364
31453
31365
31454
31366
31455
31367
31456
31368
31457
31369
31458
31370
31459
31371
31460
31372
31461
31373
31462
31374
31463
31375
31464
31376
31465
31377
31466
31378
31467
31379
31468
31380
31469
31381
31470
31382
31471
31383
31472
31384
31473
31385
31474
31386
31475
31387
31476
31388
31477
31389
31478
31390
31479
31391
31480
31392
31481
31393
31482
31394
31483
31395
31484
31396
31485
31397
31486
31398
31487
31399
31488
31400
31489
31401
31490
31402
31491
31403
31492
31404
31493
31405
31494
31406
31495
31407
31496
31408
31497
31409
31498
31499
31411
31500
31412
31501
31413
31502
31414
31503
31415
31504
31416
31505
31417
31506
31418
31507
31419
31508
31420
31509
31421
31510
31422
31511
31423
31512
31424
31513
31425
31514
31426
31515
31427
31516
31428
31517
31429
31518
31430
31519
31431
31520
31432
31521
31433
31522
31434
31523
31435
31524
31436
31525
31437
31526
31438
31527
31439
31528
31440
31529
31441
31530
31442
31531
31443
31532
31444
31533
31445
31534
31446
31535
31447
31536
31448
31537
31449
31538
31450
31539
31451
31540
31452
31541
31453
31542
31454
31543
31455
31544
31456
31545
31457
31546
31458
31547
31459
31548
31460
31549
31461
31550
31462
31551
31463
31552
31464
31553
31465
31554
31466
31555
31467
31556
31468
31557
31469
31558
31470
31559
31471
31560
31472
31561
31473
31562
31474
31563
31475
31564
31476
31565
31477
31566
31478
31567
31479
31568
31480
31569
31481
31570
31482
31571
31483
31572
31484
31573
31485
31574
31486
31575
31487
31576
31488
31577
31489
31578
31490
31579
31491
31580
31492
31581
31493
31582
31494
31583
31495
31584
31496
31585
31497
31586
31498
31587
31499
31588
31589
31501
31590
31502
31591
31503
31592
31504
31593
31505
31594
31506
31595
31507
31596
31508
31597
31509
31598
31510
31599
31511
31600
31512
31601
31513
31602
31514
31603
31515
31604
31516
31605
31517
31606
31518
31607
31519
31608
31520
31609
31521
31610
31522
31611
31523
31612
31524
31613
31525
31614
31526
31615
31527
31616
31528
31617
31529
31618
31530
31619
31531
31620
31532
31621
31533
31622
31534
31623
31535
31624
31536
31625
31537
31626
31538
31627
31539
31628
31540
31629
31541
31630
31542
31631
31543
31632
31544
31633
31545
31634
31546
31635
31547
31636
31548
31637
31549
31638
31550
31639
31551
31640
31552
31641
31553
31642
31554
31643
31555
31644
31556
31645
31557
31646
31558
31647
31559
31648
31560
31649
31561
31650
31562
31651
31563
31652
31564
31653
31565
31654
31566
31655
31567
31656
31568
31657
31569
31658
31570
31659
31571
31660
31572
31661
31573
31662
31574
31663
31575
31664
31576
31665
31577
31666
31578
31667
31579
31668
31580
31669
31581
31670
31582
31671
31583
31672
31584
31673
31585
31674
31586
31675
31587
31676
31588
31677
31589
31678
31679
31591
31680
31592
31681
31593
31682
31594
31683
31595
31684
31596
31685
31597
31686
31598
31687
31599
31688
31600
31689
31601
31690
31602
31691
31603
31692
31604
31693
31605
31694
31606
31695
31607
31696
31608
31697
31609
31698
31610
31699
31611
31700
31612
31701
31613
31702
31614
31703
31615
31704
31616
31705
31617
31706
31618
31707
31619
31708
31620
31709
31621
31710
31622
31711
31623
31712
31624
31713
31625
31714
31626
31715
31627
31716
31628
31717
31629
31718
31630
31719
31631
31720
31632
31721
31633
31722
31634
31723
31635
31724
31636
31725
31637
31726
31638
31727
31639
31728
31640
31729
31641
31730
31642
31731
31643
31732
31644
31733
31645
31734
31646
31735
31647
31736
31648
31737
31649
31738
31650
31739
31651
31740
31652
31741
31653
31742
31654
31743
31655
31744
31656
31745
31657
31746
31658
31747
31659
31748
31660
31749
31661
31750
31662
31751
31663
31752
31664
31753
31665
31754
31666
31755
31667
31756
31668
31757
31669
31758
31670
31759
31671
31760
31672
31761
31673
31762
31674
31763
31675
31764
31676
31765
31677
31766
31678
31767
31679
31768
31769
31681
31770
31682
31771
31683
31772
31684
31773
31685
31774
31686
31775
31687
31776
31688
31777
31689
31778
31690
31779
31691
31780
31692
31781
31693
31782
31694
31783
31695
31784
31696
31785
31697
31786
31698
31787
31699
31788
31700
31789
31701
31790
31702
31791
31703
31792
31704
31793
31705
31794
31706
31795
31707
31796
31708
31797
31709
31798
31710
31799
31711
31800
31712
31801
31713
31802
31714
31803
31715
31804
31716
31805
31717
31806
31718
31807
31719
31808
31720
31809
31721
31810
31722
31811
31723
31812
31724
31813
31725
31814
31726
31815
31727
31816
31728
31817
31729
31818
31730
31819
31731
31820
31732
31821
31733
31822
31734
31823
31735
31824
31736
31825
31737
31826
31738
31827
31739
31828
31740
31829
31741
31830
31742
31831
31743
31832
31744
31833
31745
31834
31746
31835
31747
31836
31748
31837
31749
31838
31750
31839
31751
31840
31752
31841
31753
31842
31754
31843
31755
31844
31756
31845
31757
31846
31758
31847
31759
31848
31760
31849
31761
31850
31762
31851
31763
31852
31764
31853
31765
31854
31766
31855
31767
31856
31768
31857
31769
31858
31859
31771
31860
31772
31861
31773
31862
31774
31863
31775
31864
31776
31865
31777
31866
31778
31867
31779
31868
31780
31869
31781
31870
31782
31871
31783
31872
31784
31873
31785
31874
31786
31875
31787
31876
31788
31877
31789
31878
31790
31879
31791
31880
31792
31881
31793
31882
31794
31883
31795
31884
31796
31885
31797
31886
31798
31887
31799
31888
31800
31889
31801
31890
31802
31891
31803
31892
31804
31893
31805
31894
31806
31895
31807
31896
31808
31897
31809
31898
31810
31899
31811
31900
31812
31901
31813
31902
31814
31903
31815
31904
31816
31905
31817
31906
31818
31907
31819
31908
31820
31909
31821
31910
31822
31911
31823
31912
31824
31913
31825
31914
31826
31915
31827
31916
31828
31917
31829
31918
31830
31919
31831
31920
31832
31921
31833
31922
31834
31923
31835
31924
31836
31925
31837
31926
31838
31927
31839
31928
31840
31929
31841
31930
31842
31931
31843
31932
31844
31933
31845
31934
31846
31935
31847
31936
31848
31937
31849
31938
31850
31939
31851
31940
31852
31941
31853
31942
31854
31943
31855
31944
31856
31945
31857
31946
31858
31947
31859
31948
31949
31861
31950
31862
31951
31863
31952
31864
31953
31865
31954
31866
31955
31867
31956
31868
31957
31869
31958
31870
31959
31871
31960
31872
31961
31873
31962
31874
31963
31875
31964
31876
31965
31877
31966
31878
31967
31879
31968
31880
31969
31881
31970
31882
31971
31883
31972
31884
31973
31885
31974
31886
31975
31887
31976
31888
31977
31889
31978
31890
31979
31891
31980
31892
31981
31893
31982
31894
31983
31895
31984
31896
31985
31897
31986
31898
31987
31899
31988
31900
31989
31901
31990
31902
31991
31903
31992
31904
31993
31905
31994
31906
31995
31907
31996
31908
31997
31909
31998
31910
31999
31911
32000
31912
32001
31913
32002
31914
32003
31915
32004
31916
32005
31917
32006
31918
32007
31919
32008
31920
32009
31921
32010
31922
32011
31923
32012
31924
32013
31925
32014
31926
32015
31927
32016
31928
32017
31929
32018
31930
32019
31931
32020
31932
32021
31933
32022
31934
32023
31935
32024
31936
32025
31937
32026
31938
32027
31939
32028
31940
32029
31941
32030
31942
32031
31943
32032
31944
32033
31945
32034
31946
32035
31947
32036
31948
32037
31949
32038
32039
31951
32040
31952
32041
31953
32042
31954
32043
31955
32044
31956
32045
31957
32046
31958
32047
31959
32048
31960
32049
31961
32050
31962
32051
31963
32052
31964
32053
31965
32054
31966
32055
31967
32056
31968
32057
31969
32058
31970
32059
31971
32060
31972
32061
31973
32062
31974
32063
31975
32064
31976
32065
31977
32066
31978
32067
31979
32068
31980
32069
31981
32070
31982
32071
31983
32072
31984
32073
31985
32074
31986
32075
31987
32076
31988
32077
31989
32078
31990
32079
31991
32080
31992
32081
31993
32082
31994
32083
31995
32084
31996
32085
31997
32086
31998
32087
31999
32088
32000
32089
32001
32090
32002
32091
32003
32092
32004
32093
32005
32094
32006
32095
32007
32096
32008
32097
32009
32098
32010
32099
32011
32100
32012
32101
32013
32102
32014
32103
32015
32104
32016
32105
32017
32106
32018
32107
32019
32108
32020
32109
32021
32110
32022
32111
32023
32112
32024
32113
32025
32114
32026
32115
32027
32116
32028
32117
32029
32118
32030
32119
32031
32120
32032
32121
32033
32122
32034
32123
32035
32124
32036
32125
32037
32126
32038
32127
32039
32128
32129
32041
32130
32042
32131
32043
32132
32044
32133
32045
32134
32046
32135
32047
32136
32048
32137
32049
32138
32050
32139
32051
32140
32052
32141
32053
32142
32054
32143
32055
32144
32056
32145
32057
32146
32058
32147
32059
32148
32060
32149
32061
32150
32062
32151
32063
32152
32064
32153
32065
32154
32066
32155
32067
32156
32068
32157
32069
32158
32070
32159
32071
32160
32072
32161
32073
32162
32074
32163
32075
32164
32076
32165
32077
32166
32078
32167
32079
32168
32080
32169
32081
32170
32082
32171
32083
32172
32084
32173
32085
32174
32086
32175
32087
32176
32088
32177
32089
32178
32090
32179
32091
32180
32092
32181
32093
32182
32094
32183
32095
32184
32096
32185
32097
32186
32098
32187
32099
32188
32100
32189
32101
32190
32102
32191
32103
32192
32104
32193
32105
32194
32106
32195
32107
32196
32108
32197
32109
32198
32110
32199
32111
32200
32112
32201
32113
32202
32114
32203
32115
32204
32116
32205
32117
32206
32118
32207
32119
32208
32120
32209
32121
32210
32122
32211
32123
32212
32124
32213
32125
32214
32126
32215
32127
32216
32128
32217
32129
32218
32219
32131
32220
32132
32221
32133
32222
32134
32223
32135
32224
32136
32225
32137
32226
32138
32227
32139
32228
32140
32229
32141
32230
32142
32231
32143
32232
32144
32233
32145
32234
32146
32235
32147
32236
32148
32237
32149
32238
32150
32239
32151
32240
32152
32241
32153
32242
32154
32243
32155
32244
32156
32245
32157
32246
32158
32247
32159
32248
32160
32249
32161
32250
32162
32251
32163
32252
32164
32253
32165
32254
32166
32255
32167
32256
32168
32257
32169
32258
32170
32259
32171
32260
32172
32261
32173
32262
32174
32263
32175
32264
32176
32265
32177
32266
32178
32267
32179
32268
32180
32269
32181
32270
32182
32271
32183
32272
32184
32273
32185
32274
32186
32275
32187
32276
32188
32277
32189
32278
32190
32279
32191
32280
32192
32281
32193
32282
32194
32283
32195
32284
32196
32285
32197
32286
32198
32287
32199
32288
32200
32289
32201
32290
32202
32291
32203
32292
32204
32293
32205
32294
32206
32295
32207
32296
32208
32297
32209
32298
32210
32299
32211
32300
32212
32301
32213
32302
32214
32303
32215
32304
32216
32305
32217
32306
32218
32307
32219
32308
32309
32221
32310
32222
32311
32223
32312
32224
32313
32225
32314
32226
32315
32227
32316
32228
32317
32229
32318
32230
32319
32231
32320
32232
32321
32233
32322
32234
32323
32235
32324
32236
32325
32237
32326
32238
32327
32239
32328
32240
32329
32241
32330
32242
32331
32243
32332
32244
32333
32245
32334
32246
32335
32247
32336
32248
32337
32249
32338
32250
32339
32251
32340
32252
32341
32253
32342
32254
32343
32255
32344
32256
32345
32257
32346
32258
32347
32259
32348
32260
32349
32261
32350
32262
32351
32263
32352
32264
32353
32265
32354
32266
32355
32267
32356
32268
32357
32269
32358
32270
32359
32271
32360
32272
32361
32273
32362
32274
32363
32275
32364
32276
32365
32277
32366
32278
32367
32279
32368
32280
32369
32281
32370
32282
32371
32283
32372
32284
32373
32285
32374
32286
32375
32287
32376
32288
32377
32289
32378
32290
32379
32291
32380
32292
32381
32293
32382
32294
32383
32295
32384
32296
32385
32297
32386
32298
32387
32299
32388
32300
32389
32301
32390
32302
32391
32303
32392
32304
32393
32305
32394
32306
32395
32307
32396
32308
32397
32309
32398
32399
32311
32400
32312
32401
32313
32402
32314
32403
32315
32404
32316
32405
32317
32406
32318
32407
32319
32408
32320
32409
32321
32410
32322
32411
32323
32412
32324
32413
32325
32414
32326
32415
32327
32416
32328
32417
32329
32418
32330
32419
32331
32420
32332
32421
32333
32422
32334
32423
32335
32424
32336
32425
32337
32426
32338
32427
32339
32428
32340
32429
32341
32430
32342
32431
32343
32432
32344
32433
32345
32434
32346
32435
32347
32436
32348
32437
32349
32438
32350
32439
32351
32440
32352
32441
32353
32442
32354
32443
32355
32444
32356
32445
32357
32446
32358
32447
32359
32448
32360
32449
32361
32450
32362
32451
32363
32452
32364
32453
32365
32454
32366
32455
32367
32456
32368
32457
32369
32458
32370
32459
32371
32460
32372
32461
32373
32462
32374
32463
32375
32464
32376
32465
32377
32466
32378
32467
32379
32468
32380
32469
32381
32470
32382
32471
32383
32472
32384
32473
32385
32474
32386
32475
32387
32476
32388
32477
32389
32478
32390
32479
32391
32480
32392
32481
32393
32482
32394
32483
32395
32484
32396
32485
32397
32486
32398
32487
32399
32488
32489
32401
32490
32402
32491
32403
32492
32404
32493
32405
32494
32406
32495
32407
32496
32408
32497
32409
32498
32410
32499
32411
32500
32412
32501
32413
32502
32414
32503
32415
32504
32416
32505
32417
32506
32418
32507
32419
32508
32420
32509
32421
32510
32422
32511
32423
32512
32424
32513
32425
32514
32426
32515
32427
32516
32428
32517
32429
32518
32430
32519
32431
32520
32432
32521
32433
32522
32434
32523
32435
32524
32436
32525
32437
32526
32438
32527
32439
32528
32440
32529
32441
32530
32442
32531
32443
32532
32444
32533
32445
32534
32446
32535
32447
32536
32448
32537
32449
32538
32450
32539
32451
32540
32452
32541
32453
32542
32454
32543
32455
32544
32456
32545
32457
32546
32458
32547
32459
32548
32460
32549
32461
32550
32462
32551
32463
32552
32464
32553
32465
32554
32466
32555
32467
32556
32468
32557
32469
32558
32470
32559
32471
32560
32472
32561
32473
32562
32474
32563
32475
32564
32476
32565
32477
32566
32478
32567
32479
32568
32480
32569
32481
32570
32482
32571
32483
32572
32484
32573
32485
32574
32486
32575
32487
32576
32488
32577
32489
32578
32579
32491
32580
32492
32581
32493
32582
32494
32583
32495
32584
32496
32585
32497
32586
32498
32587
32499
32588
32500
32589
32501
32590
32502
32591
32503
32592
32504
32593
32505
32594
32506
32595
32507
32596
32508
32597
32509
32598
32510
32599
32511
32600
32512
32601
32513
32602
32514
32603
32515
32604
32516
32605
32517
32606
32518
32607
32519
32608
32520
32609
32521
32610
32522
32611
32523
32612
32524
32613
32525
32614
32526
32615
32527
32616
32528
32617
32529
32618
32530
32619
32531
32620
32532
32621
32533
32622
32534
32623
32535
32624
32536
32625
32537
32626
32538
32627
32539
32628
32540
32629
32541
32630
32542
32631
32543
32632
32544
32633
32545
32634
32546
32635
32547
32636
32548
32637
32549
32638
32550
32639
32551
32640
32552
32641
32553
32642
32554
32643
32555
32644
32556
32645
32557
32646
32558
32647
32559
32648
32560
32649
32561
32650
32562
32651
32563
32652
32564
32653
32565
32654
32566
32655
32567
32656
32568
32657
32569
32658
32570
32659
32571
32660
32572
32661
32573
32662
32574
32663
32575
32664
32576
32665
32577
32666
32578
32667
32579
32668
32669
32581
32670
32582
32671
32583
32672
32584
32673
32585
32674
32586
32675
32587
32676
32588
32677
32589
32678
32590
32679
32591
32680
32592
32681
32593
32682
32594
32683
32595
32684
32596
32685
32597
32686
32598
32687
32599
32688
32600
32689
32601
32690
32602
32691
32603
32692
32604
32693
32605
32694
32606
32695
32607
32696
32608
32697
32609
32698
32610
32699
32611
32700
32612
32701
32613
32702
32614
32703
32615
32704
32616
32705
32617
32706
32618
32707
32619
32708
32620
32709
32621
32710
32622
32711
32623
32712
32624
32713
32625
32714
32626
32715
32627
32716
32628
32717
32629
32718
32630
32719
32631
32720
32632
32721
32633
32722
32634
32723
32635
32724
32636
32725
32637
32726
32638
32727
32639
32728
32640
32729
32641
32730
32642
32731
32643
32732
32644
32733
32645
32734
32646
32735
32647
32736
32648
32737
32649
32738
32650
32739
32651
32740
32652
32741
32653
32742
32654
32743
32655
32744
32656
32745
32657
32746
32658
32747
32659
32748
32660
32749
32661
32750
32662
32751
32663
32752
32664
32753
32665
32754
32666
32755
32667
32756
32668
32757
32669
32758
32759
32671
32760
32672
32761
32673
32762
32674
32763
32675
32764
32676
32765
32677
32766
32678
32767
32679
32768
32680
32769
32681
32770
32682
32771
32683
32772
32684
32773
32685
32774
32686
32775
32687
32776
32688
32777
32689
32778
32690
32779
32691
32780
32692
32781
32693
32782
32694
32783
32695
32784
32696
32785
32697
32786
32698
32787
32699
32788
32700
32789
32701
32790
32702
32791
32703
32792
32704
32793
32705
32794
32706
32795
32707
32796
32708
32797
32709
32798
32710
32799
32711
32800
32712
32801
32713
32802
32714
32803
32715
32804
32716
32805
32717
32806
32718
32807
32719
32808
32720
32809
32721
32810
32722
32811
32723
32812
32724
32813
32725
32814
32726
32815
32727
32816
32728
32817
32729
32818
32730
32819
32731
32820
32732
32821
32733
32822
32734
32823
32735
32824
32736
32825
32737
32826
32738
32827
32739
32828
32740
32829
32741
32830
32742
32831
32743
32832
32744
32833
32745
32834
32746
32835
32747
32836
32748
32837
32749
32838
32750
32839
32751
32840
32752
32841
32753
32842
32754
32843
32755
32844
32756
32845
32757
32846
32758
32847
32759
32848
32849
32761
32850
32762
32851
32763
32852
32764
32853
32765
32854
32766
32855
32767
32856
32768
32857
32769
32858
32770
32859
32771
32860
32772
32861
32773
32862
32774
32863
32775
32864
32776
32865
32777
32866
32778
32867
32779
32868
32780
32869
32781
32870
32782
32871
32783
32872
32784
32873
32785
32874
32786
32875
32787
32876
32788
32877
32789
32878
32790
32879
32791
32880
32792
32881
32793
32882
32794
32883
32795
32884
32796
32885
32797
32886
32798
32887
32799
32888
32800
32889
32801
32890
32802
32891
32803
32892
32804
32893
32805
32894
32806
32895
32807
32896
32808
32897
32809
32898
32810
32899
32811
32900
32812
32901
32813
32902
32814
32903
32815
32904
32816
32905
32817
32906
32818
32907
32819
32908
32820
32909
32821
32910
32822
32911
32823
32912
32824
32913
32825
32914
32826
32915
32827
32916
32828
32917
32829
32918
32830
32919
32831
32920
32832
32921
32833
32922
32834
32923
32835
32924
32836
32925
32837
32926
32838
32927
32839
32928
32840
32929
32841
32930
32842
32931
32843
32932
32844
32933
32845
32934
32846
32935
32847
32936
32848
32937
32849
32938
32939
32851
32940
32852
32941
32853
32942
32854
32943
32855
32944
32856
32945
32857
32946
32858
32947
32859
32948
32860
32949
32861
32950
32862
32951
32863
32952
32864
32953
32865
32954
32866
32955
32867
32956
32868
32957
32869
32958
32870
32959
32871
32960
32872
32961
32873
32962
32874
32963
32875
32964
32876
32965
32877
32966
32878
32967
32879
32968
32880
32969
32881
32970
32882
32971
32883
32972
32884
32973
32885
32974
32886
32975
32887
32976
32888
32977
32889
32978
32890
32979
32891
32980
32892
32981
32893
32982
32894
32983
32895
32984
32896
32985
32897
32986
32898
32987
32899
32988
32900
32989
32901
32990
32902
32991
32903
32992
32904
32993
32905
32994
32906
32995
32907
32996
32908
32997
32909
32998
32910
32999
32911
33000
32912
33001
32913
33002
32914
33003
32915
33004
32916
33005
32917
33006
32918
33007
32919
33008
32920
33009
32921
33010
32922
33011
32923
33012
32924
33013
32925
33014
32926
33015
32927
33016
32928
33017
32929
33018
32930
33019
32931
33020
32932
33021
32933
33022
32934
33023
32935
33024
32936
33025
32937
33026
32938
33027
32939
33028
33029
32941
33030
32942
33031
32943
33032
32944
33033
32945
33034
32946
33035
32947
33036
32948
33037
32949
33038
32950
33039
32951
33040
32952
33041
32953
33042
32954
33043
32955
33044
32956
33045
32957
33046
32958
33047
32959
33048
32960
33049
32961
33050
32962
33051
32963
33052
32964
33053
32965
33054
32966
33055
32967
33056
32968
33057
32969
33058
32970
33059
32971
33060
32972
33061
32973
33062
32974
33063
32975
33064
32976
33065
32977
33066
32978
33067
32979
33068
32980
33069
32981
33070
32982
33071
32983
33072
32984
33073
32985
33074
32986
33075
32987
33076
32988
33077
32989
33078
32990
33079
32991
33080
32992
33081
32993
33082
32994
33083
32995
33084
32996
33085
32997
33086
32998
33087
32999
33088
33000
33089
33001
33090
33002
33091
33003
33092
33004
33093
33005
33094
33006
33095
33007
33096
33008
33097
33009
33098
33010
33099
33011
33100
33012
33101
33013
33102
33014
33103
33015
33104
33016
33105
33017
33106
33018
33107
33019
33108
33020
33109
33021
33110
33022
33111
33023
33112
33024
33113
33025
33114
33026
33115
33027
33116
33028
33117
33029
33118
33119
33031
33120
33032
33121
33033
33122
33034
33123
33035
33124
33036
33125
33037
33126
33038
33127
33039
33128
33040
33129
33041
33130
33042
33131
33043
33132
33044
33133
33045
33134
33046
33135
33047
33136
33048
33137
33049
33138
33050
33139
33051
33140
33052
33141
33053
33142
33054
33143
33055
33144
33056
33145
33057
33146
33058
33147
33059
33148
33060
33149
33061
33150
33062
33151
33063
33152
33064
33153
33065
33154
33066
33155
33067
33156
33068
33157
33069
33158
33070
33159
33071
33160
33072
33161
33073
33162
33074
33163
33075
33164
33076
33165
33077
33166
33078
33167
33079
33168
33080
33169
33081
33170
33082
33171
33083
33172
33084
33173
33085
33174
33086
33175
33087
33176
33088
33177
33089
33178
33090
33179
33091
33180
33092
33181
33093
33182
33094
33183
33095
33184
33096
33185
33097
33186
33098
33187
33099
33188
33100
33189
33101
33190
33102
33191
33103
33192
33104
33193
33105
33194
33106
33195
33107
33196
33108
33197
33109
33198
33110
33199
33111
33200
33112
33201
33113
33202
33114
33203
33115
33204
33116
33205
33117
33206
33118
33207
33119
33208
33209
33121
33210
33122
33211
33123
33212
33124
33213
33125
33214
33126
33215
33127
33216
33128
33217
33129
33218
33130
33219
33131
33220
33132
33221
33133
33222
33134
33223
33135
33224
33136
33225
33137
33226
33138
33227
33139
33228
33140
33229
33141
33230
33142
33231
33143
33232
33144
33233
33145
33234
33146
33235
33147
33236
33148
33237
33149
33238
33150
33239
33151
33240
33152
33241
33153
33242
33154
33243
33155
33244
33156
33245
33157
33246
33158
33247
33159
33248
33160
33249
33161
33250
33162
33251
33163
33252
33164
33253
33165
33254
33166
33255
33167
33256
33168
33257
33169
33258
33170
33259
33171
33260
33172
33261
33173
33262
33174
33263
33175
33264
33176
33265
33177
33266
33178
33267
33179
33268
33180
33269
33181
33270
33182
33271
33183
33272
33184
33273
33185
33274
33186
33275
33187
33276
33188
33277
33189
33278
33190
33279
33191
33280
33192
33281
33193
33282
33194
33283
33195
33284
33196
33285
33197
33286
33198
33287
33199
33288
33200
33289
33201
33290
33202
33291
33203
33292
33204
33293
33205
33294
33206
33295
33207
33296
33208
33297
33209
33298
33299
33211
33300
33212
33301
33213
33302
33214
33303
33215
33304
33216
33305
33217
33306
33218
33307
33219
33308
33220
33309
33221
33310
33222
33311
33223
33312
33224
33313
33225
33314
33226
33315
33227
33316
33228
33317
33229
33318
33230
33319
33231
33320
33232
33321
33233
33322
33234
33323
33235
33324
33236
33325
33237
33326
33238
33327
33239
33328
33240
33329
33241
33330
33242
33331
33243
33332
33244
33333
33245
33334
33246
33335
33247
33336
33248
33337
33249
33338
33250
33339
33251
33340
33252
33341
33253
33342
33254
33343
33255
33344
33256
33345
33257
33346
33258
33347
33259
33348
33260
33349
33261
33350
33262
33351
33263
33352
33264
33353
33265
33354
33266
33355
33267
33356
33268
33357
33269
33358
33270
33359
33271
33360
33272
33361
33273
33362
33274
33363
33275
33364
33276
33365
33277
33366
33278
33367
33279
33368
33280
33369
33281
33370
33282
33371
33283
33372
33284
33373
33285
33374
33286
33375
33287
33376
33288
33377
33289
33378
33290
33379
33291
33380
33292
33381
33293
33382
33294
33383
33295
33384
33296
33385
33297
33386
33298
33387
33299
33388
33389
33301
33390
33302
33391
33303
33392
33304
33393
33305
33394
33306
33395
33307
33396
33308
33397
33309
33398
33310
33399
33311
33400
33312
33401
33313
33402
33314
33403
33315
33404
33316
33405
33317
33406
33318
33407
33319
33408
33320
33409
33321
33410
33322
33411
33323
33412
33324
33413
33325
33414
33326
33415
33327
33416
33328
33417
33329
33418
33330
33419
33331
33420
33332
33421
33333
33422
33334
33423
33335
33424
33336
33425
33337
33426
33338
33427
33339
33428
33340
33429
33341
33430
33342
33431
33343
33432
33344
33433
33345
33434
33346
33435
33347
33436
33348
33437
33349
33438
33350
33439
33351
33440
33352
33441
33353
33442
33354
33443
33355
33444
33356
33445
33357
33446
33358
33447
33359
33448
33360
33449
33361
33450
33362
33451
33363
33452
33364
33453
33365
33454
33366
33455
33367
33456
33368
33457
33369
33458
33370
33459
33371
33460
33372
33461
33373
33462
33374
33463
33375
33464
33376
33465
33377
33466
33378
33467
33379
33468
33380
33469
33381
33470
33382
33471
33383
33472
33384
33473
33385
33474
33386
33475
33387
33476
33388
33477
33389
33478
33479
33391
33480
33392
33481
33393
33482
33394
33483
33395
33484
33396
33485
33397
33486
33398
33487
33399
33488
33400
33489
33401
33490
33402
33491
33403
33492
33404
33493
33405
33494
33406
33495
33407
33496
33408
33497
33409
33498
33410
33499
33411
33500
33412
33501
33413
33502
33414
33503
33415
33504
33416
33505
33417
33506
33418
33507
33419
33508
33420
33509
33421
33510
33422
33511
33423
33512
33424
33513
33425
33514
33426
33515
33427
33516
33428
33517
33429
33518
33430
33519
33431
33520
33432
33521
33433
33522
33434
33523
33435
33524
33436
33525
33437
33526
33438
33527
33439
33528
33440
33529
33441
33530
33442
33531
33443
33532
33444
33533
33445
33534
33446
33535
33447
33536
33448
33537
33449
33538
33450
33539
33451
33540
33452
33541
33453
33542
33454
33543
33455
33544
33456
33545
33457
33546
33458
33547
33459
33548
33460
33549
33461
33550
33462
33551
33463
33552
33464
33553
33465
33554
33466
33555
33467
33556
33468
33557
33469
33558
33470
33559
33471
33560
33472
33561
33473
33562
33474
33563
33475
33564
33476
33565
33477
33566
33478
33567
33479
33568
33569
33481
33570
33482
33571
33483
33572
33484
33573
33485
33574
33486
33575
33487
33576
33488
33577
33489
33578
33490
33579
33491
33580
33492
33581
33493
33582
33494
33583
33495
33584
33496
33585
33497
33586
33498
33587
33499
33588
33500
33589
33501
33590
33502
33591
33503
33592
33504
33593
33505
33594
33506
33595
33507
33596
33508
33597
33509
33598
33510
33599
33511
33600
33512
33601
33513
33602
33514
33603
33515
33604
33516
33605
33517
33606
33518
33607
33519
33608
33520
33609
33521
33610
33522
33611
33523
33612
33524
33613
33525
33614
33526
33615
33527
33616
33528
33617
33529
33618
33530
33619
33531
33620
33532
33621
33533
33622
33534
33623
33535
33624
33536
33625
33537
33626
33538
33627
33539
33628
33540
33629
33541
33630
33542
33631
33543
33632
33544
33633
33545
33634
33546
33635
33547
33636
33548
33637
33549
33638
33550
33639
33551
33640
33552
33641
33553
33642
33554
33643
33555
33644
33556
33645
33557
33646
33558
33647
33559
33648
33560
33649
33561
33650
33562
33651
33563
33652
33564
33653
33565
33654
33566
33655
33567
33656
33568
33657
33569
33658
33659
33571
33660
33572
33661
33573
33662
33574
33663
33575
33664
33576
33665
33577
33666
33578
33667
33579
33668
33580
33669
33581
33670
33582
33671
33583
33672
33584
33673
33585
33674
33586
33675
33587
33676
33588
33677
33589
33678
33590
33679
33591
33680
33592
33681
33593
33682
33594
33683
33595
33684
33596
33685
33597
33686
33598
33687
33599
33688
33600
33689
33601
33690
33602
33691
33603
33692
33604
33693
33605
33694
33606
33695
33607
33696
33608
33697
33609
33698
33610
33699
33611
33700
33612
33701
33613
33702
33614
33703
33615
33704
33616
33705
33617
33706
33618
33707
33619
33708
33620
33709
33621
33710
33622
33711
33623
33712
33624
33713
33625
33714
33626
33715
33627
33716
33628
33717
33629
33718
33630
33719
33631
33720
33632
33721
33633
33722
33634
33723
33635
33724
33636
33725
33637
33726
33638
33727
33639
33728
33640
33729
33641
33730
33642
33731
33643
33732
33644
33733
33645
33734
33646
33735
33647
33736
33648
33737
33649
33738
33650
33739
33651
33740
33652
33741
33653
33742
33654
33743
33655
33744
33656
33745
33657
33746
33658
33747
33659
33748
33749
33661
33750
33662
33751
33663
33752
33664
33753
33665
33754
33666
33755
33667
33756
33668
33757
33669
33758
33670
33759
33671
33760
33672
33761
33673
33762
33674
33763
33675
33764
33676
33765
33677
33766
33678
33767
33679
33768
33680
33769
33681
33770
33682
33771
33683
33772
33684
33773
33685
33774
33686
33775
33687
33776
33688
33777
33689
33778
33690
33779
33691
33780
33692
33781
33693
33782
33694
33783
33695
33784
33696
33785
33697
33786
33698
33787
33699
33788
33700
33789
33701
33790
33702
33791
33703
33792
33704
33793
33705
33794
33706
33795
33707
33796
33708
33797
33709
33798
33710
33799
33711
33800
33712
33801
33713
33802
33714
33803
33715
33804
33716
33805
33717
33806
33718
33807
33719
33808
33720
33809
33721
33810
33722
33811
33723
33812
33724
33813
33725
33814
33726
33815
33727
33816
33728
33817
33729
33818
33730
33819
33731
33820
33732
33821
33733
33822
33734
33823
33735
33824
33736
33825
33737
33826
33738
33827
33739
33828
33740
33829
33741
33830
33742
33831
33743
33832
33744
33833
33745
33834
33746
33835
33747
33836
33748
33837
33749
33838
33839
33751
33840
33752
33841
33753
33842
33754
33843
33755
33844
33756
33845
33757
33846
33758
33847
33759
33848
33760
33849
33761
33850
33762
33851
33763
33852
33764
33853
33765
33854
33766
33855
33767
33856
33768
33857
33769
33858
33770
33859
33771
33860
33772
33861
33773
33862
33774
33863
33775
33864
33776
33865
33777
33866
33778
33867
33779
33868
33780
33869
33781
33870
33782
33871
33783
33872
33784
33873
33785
33874
33786
33875
33787
33876
33788
33877
33789
33878
33790
33879
33791
33880
33792
33881
33793
33882
33794
33883
33795
33884
33796
33885
33797
33886
33798
33887
33799
33888
33800
33889
33801
33890
33802
33891
33803
33892
33804
33893
33805
33894
33806
33895
33807
33896
33808
33897
33809
33898
33810
33899
33811
33900
33812
33901
33813
33902
33814
33903
33815
33904
33816
33905
33817
33906
33818
33907
33819
33908
33820
33909
33821
33910
33822
33911
33823
33912
33824
33913
33825
33914
33826
33915
33827
33916
33828
33917
33829
33918
33830
33919
33831
33920
33832
33921
33833
33922
33834
33923
33835
33924
33836
33925
33837
33926
33838
33927
33839
33928
33929
33841
33930
33842
33931
33843
33932
33844
33933
33845
33934
33846
33935
33847
33936
33848
33937
33849
33938
33850
33939
33851
33940
33852
33941
33853
33942
33854
33943
33855
33944
33856
33945
33857
33946
33858
33947
33859
33948
33860
33949
33861
33950
33862
33951
33863
33952
33864
33953
33865
33954
33866
33955
33867
33956
33868
33957
33869
33958
33870
33959
33871
33960
33872
33961
33873
33962
33874
33963
33875
33964
33876
33965
33877
33966
33878
33967
33879
33968
33880
33969
33881
33970
33882
33971
33883
33972
33884
33973
33885
33974
33886
33975
33887
33976
33888
33977
33889
33978
33890
33979
33891
33980
33892
33981
33893
33982
33894
33983
33895
33984
33896
33985
33897
33986
33898
33987
33899
33988
33900
33989
33901
33990
33902
33991
33903
33992
33904
33993
33905
33994
33906
33995
33907
33996
33908
33997
33909
33998
33910
33999
33911
34000
33912
34001
33913
34002
33914
34003
33915
34004
33916
34005
33917
34006
33918
34007
33919
34008
33920
34009
33921
34010
33922
34011
33923
34012
33924
34013
33925
34014
33926
34015
33927
34016
33928
34017
33929
34018
34019
33931
34020
33932
34021
33933
34022
33934
34023
33935
34024
33936
34025
33937
34026
33938
34027
33939
34028
33940
34029
33941
34030
33942
34031
33943
34032
33944
34033
33945
34034
33946
34035
33947
34036
33948
34037
33949
34038
33950
34039
33951
34040
33952
34041
33953
34042
33954
34043
33955
34044
33956
34045
33957
34046
33958
34047
33959
34048
33960
34049
33961
34050
33962
34051
33963
34052
33964
34053
33965
34054
33966
34055
33967
34056
33968
34057
33969
34058
33970
34059
33971
34060
33972
34061
33973
34062
33974
34063
33975
34064
33976
34065
33977
34066
33978
34067
33979
34068
33980
34069
33981
34070
33982
34071
33983
34072
33984
34073
33985
34074
33986
34075
33987
34076
33988
34077
33989
34078
33990
34079
33991
34080
33992
34081
33993
34082
33994
34083
33995
34084
33996
34085
33997
34086
33998
34087
33999
34088
34000
34089
34001
34090
34002
34091
34003
34092
34004
34093
34005
34094
34006
34095
34007
34096
34008
34097
34009
34098
34010
34099
34011
34100
34012
34101
34013
34102
34014
34103
34015
34104
34016
34105
34017
34106
34018
34107
34019
34108
34109
34021
34110
34022
34111
34023
34112
34024
34113
34025
34114
34026
34115
34027
34116
34028
34117
34029
34118
34030
34119
34031
34120
34032
34121
34033
34122
34034
34123
34035
34124
34036
34125
34037
34126
34038
34127
34039
34128
34040
34129
34041
34130
34042
34131
34043
34132
34044
34133
34045
34134
34046
34135
34047
34136
34048
34137
34049
34138
34050
34139
34051
34140
34052
34141
34053
34142
34054
34143
34055
34144
34056
34145
34057
34146
34058
34147
34059
34148
34060
34149
34061
34150
34062
34151
34063
34152
34064
34153
34065
34154
34066
34155
34067
34156
34068
34157
34069
34158
34070
34159
34071
34160
34072
34161
34073
34162
34074
34163
34075
34164
34076
34165
34077
34166
34078
34167
34079
34168
34080
34169
34081
34170
34082
34171
34083
34172
34084
34173
34085
34174
34086
34175
34087
34176
34088
34177
34089
34178
34090
34179
34091
34180
34092
34181
34093
34182
34094
34183
34095
34184
34096
34185
34097
34186
34098
34187
34099
34188
34100
34189
34101
34190
34102
34191
34103
34192
34104
34193
34105
34194
34106
34195
34107
34196
34108
34197
34109
34198
34199
34111
34200
34112
34201
34113
34202
34114
34203
34115
34204
34116
34205
34117
34206
34118
34207
34119
34208
34120
34209
34121
34210
34122
34211
34123
34212
34124
34213
34125
34214
34126
34215
34127
34216
34128
34217
34129
34218
34130
34219
34131
34220
34132
34221
34133
34222
34134
34223
34135
34224
34136
34225
34137
34226
34138
34227
34139
34228
34140
34229
34141
34230
34142
34231
34143
34232
34144
34233
34145
34234
34146
34235
34147
34236
34148
34237
34149
34238
34150
34239
34151
34240
34152
34241
34153
34242
34154
34243
34155
34244
34156
34245
34157
34246
34158
34247
34159
34248
34160
34249
34161
34250
34162
34251
34163
34252
34164
34253
34165
34254
34166
34255
34167
34256
34168
34257
34169
34258
34170
34259
34171
34260
34172
34261
34173
34262
34174
34263
34175
34264
34176
34265
34177
34266
34178
34267
34179
34268
34180
34269
34181
34270
34182
34271
34183
34272
34184
34273
34185
34274
34186
34275
34187
34276
34188
34277
34189
34278
34190
34279
34191
34280
34192
34281
34193
34282
34194
34283
34195
34284
34196
34285
34197
34286
34198
34287
34199
34288
34289
34201
34290
34202
34291
34203
34292
34204
34293
34205
34294
34206
34295
34207
34296
34208
34297
34209
34298
34210
34299
34211
34300
34212
34301
34213
34302
34214
34303
34215
34304
34216
34305
34217
34306
34218
34307
34219
34308
34220
34309
34221
34310
34222
34311
34223
34312
34224
34313
34225
34314
34226
34315
34227
34316
34228
34317
34229
34318
34230
34319
34231
34320
34232
34321
34233
34322
34234
34323
34235
34324
34236
34325
34237
34326
34238
34327
34239
34328
34240
34329
34241
34330
34242
34331
34243
34332
34244
34333
34245
34334
34246
34335
34247
34336
34248
34337
34249
34338
34250
34339
34251
34340
34252
34341
34253
34342
34254
34343
34255
34344
34256
34345
34257
34346
34258
34347
34259
34348
34260
34349
34261
34350
34262
34351
34263
34352
34264
34353
34265
34354
34266
34355
34267
34356
34268
34357
34269
34358
34270
34359
34271
34360
34272
34361
34273
34362
34274
34363
34275
34364
34276
34365
34277
34366
34278
34367
34279
34368
34280
34369
34281
34370
34282
34371
34283
34372
34284
34373
34285
34374
34286
34375
34287
34376
34288
34377
34289
34378
34379
34291
34380
34292
34381
34293
34382
34294
34383
34295
34384
34296
34385
34297
34386
34298
34387
34299
34388
34300
34389
34301
34390
34302
34391
34303
34392
34304
34393
34305
34394
34306
34395
34307
34396
34308
34397
34309
34398
34310
34399
34311
34400
34312
34401
34313
34402
34314
34403
34315
34404
34316
34405
34317
34406
34318
34407
34319
34408
34320
34409
34321
34410
34322
34411
34323
34412
34324
34413
34325
34414
34326
34415
34327
34416
34328
34417
34329
34418
34330
34419
34331
34420
34332
34421
34333
34422
34334
34423
34335
34424
34336
34425
34337
34426
34338
34427
34339
34428
34340
34429
34341
34430
34342
34431
34343
34432
34344
34433
34345
34434
34346
34435
34347
34436
34348
34437
34349
34438
34350
34439
34351
34440
34352
34441
34353
34442
34354
34443
34355
34444
34356
34445
34357
34446
34358
34447
34359
34448
34360
34449
34361
34450
34362
34451
34363
34452
34364
34453
34365
34454
34366
34455
34367
34456
34368
34457
34369
34458
34370
34459
34371
34460
34372
34461
34373
34462
34374
34463
34375
34464
34376
34465
34377
34466
34378
34467
34379
34468
34469
34381
34470
34382
34471
34383
34472
34384
34473
34385
34474
34386
34475
34387
34476
34388
34477
34389
34478
34390
34479
34391
34480
34392
34481
34393
34482
34394
34483
34395
34484
34396
34485
34397
34486
34398
34487
34399
34488
34400
34489
34401
34490
34402
34491
34403
34492
34404
34493
34405
34494
34406
34495
34407
34496
34408
34497
34409
34498
34410
34499
34411
34500
34412
34501
34413
34502
34414
34503
34415
34504
34416
34505
34417
34506
34418
34507
34419
34508
34420
34509
34421
34510
34422
34511
34423
34512
34424
34513
34425
34514
34426
34515
34427
34516
34428
34517
34429
34518
34430
34519
34431
34520
34432
34521
34433
34522
34434
34523
34435
34524
34436
34525
34437
34526
34438
34527
34439
34528
34440
34529
34441
34530
34442
34531
34443
34532
34444
34533
34445
34534
34446
34535
34447
34536
34448
34537
34449
34538
34450
34539
34451
34540
34452
34541
34453
34542
34454
34543
34455
34544
34456
34545
34457
34546
34458
34547
34459
34548
34460
34549
34461
34550
34462
34551
34463
34552
34464
34553
34465
34554
34466
34555
34467
34556
34468
34557
34469
34558
34559
34471
34560
34472
34561
34473
34562
34474
34563
34475
34564
34476
34565
34477
34566
34478
34567
34479
34568
34480
34569
34481
34570
34482
34571
34483
34572
34484
34573
34485
34574
34486
34575
34487
34576
34488
34577
34489
34578
34490
34579
34491
34580
34492
34581
34493
34582
34494
34583
34495
34584
34496
34585
34497
34586
34498
34587
34499
34588
34500
34589
34501
34590
34502
34591
34503
34592
34504
34593
34505
34594
34506
34595
34507
34596
34508
34597
34509
34598
34510
34599
34511
34600
34512
34601
34513
34602
34514
34603
34515
34604
34516
34605
34517
34606
34518
34607
34519
34608
34520
34609
34521
34610
34522
34611
34523
34612
34524
34613
34525
34614
34526
34615
34527
34616
34528
34617
34529
34618
34530
34619
34531
34620
34532
34621
34533
34622
34534
34623
34535
34624
34536
34625
34537
34626
34538
34627
34539
34628
34540
34629
34541
34630
34542
34631
34543
34632
34544
34633
34545
34634
34546
34635
34547
34636
34548
34637
34549
34638
34550
34639
34551
34640
34552
34641
34553
34642
34554
34643
34555
34644
34556
34645
34557
34646
34558
34647
34559
34648
34649
34561
34650
34562
34651
34563
34652
34564
34653
34565
34654
34566
34655
34567
34656
34568
34657
34569
34658
34570
34659
34571
34660
34572
34661
34573
34662
34574
34663
34575
34664
34576
34665
34577
34666
34578
34667
34579
34668
34580
34669
34581
34670
34582
34671
34583
34672
34584
34673
34585
34674
34586
34675
34587
34676
34588
34677
34589
34678
34590
34679
34591
34680
34592
34681
34593
34682
34594
34683
34595
34684
34596
34685
34597
34686
34598
34687
34599
34688
34600
34689
34601
34690
34602
34691
34603
34692
34604
34693
34605
34694
34606
34695
34607
34696
34608
34697
34609
34698
34610
34699
34611
34700
34612
34701
34613
34702
34614
34703
34615
34704
34616
34705
34617
34706
34618
34707
34619
34708
34620
34709
34621
34710
34622
34711
34623
34712
34624
34713
34625
34714
34626
34715
34627
34716
34628
34717
34629
34718
34630
34719
34631
34720
34632
34721
34633
34722
34634
34723
34635
34724
34636
34725
34637
34726
34638
34727
34639
34728
34640
34729
34641
34730
34642
34731
34643
34732
34644
34733
34645
34734
34646
34735
34647
34736
34648
34737
34649
34738
34739
34651
34740
34652
34741
34653
34742
34654
34743
34655
34744
34656
34745
34657
34746
34658
34747
34659
34748
34660
34749
34661
34750
34662
34751
34663
34752
34664
34753
34665
34754
34666
34755
34667
34756
34668
34757
34669
34758
34670
34759
34671
34760
34672
34761
34673
34762
34674
34763
34675
34764
34676
34765
34677
34766
34678
34767
34679
34768
34680
34769
34681
34770
34682
34771
34683
34772
34684
34773
34685
34774
34686
34775
34687
34776
34688
34777
34689
34778
34690
34779
34691
34780
34692
34781
34693
34782
34694
34783
34695
34784
34696
34785
34697
34786
34698
34787
34699
34788
34700
34789
34701
34790
34702
34791
34703
34792
34704
34793
34705
34794
34706
34795
34707
34796
34708
34797
34709
34798
34710
34799
34711
34800
34712
34801
34713
34802
34714
34803
34715
34804
34716
34805
34717
34806
34718
34807
34719
34808
34720
34809
34721
34810
34722
34811
34723
34812
34724
34813
34725
34814
34726
34815
34727
34816
34728
34817
34729
34818
34730
34819
34731
34820
34732
34821
34733
34822
34734
34823
34735
34824
34736
34825
34737
34826
34738
34827
34739
34828
34829
34741
34830
34742
34831
34743
34832
34744
34833
34745
34834
34746
34835
34747
34836
34748
34837
34749
34838
34750
34839
34751
34840
34752
34841
34753
34842
34754
34843
34755
34844
34756
34845
34757
34846
34758
34847
34759
34848
34760
34849
34761
34850
34762
34851
34763
34852
34764
34853
34765
34854
34766
34855
34767
34856
34768
34857
34769
34858
34770
34859
34771
34860
34772
34861
34773
34862
34774
34863
34775
34864
34776
34865
34777
34866
34778
34867
34779
34868
34780
34869
34781
34870
34782
34871
34783
34872
34784
34873
34785
34874
34786
34875
34787
34876
34788
34877
34789
34878
34790
34879
34791
34880
34792
34881
34793
34882
34794
34883
34795
34884
34796
34885
34797
34886
34798
34887
34799
34888
34800
34889
34801
34890
34802
34891
34803
34892
34804
34893
34805
34894
34806
34895
34807
34896
34808
34897
34809
34898
34810
34899
34811
34900
34812
34901
34813
34902
34814
34903
34815
34904
34816
34905
34817
34906
34818
34907
34819
34908
34820
34909
34821
34910
34822
34911
34823
34912
34824
34913
34825
34914
34826
34915
34827
34916
34828
34917
34829
34918
34919
34831
34920
34832
34921
34833
34922
34834
34923
34835
34924
34836
34925
34837
34926
34838
34927
34839
34928
34840
34929
34841
34930
34842
34931
34843
34932
34844
34933
34845
34934
34846
34935
34847
34936
34848
34937
34849
34938
34850
34939
34851
34940
34852
34941
34853
34942
34854
34943
34855
34944
34856
34945
34857
34946
34858
34947
34859
34948
34860
34949
34861
34950
34862
34951
34863
34952
34864
34953
34865
34954
34866
34955
34867
34956
34868
34957
34869
34958
34870
34959
34871
34960
34872
34961
34873
34962
34874
34963
34875
34964
34876
34965
34877
34966
34878
34967
34879
34968
34880
34969
34881
34970
34882
34971
34883
34972
34884
34973
34885
34974
34886
34975
34887
34976
34888
34977
34889
34978
34890
34979
34891
34980
34892
34981
34893
34982
34894
34983
34895
34984
34896
34985
34897
34986
34898
34987
34899
34988
34900
34989
34901
34990
34902
34991
34903
34992
34904
34993
34905
34994
34906
34995
34907
34996
34908
34997
34909
34998
34910
34999
34911
35000
34912
35001
34913
35002
34914
35003
34915
35004
34916
35005
34917
35006
34918
35007
34919
35008
35009
34921
35010
34922
35011
34923
35012
34924
35013
34925
35014
34926
35015
34927
35016
34928
35017
34929
35018
34930
35019
34931
35020
34932
35021
34933
35022
34934
35023
34935
35024
34936
35025
34937
35026
34938
35027
34939
35028
34940
35029
34941
35030
34942
35031
34943
35032
34944
35033
34945
35034
34946
35035
34947
35036
34948
35037
34949
35038
34950
35039
34951
35040
34952
35041
34953
35042
34954
35043
34955
35044
34956
35045
34957
35046
34958
35047
34959
35048
34960
35049
34961
35050
34962
35051
34963
35052
34964
35053
34965
35054
34966
35055
34967
35056
34968
35057
34969
35058
34970
35059
34971
35060
34972
35061
34973
35062
34974
35063
34975
35064
34976
35065
34977
35066
34978
35067
34979
35068
34980
35069
34981
35070
34982
35071
34983
35072
34984
35073
34985
35074
34986
35075
34987
35076
34988
35077
34989
35078
34990
35079
34991
35080
34992
35081
34993
35082
34994
35083
34995
35084
34996
35085
34997
35086
34998
35087
34999
35088
35000
35089
35001
35090
35002
35091
35003
35092
35004
35093
35005
35094
35006
35095
35007
35096
35008
35097
35009
35098
35099
35011
35100
35012
35101
35013
35102
35014
35103
35015
35104
35016
35105
35017
35106
35018
35107
35019
35108
35020
35109
35021
35110
35022
35111
35023
35112
35024
35113
35025
35114
35026
35115
35027
35116
35028
35117
35029
35118
35030
35119
35031
35120
35032
35121
35033
35122
35034
35123
35035
35124
35036
35125
35037
35126
35038
35127
35039
35128
35040
35129
35041
35130
35042
35131
35043
35132
35044
35133
35045
35134
35046
35135
35047
35136
35048
35137
35049
35138
35050
35139
35051
35140
35052
35141
35053
35142
35054
35143
35055
35144
35056
35145
35057
35146
35058
35147
35059
35148
35060
35149
35061
35150
35062
35151
35063
35152
35064
35153
35065
35154
35066
35155
35067
35156
35068
35157
35069
35158
35070
35159
35071
35160
35072
35161
35073
35162
35074
35163
35075
35164
35076
35165
35077
35166
35078
35167
35079
35168
35080
35169
35081
35170
35082
35171
35083
35172
35084
35173
35085
35174
35086
35175
35087
35176
35088
35177
35089
35178
35090
35179
35091
35180
35092
35181
35093
35182
35094
35183
35095
35184
35096
35185
35097
35186
35098
35187
35099
35188
35189
35101
35190
35102
35191
35103
35192
35104
35193
35105
35194
35106
35195
35107
35196
35108
35197
35109
35198
35110
35199
35111
35200
35112
35201
35113
35202
35114
35203
35115
35204
35116
35205
35117
35206
35118
35207
35119
35208
35120
35209
35121
35210
35122
35211
35123
35212
35124
35213
35125
35214
35126
35215
35127
35216
35128
35217
35129
35218
35130
35219
35131
35220
35132
35221
35133
35222
35134
35223
35135
35224
35136
35225
35137
35226
35138
35227
35139
35228
35140
35229
35141
35230
35142
35231
35143
35232
35144
35233
35145
35234
35146
35235
35147
35236
35148
35237
35149
35238
35150
35239
35151
35240
35152
35241
35153
35242
35154
35243
35155
35244
35156
35245
35157
35246
35158
35247
35159
35248
35160
35249
35161
35250
35162
35251
35163
35252
35164
35253
35165
35254
35166
35255
35167
35256
35168
35257
35169
35258
35170
35259
35171
35260
35172
35261
35173
35262
35174
35263
35175
35264
35176
35265
35177
35266
35178
35267
35179
35268
35180
35269
35181
35270
35182
35271
35183
35272
35184
35273
35185
35274
35186
35275
35187
35276
35188
35277
35189
35278
35279
35191
35280
35192
35281
35193
35282
35194
35283
35195
35284
35196
35285
35197
35286
35198
35287
35199
35288
35200
35289
35201
35290
35202
35291
35203
35292
35204
35293
35205
35294
35206
35295
35207
35296
35208
35297
35209
35298
35210
35299
35211
35300
35212
35301
35213
35302
35214
35303
35215
35304
35216
35305
35217
35306
35218
35307
35219
35308
35220
35309
35221
35310
35222
35311
35223
35312
35224
35313
35225
35314
35226
35315
35227
35316
35228
35317
35229
35318
35230
35319
35231
35320
35232
35321
35233
35322
35234
35323
35235
35324
35236
35325
35237
35326
35238
35327
35239
35328
35240
35329
35241
35330
35242
35331
35243
35332
35244
35333
35245
35334
35246
35335
35247
35336
35248
35337
35249
35338
35250
35339
35251
35340
35252
35341
35253
35342
35254
35343
35255
35344
35256
35345
35257
35346
35258
35347
35259
35348
35260
35349
35261
35350
35262
35351
35263
35352
35264
35353
35265
35354
35266
35355
35267
35356
35268
35357
35269
35358
35270
35359
35271
35360
35272
35361
35273
35362
35274
35363
35275
35364
35276
35365
35277
35366
35278
35367
35279
35368
35369
35281
35370
35282
35371
35283
35372
35284
35373
35285
35374
35286
35375
35287
35376
35288
35377
35289
35378
35290
35379
35291
35380
35292
35381
35293
35382
35294
35383
35295
35384
35296
35385
35297
35386
35298
35387
35299
35388
35300
35389
35301
35390
35302
35391
35303
35392
35304
35393
35305
35394
35306
35395
35307
35396
35308
35397
35309
35398
35310
35399
35311
35400
35312
35401
35313
35402
35314
35403
35315
35404
35316
35405
35317
35406
35318
35407
35319
35408
35320
35409
35321
35410
35322
35411
35323
35412
35324
35413
35325
35414
35326
35415
35327
35416
35328
35417
35329
35418
35330
35419
35331
35420
35332
35421
35333
35422
35334
35423
35335
35424
35336
35425
35337
35426
35338
35427
35339
35428
35340
35429
35341
35430
35342
35431
35343
35432
35344
35433
35345
35434
35346
35435
35347
35436
35348
35437
35349
35438
35350
35439
35351
35440
35352
35441
35353
35442
35354
35443
35355
35444
35356
35445
35357
35446
35358
35447
35359
35448
35360
35449
35361
35450
35362
35451
35363
35452
35364
35453
35365
35454
35366
35455
35367
35456
35368
35457
35369
35458
35459
35371
35460
35372
35461
35373
35462
35374
35463
35375
35464
35376
35465
35377
35466
35378
35467
35379
35468
35380
35469
35381
35470
35382
35471
35383
35472
35384
35473
35385
35474
35386
35475
35387
35476
35388
35477
35389
35478
35390
35479
35391
35480
35392
35481
35393
35482
35394
35483
35395
35484
35396
35485
35397
35486
35398
35487
35399
35488
35400
35489
35401
35490
35402
35491
35403
35492
35404
35493
35405
35494
35406
35495
35407
35496
35408
35497
35409
35498
35410
35499
35411
35500
35412
35501
35413
35502
35414
35503
35415
35504
35416
35505
35417
35506
35418
35507
35419
35508
35420
35509
35421
35510
35422
35511
35423
35512
35424
35513
35425
35514
35426
35515
35427
35516
35428
35517
35429
35518
35430
35519
35431
35520
35432
35521
35433
35522
35434
35523
35435
35524
35436
35525
35437
35526
35438
35527
35439
35528
35440
35529
35441
35530
35442
35531
35443
35532
35444
35533
35445
35534
35446
35535
35447
35536
35448
35537
35449
35538
35450
35539
35451
35540
35452
35541
35453
35542
35454
35543
35455
35544
35456
35545
35457
35546
35458
35547
35459
35548
35549
35461
35550
35462
35551
35463
35552
35464
35553
35465
35554
35466
35555
35467
35556
35468
35557
35469
35558
35470
35559
35471
35560
35472
35561
35473
35562
35474
35563
35475
35564
35476
35565
35477
35566
35478
35567
35479
35568
35480
35569
35481
35570
35482
35571
35483
35572
35484
35573
35485
35574
35486
35575
35487
35576
35488
35577
35489
35578
35490
35579
35491
35580
35492
35581
35493
35582
35494
35583
35495
35584
35496
35585
35497
35586
35498
35587
35499
35588
35500
35589
35501
35590
35502
35591
35503
35592
35504
35593
35505
35594
35506
35595
35507
35596
35508
35597
35509
35598
35510
35599
35511
35600
35512
35601
35513
35602
35514
35603
35515
35604
35516
35605
35517
35606
35518
35607
35519
35608
35520
35609
35521
35610
35522
35611
35523
35612
35524
35613
35525
35614
35526
35615
35527
35616
35528
35617
35529
35618
35530
35619
35531
35620
35532
35621
35533
35622
35534
35623
35535
35624
35536
35625
35537
35626
35538
35627
35539
35628
35540
35629
35541
35630
35542
35631
35543
35632
35544
35633
35545
35634
35546
35635
35547
35636
35548
35637
35549
35638
35639
35551
35640
35552
35641
35553
35642
35554
35643
35555
35644
35556
35645
35557
35646
35558
35647
35559
35648
35560
35649
35561
35650
35562
35651
35563
35652
35564
35653
35565
35654
35566
35655
35567
35656
35568
35657
35569
35658
35570
35659
35571
35660
35572
35661
35573
35662
35574
35663
35575
35664
35576
35665
35577
35666
35578
35667
35579
35668
35580
35669
35581
35670
35582
35671
35583
35672
35584
35673
35585
35674
35586
35675
35587
35676
35588
35677
35589
35678
35590
35679
35591
35680
35592
35681
35593
35682
35594
35683
35595
35684
35596
35685
35597
35686
35598
35687
35599
35688
35600
35689
35601
35690
35602
35691
35603
35692
35604
35693
35605
35694
35606
35695
35607
35696
35608
35697
35609
35698
35610
35699
35611
35700
35612
35701
35613
35702
35614
35703
35615
35704
35616
35705
35617
35706
35618
35707
35619
35708
35620
35709
35621
35710
35622
35711
35623
35712
35624
35713
35625
35714
35626
35715
35627
35716
35628
35717
35629
35718
35630
35719
35631
35720
35632
35721
35633
35722
35634
35723
35635
35724
35636
35725
35637
35726
35638
35727
35639
35728
35729
35641
35730
35642
35731
35643
35732
35644
35733
35645
35734
35646
35735
35647
35736
35648
35737
35649
35738
35650
35739
35651
35740
35652
35741
35653
35742
35654
35743
35655
35744
35656
35745
35657
35746
35658
35747
35659
35748
35660
35749
35661
35750
35662
35751
35663
35752
35664
35753
35665
35754
35666
35755
35667
35756
35668
35757
35669
35758
35670
35759
35671
35760
35672
35761
35673
35762
35674
35763
35675
35764
35676
35765
35677
35766
35678
35767
35679
35768
35680
35769
35681
35770
35682
35771
35683
35772
35684
35773
35685
35774
35686
35775
35687
35776
35688
35777
35689
35778
35690
35779
35691
35780
35692
35781
35693
35782
35694
35783
35695
35784
35696
35785
35697
35786
35698
35787
35699
35788
35700
35789
35701
35790
35702
35791
35703
35792
35704
35793
35705
35794
35706
35795
35707
35796
35708
35797
35709
35798
35710
35799
35711
35800
35712
35801
35713
35802
35714
35803
35715
35804
35716
35805
35717
35806
35718
35807
35719
35808
35720
35809
35721
35810
35722
35811
35723
35812
35724
35813
35725
35814
35726
35815
35727
35816
35728
35817
35729
35818
35819
35731
35820
35732
35821
35733
35822
35734
35823
35735
35824
35736
35825
35737
35826
35738
35827
35739
35828
35740
35829
35741
35830
35742
35831
35743
35832
35744
35833
35745
35834
35746
35835
35747
35836
35748
35837
35749
35838
35750
35839
35751
35840
35752
35841
35753
35842
35754
35843
35755
35844
35756
35845
35757
35846
35758
35847
35759
35848
35760
35849
35761
35850
35762
35851
35763
35852
35764
35853
35765
35854
35766
35855
35767
35856
35768
35857
35769
35858
35770
35859
35771
35860
35772
35861
35773
35862
35774
35863
35775
35864
35776
35865
35777
35866
35778
35867
35779
35868
35780
35869
35781
35870
35782
35871
35783
35872
35784
35873
35785
35874
35786
35875
35787
35876
35788
35877
35789
35878
35790
35879
35791
35880
35792
35881
35793
35882
35794
35883
35795
35884
35796
35885
35797
35886
35798
35887
35799
35888
35800
35889
35801
35890
35802
35891
35803
35892
35804
35893
35805
35894
35806
35895
35807
35896
35808
35897
35809
35898
35810
35899
35811
35900
35812
35901
35813
35902
35814
35903
35815
35904
35816
35905
35817
35906
35818
35907
35819
35908
35909
35821
35910
35822
35911
35823
35912
35824
35913
35825
35914
35826
35915
35827
35916
35828
35917
35829
35918
35830
35919
35831
35920
35832
35921
35833
35922
35834
35923
35835
35924
35836
35925
35837
35926
35838
35927
35839
35928
35840
35929
35841
35930
35842
35931
35843
35932
35844
35933
35845
35934
35846
35935
35847
35936
35848
35937
35849
35938
35850
35939
35851
35940
35852
35941
35853
35942
35854
35943
35855
35944
35856
35945
35857
35946
35858
35947
35859
35948
35860
35949
35861
35950
35862
35951
35863
35952
35864
35953
35865
35954
35866
35955
35867
35956
35868
35957
35869
35958
35870
35959
35871
35960
35872
35961
35873
35962
35874
35963
35875
35964
35876
35965
35877
35966
35878
35967
35879
35968
35880
35969
35881
35970
35882
35971
35883
35972
35884
35973
35885
35974
35886
35975
35887
35976
35888
35977
35889
35978
35890
35979
35891
35980
35892
35981
35893
35982
35894
35983
35895
35984
35896
35985
35897
35986
35898
35987
35899
35988
35900
35989
35901
35990
35902
35991
35903
35992
35904
35993
35905
35994
35906
35995
35907
35996
35908
35997
35909
35998
35999
35911
36000
35912
36001
35913
36002
35914
36003
35915
36004
35916
36005
35917
36006
35918
36007
35919
36008
35920
36009
35921
36010
35922
36011
35923
36012
35924
36013
35925
36014
35926
36015
35927
36016
35928
36017
35929
36018
35930
36019
35931
36020
35932
36021
35933
36022
35934
36023
35935
36024
35936
36025
35937
36026
35938
36027
35939
36028
35940
36029
35941
36030
35942
36031
35943
36032
35944
36033
35945
36034
35946
36035
35947
36036
35948
36037
35949
36038
35950
36039
35951
36040
35952
36041
35953
36042
35954
36043
35955
36044
35956
36045
35957
36046
35958
36047
35959
36048
35960
36049
35961
36050
35962
36051
35963
36052
35964
36053
35965
36054
35966
36055
35967
36056
35968
36057
35969
36058
35970
36059
35971
36060
35972
36061
35973
36062
35974
36063
35975
36064
35976
36065
35977
36066
35978
36067
35979
36068
35980
36069
35981
36070
35982
36071
35983
36072
35984
36073
35985
36074
35986
36075
35987
36076
35988
36077
35989
36078
35990
36079
35991
36080
35992
36081
35993
36082
35994
36083
35995
36084
35996
36085
35997
36086
35998
36087
35999
36088
36089
36001
36090
36002
36091
36003
36092
36004
36093
36005
36094
36006
36095
36007
36096
36008
36097
36009
36098
36010
36099
36011
36100
36012
36101
36013
36102
36014
36103
36015
36104
36016
36105
36017
36106
36018
36107
36019
36108
36020
36109
36021
36110
36022
36111
36023
36112
36024
36113
36025
36114
36026
36115
36027
36116
36028
36117
36029
36118
36030
36119
36031
36120
36032
36121
36033
36122
36034
36123
36035
36124
36036
36125
36037
36126
36038
36127
36039
36128
36040
36129
36041
36130
36042
36131
36043
36132
36044
36133
36045
36134
36046
36135
36047
36136
36048
36137
36049
36138
36050
36139
36051
36140
36052
36141
36053
36142
36054
36143
36055
36144
36056
36145
36057
36146
36058
36147
36059
36148
36060
36149
36061
36150
36062
36151
36063
36152
36064
36153
36065
36154
36066
36155
36067
36156
36068
36157
36069
36158
36070
36159
36071
36160
36072
36161
36073
36162
36074
36163
36075
36164
36076
36165
36077
36166
36078
36167
36079
36168
36080
36169
36081
36170
36082
36171
36083
36172
36084
36173
36085
36174
36086
36175
36087
36176
36088
36177
36089
36178
36179
36091
36180
36092
36181
36093
36182
36094
36183
36095
36184
36096
36185
36097
36186
36098
36187
36099
36188
36100
36189
36101
36190
36102
36191
36103
36192
36104
36193
36105
36194
36106
36195
36107
36196
36108
36197
36109
36198
36110
36199
36111
36200
36112
36201
36113
36202
36114
36203
36115
36204
36116
36205
36117
36206
36118
36207
36119
36208
36120
36209
36121
36210
36122
36211
36123
36212
36124
36213
36125
36214
36126
36215
36127
36216
36128
36217
36129
36218
36130
36219
36131
36220
36132
36221
36133
36222
36134
36223
36135
36224
36136
36225
36137
36226
36138
36227
36139
36228
36140
36229
36141
36230
36142
36231
36143
36232
36144
36233
36145
36234
36146
36235
36147
36236
36148
36237
36149
36238
36150
36239
36151
36240
36152
36241
36153
36242
36154
36243
36155
36244
36156
36245
36157
36246
36158
36247
36159
36248
36160
36249
36161
36250
36162
36251
36163
36252
36164
36253
36165
36254
36166
36255
36167
36256
36168
36257
36169
36258
36170
36259
36171
36260
36172
36261
36173
36262
36174
36263
36175
36264
36176
36265
36177
36266
36178
36267
36179
36268
36269
36181
36270
36182
36271
36183
36272
36184
36273
36185
36274
36186
36275
36187
36276
36188
36277
36189
36278
36190
36279
36191
36280
36192
36281
36193
36282
36194
36283
36195
36284
36196
36285
36197
36286
36198
36287
36199
36288
36200
36289
36201
36290
36202
36291
36203
36292
36204
36293
36205
36294
36206
36295
36207
36296
36208
36297
36209
36298
36210
36299
36211
36300
36212
36301
36213
36302
36214
36303
36215
36304
36216
36305
36217
36306
36218
36307
36219
36308
36220
36309
36221
36310
36222
36311
36223
36312
36224
36313
36225
36314
36226
36315
36227
36316
36228
36317
36229
36318
36230
36319
36231
36320
36232
36321
36233
36322
36234
36323
36235
36324
36236
36325
36237
36326
36238
36327
36239
36328
36240
36329
36241
36330
36242
36331
36243
36332
36244
36333
36245
36334
36246
36335
36247
36336
36248
36337
36249
36338
36250
36339
36251
36340
36252
36341
36253
36342
36254
36343
36255
36344
36256
36345
36257
36346
36258
36347
36259
36348
36260
36349
36261
36350
36262
36351
36263
36352
36264
36353
36265
36354
36266
36355
36267
36356
36268
36357
36269
36358
36359
36271
36360
36272
36361
36273
36362
36274
36363
36275
36364
36276
36365
36277
36366
36278
36367
36279
36368
36280
36369
36281
36370
36282
36371
36283
36372
36284
36373
36285
36374
36286
36375
36287
36376
36288
36377
36289
36378
36290
36379
36291
36380
36292
36381
36293
36382
36294
36383
36295
36384
36296
36385
36297
36386
36298
36387
36299
36388
36300
36389
36301
36390
36302
36391
36303
36392
36304
36393
36305
36394
36306
36395
36307
36396
36308
36397
36309
36398
36310
36399
36311
36400
36312
36401
36313
36402
36314
36403
36315
36404
36316
36405
36317
36406
36318
36407
36319
36408
36320
36409
36321
36410
36322
36411
36323
36412
36324
36413
36325
36414
36326
36415
36327
36416
36328
36417
36329
36418
36330
36419
36331
36420
36332
36421
36333
36422
36334
36423
36335
36424
36336
36425
36337
36426
36338
36427
36339
36428
36340
36429
36341
36430
36342
36431
36343
36432
36344
36433
36345
36434
36346
36435
36347
36436
36348
36437
36349
36438
36350
36439
36351
36440
36352
36441
36353
36442
36354
36443
36355
36444
36356
36445
36357
36446
36358
36447
36359
36448
36449
36361
36450
36362
36451
36363
36452
36364
36453
36365
36454
36366
36455
36367
36456
36368
36457
36369
36458
36370
36459
36371
36460
36372
36461
36373
36462
36374
36463
36375
36464
36376
36465
36377
36466
36378
36467
36379
36468
36380
36469
36381
36470
36382
36471
36383
36472
36384
36473
36385
36474
36386
36475
36387
36476
36388
36477
36389
36478
36390
36479
36391
36480
36392
36481
36393
36482
36394
36483
36395
36484
36396
36485
36397
36486
36398
36487
36399
36488
36400
36489
36401
36490
36402
36491
36403
36492
36404
36493
36405
36494
36406
36495
36407
36496
36408
36497
36409
36498
36410
36499
36411
36500
36412
36501
36413
36502
36414
36503
36415
36504
36416
36505
36417
36506
36418
36507
36419
36508
36420
36509
36421
36510
36422
36511
36423
36512
36424
36513
36425
36514
36426
36515
36427
36516
36428
36517
36429
36518
36430
36519
36431
36520
36432
36521
36433
36522
36434
36523
36435
36524
36436
36525
36437
36526
36438
36527
36439
36528
36440
36529
36441
36530
36442
36531
36443
36532
36444
36533
36445
36534
36446
36535
36447
36536
36448
36537
36449
36538
36539
36451
36540
36452
36541
36453
36542
36454
36543
36455
36544
36456
36545
36457
36546
36458
36547
36459
36548
36460
36549
36461
36550
36462
36551
36463
36552
36464
36553
36465
36554
36466
36555
36467
36556
36468
36557
36469
36558
36470
36559
36471
36560
36472
36561
36473
36562
36474
36563
36475
36564
36476
36565
36477
36566
36478
36567
36479
36568
36480
36569
36481
36570
36482
36571
36483
36572
36484
36573
36485
36574
36486
36575
36487
36576
36488
36577
36489
36578
36490
36579
36491
36580
36492
36581
36493
36582
36494
36583
36495
36584
36496
36585
36497
36586
36498
36587
36499
36588
36500
36589
36501
36590
36502
36591
36503
36592
36504
36593
36505
36594
36506
36595
36507
36596
36508
36597
36509
36598
36510
36599
36511
36600
36512
36601
36513
36602
36514
36603
36515
36604
36516
36605
36517
36606
36518
36607
36519
36608
36520
36609
36521
36610
36522
36611
36523
36612
36524
36613
36525
36614
36526
36615
36527
36616
36528
36617
36529
36618
36530
36619
36531
36620
36532
36621
36533
36622
36534
36623
36535
36624
36536
36625
36537
36626
36538
36627
36539
36628
36629
36541
36630
36542
36631
36543
36632
36544
36633
36545
36634
36546
36635
36547
36636
36548
36637
36549
36638
36550
36639
36551
36640
36552
36641
36553
36642
36554
36643
36555
36644
36556
36645
36557
36646
36558
36647
36559
36648
36560
36649
36561
36650
36562
36651
36563
36652
36564
36653
36565
36654
36566
36655
36567
36656
36568
36657
36569
36658
36570
36659
36571
36660
36572
36661
36573
36662
36574
36663
36575
36664
36576
36665
36577
36666
36578
36667
36579
36668
36580
36669
36581
36670
36582
36671
36583
36672
36584
36673
36585
36674
36586
36675
36587
36676
36588
36677
36589
36678
36590
36679
36591
36680
36592
36681
36593
36682
36594
36683
36595
36684
36596
36685
36597
36686
36598
36687
36599
36688
36600
36689
36601
36690
36602
36691
36603
36692
36604
36693
36605
36694
36606
36695
36607
36696
36608
36697
36609
36698
36610
36699
36611
36700
36612
36701
36613
36702
36614
36703
36615
36704
36616
36705
36617
36706
36618
36707
36619
36708
36620
36709
36621
36710
36622
36711
36623
36712
36624
36713
36625
36714
36626
36715
36627
36716
36628
36717
36629
36718
36719
36631
36720
36632
36721
36633
36722
36634
36723
36635
36724
36636
36725
36637
36726
36638
36727
36639
36728
36640
36729
36641
36730
36642
36731
36643
36732
36644
36733
36645
36734
36646
36735
36647
36736
36648
36737
36649
36738
36650
36739
36651
36740
36652
36741
36653
36742
36654
36743
36655
36744
36656
36745
36657
36746
36658
36747
36659
36748
36660
36749
36661
36750
36662
36751
36663
36752
36664
36753
36665
36754
36666
36755
36667
36756
36668
36757
36669
36758
36670
36759
36671
36760
36672
36761
36673
36762
36674
36763
36675
36764
36676
36765
36677
36766
36678
36767
36679
36768
36680
36769
36681
36770
36682
36771
36683
36772
36684
36773
36685
36774
36686
36775
36687
36776
36688
36777
36689
36778
36690
36779
36691
36780
36692
36781
36693
36782
36694
36783
36695
36784
36696
36785
36697
36786
36698
36787
36699
36788
36700
36789
36701
36790
36702
36791
36703
36792
36704
36793
36705
36794
36706
36795
36707
36796
36708
36797
36709
36798
36710
36799
36711
36800
36712
36801
36713
36802
36714
36803
36715
36804
36716
36805
36717
36806
36718
36807
36719
36808
36809
36721
36810
36722
36811
36723
36812
36724
36813
36725
36814
36726
36815
36727
36816
36728
36817
36729
36818
36730
36819
36731
36820
36732
36821
36733
36822
36734
36823
36735
36824
36736
36825
36737
36826
36738
36827
36739
36828
36740
36829
36741
36830
36742
36831
36743
36832
36744
36833
36745
36834
36746
36835
36747
36836
36748
36837
36749
36838
36750
36839
36751
36840
36752
36841
36753
36842
36754
36843
36755
36844
36756
36845
36757
36846
36758
36847
36759
36848
36760
36849
36761
36850
36762
36851
36763
36852
36764
36853
36765
36854
36766
36855
36767
36856
36768
36857
36769
36858
36770
36859
36771
36860
36772
36861
36773
36862
36774
36863
36775
36864
36776
36865
36777
36866
36778
36867
36779
36868
36780
36869
36781
36870
36782
36871
36783
36872
36784
36873
36785
36874
36786
36875
36787
36876
36788
36877
36789
36878
36790
36879
36791
36880
36792
36881
36793
36882
36794
36883
36795
36884
36796
36885
36797
36886
36798
36887
36799
36888
36800
36889
36801
36890
36802
36891
36803
36892
36804
36893
36805
36894
36806
36895
36807
36896
36808
36897
36809
36898
36899
36811
36900
36812
36901
36813
36902
36814
36903
36815
36904
36816
36905
36817
36906
36818
36907
36819
36908
36820
36909
36821
36910
36822
36911
36823
36912
36824
36913
36825
36914
36826
36915
36827
36916
36828
36917
36829
36918
36830
36919
36831
36920
36832
36921
36833
36922
36834
36923
36835
36924
36836
36925
36837
36926
36838
36927
36839
36928
36840
36929
36841
36930
36842
36931
36843
36932
36844
36933
36845
36934
36846
36935
36847
36936
36848
36937
36849
36938
36850
36939
36851
36940
36852
36941
36853
36942
36854
36943
36855
36944
36856
36945
36857
36946
36858
36947
36859
36948
36860
36949
36861
36950
36862
36951
36863
36952
36864
36953
36865
36954
36866
36955
36867
36956
36868
36957
36869
36958
36870
36959
36871
36960
36872
36961
36873
36962
36874
36963
36875
36964
36876
36965
36877
36966
36878
36967
36879
36968
36880
36969
36881
36970
36882
36971
36883
36972
36884
36973
36885
36974
36886
36975
36887
36976
36888
36977
36889
36978
36890
36979
36891
36980
36892
36981
36893
36982
36894
36983
36895
36984
36896
36985
36897
36986
36898
36987
36899
36988
36989
36901
36990
36902
36991
36903
36992
36904
36993
36905
36994
36906
36995
36907
36996
36908
36997
36909
36998
36910
36999
36911
37000
36912
37001
36913
37002
36914
37003
36915
37004
36916
37005
36917
37006
36918
37007
36919
37008
36920
37009
36921
37010
36922
37011
36923
37012
36924
37013
36925
37014
36926
37015
36927
37016
36928
37017
36929
37018
36930
37019
36931
37020
36932
37021
36933
37022
36934
37023
36935
37024
36936
37025
36937
37026
36938
37027
36939
37028
36940
37029
36941
37030
36942
37031
36943
37032
36944
37033
36945
37034
36946
37035
36947
37036
36948
37037
36949
37038
36950
37039
36951
37040
36952
37041
36953
37042
36954
37043
36955
37044
36956
37045
36957
37046
36958
37047
36959
37048
36960
37049
36961
37050
36962
37051
36963
37052
36964
37053
36965
37054
36966
37055
36967
37056
36968
37057
36969
37058
36970
37059
36971
37060
36972
37061
36973
37062
36974
37063
36975
37064
36976
37065
36977
37066
36978
37067
36979
37068
36980
37069
36981
37070
36982
37071
36983
37072
36984
37073
36985
37074
36986
37075
36987
37076
36988
37077
36989
37078
37079
36991
37080
36992
37081
36993
37082
36994
37083
36995
37084
36996
37085
36997
37086
36998
37087
36999
37088
37000
37089
37001
37090
37002
37091
37003
37092
37004
37093
37005
37094
37006
37095
37007
37096
37008
37097
37009
37098
37010
37099
37011
37100
37012
37101
37013
37102
37014
37103
37015
37104
37016
37105
37017
37106
37018
37107
37019
37108
37020
37109
37021
37110
37022
37111
37023
37112
37024
37113
37025
37114
37026
37115
37027
37116
37028
37117
37029
37118
37030
37119
37031
37120
37032
37121
37033
37122
37034
37123
37035
37124
37036
37125
37037
37126
37038
37127
37039
37128
37040
37129
37041
37130
37042
37131
37043
37132
37044
37133
37045
37134
37046
37135
37047
37136
37048
37137
37049
37138
37050
37139
37051
37140
37052
37141
37053
37142
37054
37143
37055
37144
37056
37145
37057
37146
37058
37147
37059
37148
37060
37149
37061
37150
37062
37151
37063
37152
37064
37153
37065
37154
37066
37155
37067
37156
37068
37157
37069
37158
37070
37159
37071
37160
37072
37161
37073
37162
37074
37163
37075
37164
37076
37165
37077
37166
37078
37167
37079
37168
37169
37081
37170
37082
37171
37083
37172
37084
37173
37085
37174
37086
37175
37087
37176
37088
37177
37089
37178
37090
37179
37091
37180
37092
37181
37093
37182
37094
37183
37095
37184
37096
37185
37097
37186
37098
37187
37099
37188
37100
37189
37101
37190
37102
37191
37103
37192
37104
37193
37105
37194
37106
37195
37107
37196
37108
37197
37109
37198
37110
37199
37111
37200
37112
37201
37113
37202
37114
37203
37115
37204
37116
37205
37117
37206
37118
37207
37119
37208
37120
37209
37121
37210
37122
37211
37123
37212
37124
37213
37125
37214
37126
37215
37127
37216
37128
37217
37129
37218
37130
37219
37131
37220
37132
37221
37133
37222
37134
37223
37135
37224
37136
37225
37137
37226
37138
37227
37139
37228
37140
37229
37141
37230
37142
37231
37143
37232
37144
37233
37145
37234
37146
37235
37147
37236
37148
37237
37149
37238
37150
37239
37151
37240
37152
37241
37153
37242
37154
37243
37155
37244
37156
37245
37157
37246
37158
37247
37159
37248
37160
37249
37161
37250
37162
37251
37163
37252
37164
37253
37165
37254
37166
37255
37167
37256
37168
37257
37169
37258
37259
37171
37260
37172
37261
37173
37262
37174
37263
37175
37264
37176
37265
37177
37266
37178
37267
37179
37268
37180
37269
37181
37270
37182
37271
37183
37272
37184
37273
37185
37274
37186
37275
37187
37276
37188
37277
37189
37278
37190
37279
37191
37280
37192
37281
37193
37282
37194
37283
37195
37284
37196
37285
37197
37286
37198
37287
37199
37288
37200
37289
37201
37290
37202
37291
37203
37292
37204
37293
37205
37294
37206
37295
37207
37296
37208
37297
37209
37298
37210
37299
37211
37300
37212
37301
37213
37302
37214
37303
37215
37304
37216
37305
37217
37306
37218
37307
37219
37308
37220
37309
37221
37310
37222
37311
37223
37312
37224
37313
37225
37314
37226
37315
37227
37316
37228
37317
37229
37318
37230
37319
37231
37320
37232
37321
37233
37322
37234
37323
37235
37324
37236
37325
37237
37326
37238
37327
37239
37328
37240
37329
37241
37330
37242
37331
37243
37332
37244
37333
37245
37334
37246
37335
37247
37336
37248
37337
37249
37338
37250
37339
37251
37340
37252
37341
37253
37342
37254
37343
37255
37344
37256
37345
37257
37346
37258
37347
37259
37348
37349
37261
37350
37262
37351
37263
37352
37264
37353
37265
37354
37266
37355
37267
37356
37268
37357
37269
37358
37270
37359
37271
37360
37272
37361
37273
37362
37274
37363
37275
37364
37276
37365
37277
37366
37278
37367
37279
37368
37280
37369
37281
37370
37282
37371
37283
37372
37284
37373
37285
37374
37286
37375
37287
37376
37288
37377
37289
37378
37290
37379
37291
37380
37292
37381
37293
37382
37294
37383
37295
37384
37296
37385
37297
37386
37298
37387
37299
37388
37300
37389
37301
37390
37302
37391
37303
37392
37304
37393
37305
37394
37306
37395
37307
37396
37308
37397
37309
37398
37310
37399
37311
37400
37312
37401
37313
37402
37314
37403
37315
37404
37316
37405
37317
37406
37318
37407
37319
37408
37320
37409
37321
37410
37322
37411
37323
37412
37324
37413
37325
37414
37326
37415
37327
37416
37328
37417
37329
37418
37330
37419
37331
37420
37332
37421
37333
37422
37334
37423
37335
37424
37336
37425
37337
37426
37338
37427
37339
37428
37340
37429
37341
37430
37342
37431
37343
37432
37344
37433
37345
37434
37346
37435
37347
37436
37348
37437
37349
37438
37439
37351
37440
37352
37441
37353
37442
37354
37443
37355
37444
37356
37445
37357
37446
37358
37447
37359
37448
37360
37449
37361
37450
37362
37451
37363
37452
37364
37453
37365
37454
37366
37455
37367
37456
37368
37457
37369
37458
37370
37459
37371
37460
37372
37461
37373
37462
37374
37463
37375
37464
37376
37465
37377
37466
37378
37467
37379
37468
37380
37469
37381
37470
37382
37471
37383
37472
37384
37473
37385
37474
37386
37475
37387
37476
37388
37477
37389
37478
37390
37479
37391
37480
37392
37481
37393
37482
37394
37483
37395
37484
37396
37485
37397
37486
37398
37487
37399
37488
37400
37489
37401
37490
37402
37491
37403
37492
37404
37493
37405
37494
37406
37495
37407
37496
37408
37497
37409
37498
37410
37499
37411
37500
37412
37501
37413
37502
37414
37503
37415
37504
37416
37505
37417
37506
37418
37507
37419
37508
37420
37509
37421
37510
37422
37511
37423
37512
37424
37513
37425
37514
37426
37515
37427
37516
37428
37517
37429
37518
37430
37519
37431
37520
37432
37521
37433
37522
37434
37523
37435
37524
37436
37525
37437
37526
37438
37527
37439
37528
37529
37441
37530
37442
37531
37443
37532
37444
37533
37445
37534
37446
37535
37447
37536
37448
37537
37449
37538
37450
37539
37451
37540
37452
37541
37453
37542
37454
37543
37455
37544
37456
37545
37457
37546
37458
37547
37459
37548
37460
37549
37461
37550
37462
37551
37463
37552
37464
37553
37465
37554
37466
37555
37467
37556
37468
37557
37469
37558
37470
37559
37471
37560
37472
37561
37473
37562
37474
37563
37475
37564
37476
37565
37477
37566
37478
37567
37479
37568
37480
37569
37481
37570
37482
37571
37483
37572
37484
37573
37485
37574
37486
37575
37487
37576
37488
37577
37489
37578
37490
37579
37491
37580
37492
37581
37493
37582
37494
37583
37495
37584
37496
37585
37497
37586
37498
37587
37499
37588
37500
37589
37501
37590
37502
37591
37503
37592
37504
37593
37505
37594
37506
37595
37507
37596
37508
37597
37509
37598
37510
37599
37511
37600
37512
37601
37513
37602
37514
37603
37515
37604
37516
37605
37517
37606
37518
37607
37519
37608
37520
37609
37521
37610
37522
37611
37523
37612
37524
37613
37525
37614
37526
37615
37527
37616
37528
37617
37529
37618
37619
37531
37620
37532
37621
37533
37622
37534
37623
37535
37624
37536
37625
37537
37626
37538
37627
37539
37628
37540
37629
37541
37630
37542
37631
37543
37632
37544
37633
37545
37634
37546
37635
37547
37636
37548
37637
37549
37638
37550
37639
37551
37640
37552
37641
37553
37642
37554
37643
37555
37644
37556
37645
37557
37646
37558
37647
37559
37648
37560
37649
37561
37650
37562
37651
37563
37652
37564
37653
37565
37654
37566
37655
37567
37656
37568
37657
37569
37658
37570
37659
37571
37660
37572
37661
37573
37662
37574
37663
37575
37664
37576
37665
37577
37666
37578
37667
37579
37668
37580
37669
37581
37670
37582
37671
37583
37672
37584
37673
37585
37674
37586
37675
37587
37676
37588
37677
37589
37678
37590
37679
37591
37680
37592
37681
37593
37682
37594
37683
37595
37684
37596
37685
37597
37686
37598
37687
37599
37688
37600
37689
37601
37690
37602
37691
37603
37692
37604
37693
37605
37694
37606
37695
37607
37696
37608
37697
37609
37698
37610
37699
37611
37700
37612
37701
37613
37702
37614
37703
37615
37704
37616
37705
37617
37706
37618
37707
37619
37708
37709
37621
37710
37622
37711
37623
37712
37624
37713
37625
37714
37626
37715
37627
37716
37628
37717
37629
37718
37630
37719
37631
37720
37632
37721
37633
37722
37634
37723
37635
37724
37636
37725
37637
37726
37638
37727
37639
37728
37640
37729
37641
37730
37642
37731
37643
37732
37644
37733
37645
37734
37646
37735
37647
37736
37648
37737
37649
37738
37650
37739
37651
37740
37652
37741
37653
37742
37654
37743
37655
37744
37656
37745
37657
37746
37658
37747
37659
37748
37660
37749
37661
37750
37662
37751
37663
37752
37664
37753
37665
37754
37666
37755
37667
37756
37668
37757
37669
37758
37670
37759
37671
37760
37672
37761
37673
37762
37674
37763
37675
37764
37676
37765
37677
37766
37678
37767
37679
37768
37680
37769
37681
37770
37682
37771
37683
37772
37684
37773
37685
37774
37686
37775
37687
37776
37688
37777
37689
37778
37690
37779
37691
37780
37692
37781
37693
37782
37694
37783
37695
37784
37696
37785
37697
37786
37698
37787
37699
37788
37700
37789
37701
37790
37702
37791
37703
37792
37704
37793
37705
37794
37706
37795
37707
37796
37708
37797
37709
37798
37799
37711
37800
37712
37801
37713
37802
37714
37803
37715
37804
37716
37805
37717
37806
37718
37807
37719
37808
37720
37809
37721
37810
37722
37811
37723
37812
37724
37813
37725
37814
37726
37815
37727
37816
37728
37817
37729
37818
37730
37819
37731
37820
37732
37821
37733
37822
37734
37823
37735
37824
37736
37825
37737
37826
37738
37827
37739
37828
37740
37829
37741
37830
37742
37831
37743
37832
37744
37833
37745
37834
37746
37835
37747
37836
37748
37837
37749
37838
37750
37839
37751
37840
37752
37841
37753
37842
37754
37843
37755
37844
37756
37845
37757
37846
37758
37847
37759
37848
37760
37849
37761
37850
37762
37851
37763
37852
37764
37853
37765
37854
37766
37855
37767
37856
37768
37857
37769
37858
37770
37859
37771
37860
37772
37861
37773
37862
37774
37863
37775
37864
37776
37865
37777
37866
37778
37867
37779
37868
37780
37869
37781
37870
37782
37871
37783
37872
37784
37873
37785
37874
37786
37875
37787
37876
37788
37877
37789
37878
37790
37879
37791
37880
37792
37881
37793
37882
37794
37883
37795
37884
37796
37885
37797
37886
37798
37887
37799
37888
37889
37801
37890
37802
37891
37803
37892
37804
37893
37805
37894
37806
37895
37807
37896
37808
37897
37809
37898
37810
37899
37811
37900
37812
37901
37813
37902
37814
37903
37815
37904
37816
37905
37817
37906
37818
37907
37819
37908
37820
37909
37821
37910
37822
37911
37823
37912
37824
37913
37825
37914
37826
37915
37827
37916
37828
37917
37829
37918
37830
37919
37831
37920
37832
37921
37833
37922
37834
37923
37835
37924
37836
37925
37837
37926
37838
37927
37839
37928
37840
37929
37841
37930
37842
37931
37843
37932
37844
37933
37845
37934
37846
37935
37847
37936
37848
37937
37849
37938
37850
37939
37851
37940
37852
37941
37853
37942
37854
37943
37855
37944
37856
37945
37857
37946
37858
37947
37859
37948
37860
37949
37861
37950
37862
37951
37863
37952
37864
37953
37865
37954
37866
37955
37867
37956
37868
37957
37869
37958
37870
37959
37871
37960
37872
37961
37873
37962
37874
37963
37875
37964
37876
37965
37877
37966
37878
37967
37879
37968
37880
37969
37881
37970
37882
37971
37883
37972
37884
37973
37885
37974
37886
37975
37887
37976
37888
37977
37889
37978
37979
37891
37980
37892
37981
37893
37982
37894
37983
37895
37984
37896
37985
37897
37986
37898
37987
37899
37988
37900
37989
37901
37990
37902
37991
37903
37992
37904
37993
37905
37994
37906
37995
37907
37996
37908
37997
37909
37998
37910
37999
37911
38000
37912
38001
37913
38002
37914
38003
37915
38004
37916
38005
37917
38006
37918
38007
37919
38008
37920
38009
37921
38010
37922
38011
37923
38012
37924
38013
37925
38014
37926
38015
37927
38016
37928
38017
37929
38018
37930
38019
37931
38020
37932
38021
37933
38022
37934
38023
37935
38024
37936
38025
37937
38026
37938
38027
37939
38028
37940
38029
37941
38030
37942
38031
37943
38032
37944
38033
37945
38034
37946
38035
37947
38036
37948
38037
37949
38038
37950
38039
37951
38040
37952
38041
37953
38042
37954
38043
37955
38044
37956
38045
37957
38046
37958
38047
37959
38048
37960
38049
37961
38050
37962
38051
37963
38052
37964
38053
37965
38054
37966
38055
37967
38056
37968
38057
37969
38058
37970
38059
37971
38060
37972
38061
37973
38062
37974
38063
37975
38064
37976
38065
37977
38066
37978
38067
37979
38068
38069
37981
38070
37982
38071
37983
38072
37984
38073
37985
38074
37986
38075
37987
38076
37988
38077
37989
38078
37990
38079
37991
38080
37992
38081
37993
38082
37994
38083
37995
38084
37996
38085
37997
38086
37998
38087
37999
38088
38000
38089
38001
38090
38002
38091
38003
38092
38004
38093
38005
38094
38006
38095
38007
38096
38008
38097
38009
38098
38010
38099
38011
38100
38012
38101
38013
38102
38014
38103
38015
38104
38016
38105
38017
38106
38018
38107
38019
38108
38020
38109
38021
38110
38022
38111
38023
38112
38024
38113
38025
38114
38026
38115
38027
38116
38028
38117
38029
38118
38030
38119
38031
38120
38032
38121
38033
38122
38034
38123
38035
38124
38036
38125
38037
38126
38038
38127
38039
38128
38040
38129
38041
38130
38042
38131
38043
38132
38044
38133
38045
38134
38046
38135
38047
38136
38048
38137
38049
38138
38050
38139
38051
38140
38052
38141
38053
38142
38054
38143
38055
38144
38056
38145
38057
38146
38058
38147
38059
38148
38060
38149
38061
38150
38062
38151
38063
38152
38064
38153
38065
38154
38066
38155
38067
38156
38068
38157
38069
38158
38159
38071
38160
38072
38161
38073
38162
38074
38163
38075
38164
38076
38165
38077
38166
38078
38167
38079
38168
38080
38169
38081
38170
38082
38171
38083
38172
38084
38173
38085
38174
38086
38175
38087
38176
38088
38177
38089
38178
38090
38179
38091
38180
38092
38181
38093
38182
38094
38183
38095
38184
38096
38185
38097
38186
38098
38187
38099
38188
38100
38189
38101
38190
38102
38191
38103
38192
38104
38193
38105
38194
38106
38195
38107
38196
38108
38197
38109
38198
38110
38199
38111
38200
38112
38201
38113
38202
38114
38203
38115
38204
38116
38205
38117
38206
38118
38207
38119
38208
38120
38209
38121
38210
38122
38211
38123
38212
38124
38213
38125
38214
38126
38215
38127
38216
38128
38217
38129
38218
38130
38219
38131
38220
38132
38221
38133
38222
38134
38223
38135
38224
38136
38225
38137
38226
38138
38227
38139
38228
38140
38229
38141
38230
38142
38231
38143
38232
38144
38233
38145
38234
38146
38235
38147
38236
38148
38237
38149
38238
38150
38239
38151
38240
38152
38241
38153
38242
38154
38243
38155
38244
38156
38245
38157
38246
38158
38247
38159
38248
38249
38161
38250
38162
38251
38163
38252
38164
38253
38165
38254
38166
38255
38167
38256
38168
38257
38169
38258
38170
38259
38171
38260
38172
38261
38173
38262
38174
38263
38175
38264
38176
38265
38177
38266
38178
38267
38179
38268
38180
38269
38181
38270
38182
38271
38183
38272
38184
38273
38185
38274
38186
38275
38187
38276
38188
38277
38189
38278
38190
38279
38191
38280
38192
38281
38193
38282
38194
38283
38195
38284
38196
38285
38197
38286
38198
38287
38199
38288
38200
38289
38201
38290
38202
38291
38203
38292
38204
38293
38205
38294
38206
38295
38207
38296
38208
38297
38209
38298
38210
38299
38211
38300
38212
38301
38213
38302
38214
38303
38215
38304
38216
38305
38217
38306
38218
38307
38219
38308
38220
38309
38221
38310
38222
38311
38223
38312
38224
38313
38225
38314
38226
38315
38227
38316
38228
38317
38229
38318
38230
38319
38231
38320
38232
38321
38233
38322
38234
38323
38235
38324
38236
38325
38237
38326
38238
38327
38239
38328
38240
38329
38241
38330
38242
38331
38243
38332
38244
38333
38245
38334
38246
38335
38247
38336
38248
38337
38249
38338
38339
38251
38340
38252
38341
38253
38342
38254
38343
38255
38344
38256
38345
38257
38346
38258
38347
38259
38348
38260
38349
38261
38350
38262
38351
38263
38352
38264
38353
38265
38354
38266
38355
38267
38356
38268
38357
38269
38358
38270
38359
38271
38360
38272
38361
38273
38362
38274
38363
38275
38364
38276
38365
38277
38366
38278
38367
38279
38368
38280
38369
38281
38370
38282
38371
38283
38372
38284
38373
38285
38374
38286
38375
38287
38376
38288
38377
38289
38378
38290
38379
38291
38380
38292
38381
38293
38382
38294
38383
38295
38384
38296
38385
38297
38386
38298
38387
38299
38388
38300
38389
38301
38390
38302
38391
38303
38392
38304
38393
38305
38394
38306
38395
38307
38396
38308
38397
38309
38398
38310
38399
38311
38400
38312
38401
38313
38402
38314
38403
38315
38404
38316
38405
38317
38406
38318
38407
38319
38408
38320
38409
38321
38410
38322
38411
38323
38412
38324
38413
38325
38414
38326
38415
38327
38416
38328
38417
38329
38418
38330
38419
38331
38420
38332
38421
38333
38422
38334
38423
38335
38424
38336
38425
38337
38426
38338
38427
38339
38428
38429
38341
38430
38342
38431
38343
38432
38344
38433
38345
38434
38346
38435
38347
38436
38348
38437
38349
38438
38350
38439
38351
38440
38352
38441
38353
38442
38354
38443
38355
38444
38356
38445
38357
38446
38358
38447
38359
38448
38360
38449
38361
38450
38362
38451
38363
38452
38364
38453
38365
38454
38366
38455
38367
38456
38368
38457
38369
38458
38370
38459
38371
38460
38372
38461
38373
38462
38374
38463
38375
38464
38376
38465
38377
38466
38378
38467
38379
38468
38380
38469
38381
38470
38382
38471
38383
38472
38384
38473
38385
38474
38386
38475
38387
38476
38388
38477
38389
38478
38390
38479
38391
38480
38392
38481
38393
38482
38394
38483
38395
38484
38396
38485
38397
38486
38398
38487
38399
38488
38400
38489
38401
38490
38402
38491
38403
38492
38404
38493
38405
38494
38406
38495
38407
38496
38408
38497
38409
38498
38410
38499
38411
38500
38412
38501
38413
38502
38414
38503
38415
38504
38416
38505
38417
38506
38418
38507
38419
38508
38420
38509
38421
38510
38422
38511
38423
38512
38424
38513
38425
38514
38426
38515
38427
38516
38428
38517
38429
38518
38519
38431
38520
38432
38521
38433
38522
38434
38523
38435
38524
38436
38525
38437
38526
38438
38527
38439
38528
38440
38529
38441
38530
38442
38531
38443
38532
38444
38533
38445
38534
38446
38535
38447
38536
38448
38537
38449
38538
38450
38539
38451
38540
38452
38541
38453
38542
38454
38543
38455
38544
38456
38545
38457
38546
38458
38547
38459
38548
38460
38549
38461
38550
38462
38551
38463
38552
38464
38553
38465
38554
38466
38555
38467
38556
38468
38557
38469
38558
38470
38559
38471
38560
38472
38561
38473
38562
38474
38563
38475
38564
38476
38565
38477
38566
38478
38567
38479
38568
38480
38569
38481
38570
38482
38571
38483
38572
38484
38573
38485
38574
38486
38575
38487
38576
38488
38577
38489
38578
38490
38579
38491
38580
38492
38581
38493
38582
38494
38583
38495
38584
38496
38585
38497
38586
38498
38587
38499
38588
38500
38589
38501
38590
38502
38591
38503
38592
38504
38593
38505
38594
38506
38595
38507
38596
38508
38597
38509
38598
38510
38599
38511
38600
38512
38601
38513
38602
38514
38603
38515
38604
38516
38605
38517
38606
38518
38607
38519
38608
38609
38521
38610
38522
38611
38523
38612
38524
38613
38525
38614
38526
38615
38527
38616
38528
38617
38529
38618
38530
38619
38531
38620
38532
38621
38533
38622
38534
38623
38535
38624
38536
38625
38537
38626
38538
38627
38539
38628
38540
38629
38541
38630
38542
38631
38543
38632
38544
38633
38545
38634
38546
38635
38547
38636
38548
38637
38549
38638
38550
38639
38551
38640
38552
38641
38553
38642
38554
38643
38555
38644
38556
38645
38557
38646
38558
38647
38559
38648
38560
38649
38561
38650
38562
38651
38563
38652
38564
38653
38565
38654
38566
38655
38567
38656
38568
38657
38569
38658
38570
38659
38571
38660
38572
38661
38573
38662
38574
38663
38575
38664
38576
38665
38577
38666
38578
38667
38579
38668
38580
38669
38581
38670
38582
38671
38583
38672
38584
38673
38585
38674
38586
38675
38587
38676
38588
38677
38589
38678
38590
38679
38591
38680
38592
38681
38593
38682
38594
38683
38595
38684
38596
38685
38597
38686
38598
38687
38599
38688
38600
38689
38601
38690
38602
38691
38603
38692
38604
38693
38605
38694
38606
38695
38607
38696
38608
38697
38609
38698
38699
38611
38700
38612
38701
38613
38702
38614
38703
38615
38704
38616
38705
38617
38706
38618
38707
38619
38708
38620
38709
38621
38710
38622
38711
38623
38712
38624
38713
38625
38714
38626
38715
38627
38716
38628
38717
38629
38718
38630
38719
38631
38720
38632
38721
38633
38722
38634
38723
38635
38724
38636
38725
38637
38726
38638
38727
38639
38728
38640
38729
38641
38730
38642
38731
38643
38732
38644
38733
38645
38734
38646
38735
38647
38736
38648
38737
38649
38738
38650
38739
38651
38740
38652
38741
38653
38742
38654
38743
38655
38744
38656
38745
38657
38746
38658
38747
38659
38748
38660
38749
38661
38750
38662
38751
38663
38752
38664
38753
38665
38754
38666
38755
38667
38756
38668
38757
38669
38758
38670
38759
38671
38760
38672
38761
38673
38762
38674
38763
38675
38764
38676
38765
38677
38766
38678
38767
38679
38768
38680
38769
38681
38770
38682
38771
38683
38772
38684
38773
38685
38774
38686
38775
38687
38776
38688
38777
38689
38778
38690
38779
38691
38780
38692
38781
38693
38782
38694
38783
38695
38784
38696
38785
38697
38786
38698
38787
38699
38788
38789
38701
38790
38702
38791
38703
38792
38704
38793
38705
38794
38706
38795
38707
38796
38708
38797
38709
38798
38710
38799
38711
38800
38712
38801
38713
38802
38714
38803
38715
38804
38716
38805
38717
38806
38718
38807
38719
38808
38720
38809
38721
38810
38722
38811
38723
38812
38724
38813
38725
38814
38726
38815
38727
38816
38728
38817
38729
38818
38730
38819
38731
38820
38732
38821
38733
38822
38734
38823
38735
38824
38736
38825
38737
38826
38738
38827
38739
38828
38740
38829
38741
38830
38742
38831
38743
38832
38744
38833
38745
38834
38746
38835
38747
38836
38748
38837
38749
38838
38750
38839
38751
38840
38752
38841
38753
38842
38754
38843
38755
38844
38756
38845
38757
38846
38758
38847
38759
38848
38760
38849
38761
38850
38762
38851
38763
38852
38764
38853
38765
38854
38766
38855
38767
38856
38768
38857
38769
38858
38770
38859
38771
38860
38772
38861
38773
38862
38774
38863
38775
38864
38776
38865
38777
38866
38778
38867
38779
38868
38780
38869
38781
38870
38782
38871
38783
38872
38784
38873
38785
38874
38786
38875
38787
38876
38788
38877
38789
38878
38879
38791
38880
38792
38881
38793
38882
38794
38883
38795
38884
38796
38885
38797
38886
38798
38887
38799
38888
38800
38889
38801
38890
38802
38891
38803
38892
38804
38893
38805
38894
38806
38895
38807
38896
38808
38897
38809
38898
38810
38899
38811
38900
38812
38901
38813
38902
38814
38903
38815
38904
38816
38905
38817
38906
38818
38907
38819
38908
38820
38909
38821
38910
38822
38911
38823
38912
38824
38913
38825
38914
38826
38915
38827
38916
38828
38917
38829
38918
38830
38919
38831
38920
38832
38921
38833
38922
38834
38923
38835
38924
38836
38925
38837
38926
38838
38927
38839
38928
38840
38929
38841
38930
38842
38931
38843
38932
38844
38933
38845
38934
38846
38935
38847
38936
38848
38937
38849
38938
38850
38939
38851
38940
38852
38941
38853
38942
38854
38943
38855
38944
38856
38945
38857
38946
38858
38947
38859
38948
38860
38949
38861
38950
38862
38951
38863
38952
38864
38953
38865
38954
38866
38955
38867
38956
38868
38957
38869
38958
38870
38959
38871
38960
38872
38961
38873
38962
38874
38963
38875
38964
38876
38965
38877
38966
38878
38967
38879
38968
38969
38881
38970
38882
38971
38883
38972
38884
38973
38885
38974
38886
38975
38887
38976
38888
38977
38889
38978
38890
38979
38891
38980
38892
38981
38893
38982
38894
38983
38895
38984
38896
38985
38897
38986
38898
38987
38899
38988
38900
38989
38901
38990
38902
38991
38903
38992
38904
38993
38905
38994
38906
38995
38907
38996
38908
38997
38909
38998
38910
38999
38911
39000
38912
39001
38913
39002
38914
39003
38915
39004
38916
39005
38917
39006
38918
39007
38919
39008
38920
39009
38921
39010
38922
39011
38923
39012
38924
39013
38925
39014
38926
39015
38927
39016
38928
39017
38929
39018
38930
39019
38931
39020
38932
39021
38933
39022
38934
39023
38935
39024
38936
39025
38937
39026
38938
39027
38939
39028
38940
39029
38941
39030
38942
39031
38943
39032
38944
39033
38945
39034
38946
39035
38947
39036
38948
39037
38949
39038
38950
39039
38951
39040
38952
39041
38953
39042
38954
39043
38955
39044
38956
39045
38957
39046
38958
39047
38959
39048
38960
39049
38961
39050
38962
39051
38963
39052
38964
39053
38965
39054
38966
39055
38967
39056
38968
39057
38969
39058
39059
38971
39060
38972
39061
38973
39062
38974
39063
38975
39064
38976
39065
38977
39066
38978
39067
38979
39068
38980
39069
38981
39070
38982
39071
38983
39072
38984
39073
38985
39074
38986
39075
38987
39076
38988
39077
38989
39078
38990
39079
38991
39080
38992
39081
38993
39082
38994
39083
38995
39084
38996
39085
38997
39086
38998
39087
38999
39088
39000
39089
39001
39090
39002
39091
39003
39092
39004
39093
39005
39094
39006
39095
39007
39096
39008
39097
39009
39098
39010
39099
39011
39100
39012
39101
39013
39102
39014
39103
39015
39104
39016
39105
39017
39106
39018
39107
39019
39108
39020
39109
39021
39110
39022
39111
39023
39112
39024
39113
39025
39114
39026
39115
39027
39116
39028
39117
39029
39118
39030
39119
39031
39120
39032
39121
39033
39122
39034
39123
39035
39124
39036
39125
39037
39126
39038
39127
39039
39128
39040
39129
39041
39130
39042
39131
39043
39132
39044
39133
39045
39134
39046
39135
39047
39136
39048
39137
39049
39138
39050
39139
39051
39140
39052
39141
39053
39142
39054
39143
39055
39144
39056
39145
39057
39146
39058
39147
39059
39148
39149
39061
39150
39062
39151
39063
39152
39064
39153
39065
39154
39066
39155
39067
39156
39068
39157
39069
39158
39070
39159
39071
39160
39072
39161
39073
39162
39074
39163
39075
39164
39076
39165
39077
39166
39078
39167
39079
39168
39080
39169
39081
39170
39082
39171
39083
39172
39084
39173
39085
39174
39086
39175
39087
39176
39088
39177
39089
39178
39090
39179
39091
39180
39092
39181
39093
39182
39094
39183
39095
39184
39096
39185
39097
39186
39098
39187
39099
39188
39100
39189
39101
39190
39102
39191
39103
39192
39104
39193
39105
39194
39106
39195
39107
39196
39108
39197
39109
39198
39110
39199
39111
39200
39112
39201
39113
39202
39114
39203
39115
39204
39116
39205
39117
39206
39118
39207
39119
39208
39120
39209
39121
39210
39122
39211
39123
39212
39124
39213
39125
39214
39126
39215
39127
39216
39128
39217
39129
39218
39130
39219
39131
39220
39132
39221
39133
39222
39134
39223
39135
39224
39136
39225
39137
39226
39138
39227
39139
39228
39140
39229
39141
39230
39142
39231
39143
39232
39144
39233
39145
39234
39146
39235
39147
39236
39148
39237
39149
39238
39239
39151
39240
39152
39241
39153
39242
39154
39243
39155
39244
39156
39245
39157
39246
39158
39247
39159
39248
39160
39249
39161
39250
39162
39251
39163
39252
39164
39253
39165
39254
39166
39255
39167
39256
39168
39257
39169
39258
39170
39259
39171
39260
39172
39261
39173
39262
39174
39263
39175
39264
39176
39265
39177
39266
39178
39267
39179
39268
39180
39269
39181
39270
39182
39271
39183
39272
39184
39273
39185
39274
39186
39275
39187
39276
39188
39277
39189
39278
39190
39279
39191
39280
39192
39281
39193
39282
39194
39283
39195
39284
39196
39285
39197
39286
39198
39287
39199
39288
39200
39289
39201
39290
39202
39291
39203
39292
39204
39293
39205
39294
39206
39295
39207
39296
39208
39297
39209
39298
39210
39299
39211
39300
39212
39301
39213
39302
39214
39303
39215
39304
39216
39305
39217
39306
39218
39307
39219
39308
39220
39309
39221
39310
39222
39311
39223
39312
39224
39313
39225
39314
39226
39315
39227
39316
39228
39317
39229
39318
39230
39319
39231
39320
39232
39321
39233
39322
39234
39323
39235
39324
39236
39325
39237
39326
39238
39327
39239
39328
39329
39241
39330
39242
39331
39243
39332
39244
39333
39245
39334
39246
39335
39247
39336
39248
39337
39249
39338
39250
39339
39251
39340
39252
39341
39253
39342
39254
39343
39255
39344
39256
39345
39257
39346
39258
39347
39259
39348
39260
39349
39261
39350
39262
39351
39263
39352
39264
39353
39265
39354
39266
39355
39267
39356
39268
39357
39269
39358
39270
39359
39271
39360
39272
39361
39273
39362
39274
39363
39275
39364
39276
39365
39277
39366
39278
39367
39279
39368
39280
39369
39281
39370
39282
39371
39283
39372
39284
39373
39285
39374
39286
39375
39287
39376
39288
39377
39289
39378
39290
39379
39291
39380
39292
39381
39293
39382
39294
39383
39295
39384
39296
39385
39297
39386
39298
39387
39299
39388
39300
39389
39301
39390
39302
39391
39303
39392
39304
39393
39305
39394
39306
39395
39307
39396
39308
39397
39309
39398
39310
39399
39311
39400
39312
39401
39313
39402
39314
39403
39315
39404
39316
39405
39317
39406
39318
39407
39319
39408
39320
39409
39321
39410
39322
39411
39323
39412
39324
39413
39325
39414
39326
39415
39327
39416
39328
39417
39329
39418
39419
39331
39420
39332
39421
39333
39422
39334
39423
39335
39424
39336
39425
39337
39426
39338
39427
39339
39428
39340
39429
39341
39430
39342
39431
39343
39432
39344
39433
39345
39434
39346
39435
39347
39436
39348
39437
39349
39438
39350
39439
39351
39440
39352
39441
39353
39442
39354
39443
39355
39444
39356
39445
39357
39446
39358
39447
39359
39448
39360
39449
39361
39450
39362
39451
39363
39452
39364
39453
39365
39454
39366
39455
39367
39456
39368
39457
39369
39458
39370
39459
39371
39460
39372
39461
39373
39462
39374
39463
39375
39464
39376
39465
39377
39466
39378
39467
39379
39468
39380
39469
39381
39470
39382
39471
39383
39472
39384
39473
39385
39474
39386
39475
39387
39476
39388
39477
39389
39478
39390
39479
39391
39480
39392
39481
39393
39482
39394
39483
39395
39484
39396
39485
39397
39486
39398
39487
39399
39488
39400
39489
39401
39490
39402
39491
39403
39492
39404
39493
39405
39494
39406
39495
39407
39496
39408
39497
39409
39498
39410
39499
39411
39500
39412
39501
39413
39502
39414
39503
39415
39504
39416
39505
39417
39506
39418
39507
39419
39508
39509
39421
39510
39422
39511
39423
39512
39424
39513
39425
39514
39426
39515
39427
39516
39428
39517
39429
39518
39430
39519
39431
39520
39432
39521
39433
39522
39434
39523
39435
39524
39436
39525
39437
39526
39438
39527
39439
39528
39440
39529
39441
39530
39442
39531
39443
39532
39444
39533
39445
39534
39446
39535
39447
39536
39448
39537
39449
39538
39450
39539
39451
39540
39452
39541
39453
39542
39454
39543
39455
39544
39456
39545
39457
39546
39458
39547
39459
39548
39460
39549
39461
39550
39462
39551
39463
39552
39464
39553
39465
39554
39466
39555
39467
39556
39468
39557
39469
39558
39470
39559
39471
39560
39472
39561
39473
39562
39474
39563
39475
39564
39476
39565
39477
39566
39478
39567
39479
39568
39480
39569
39481
39570
39482
39571
39483
39572
39484
39573
39485
39574
39486
39575
39487
39576
39488
39577
39489
39578
39490
39579
39491
39580
39492
39581
39493
39582
39494
39583
39495
39584
39496
39585
39497
39586
39498
39587
39499
39588
39500
39589
39501
39590
39502
39591
39503
39592
39504
39593
39505
39594
39506
39595
39507
39596
39508
39597
39509
39598
39599
39511
39600
39512
39601
39513
39602
39514
39603
39515
39604
39516
39605
39517
39606
39518
39607
39519
39608
39520
39609
39521
39610
39522
39611
39523
39612
39524
39613
39525
39614
39526
39615
39527
39616
39528
39617
39529
39618
39530
39619
39531
39620
39532
39621
39533
39622
39534
39623
39535
39624
39536
39625
39537
39626
39538
39627
39539
39628
39540
39629
39541
39630
39542
39631
39543
39632
39544
39633
39545
39634
39546
39635
39547
39636
39548
39637
39549
39638
39550
39639
39551
39640
39552
39641
39553
39642
39554
39643
39555
39644
39556
39645
39557
39646
39558
39647
39559
39648
39560
39649
39561
39650
39562
39651
39563
39652
39564
39653
39565
39654
39566
39655
39567
39656
39568
39657
39569
39658
39570
39659
39571
39660
39572
39661
39573
39662
39574
39663
39575
39664
39576
39665
39577
39666
39578
39667
39579
39668
39580
39669
39581
39670
39582
39671
39583
39672
39584
39673
39585
39674
39586
39675
39587
39676
39588
39677
39589
39678
39590
39679
39591
39680
39592
39681
39593
39682
39594
39683
39595
39684
39596
39685
39597
39686
39598
39687
39599
39688
39689
39601
39690
39602
39691
39603
39692
39604
39693
39605
39694
39606
39695
39607
39696
39608
39697
39609
39698
39610
39699
39611
39700
39612
39701
39613
39702
39614
39703
39615
39704
39616
39705
39617
39706
39618
39707
39619
39708
39620
39709
39621
39710
39622
39711
39623
39712
39624
39713
39625
39714
39626
39715
39627
39716
39628
39717
39629
39718
39630
39719
39631
39720
39632
39721
39633
39722
39634
39723
39635
39724
39636
39725
39637
39726
39638
39727
39639
39728
39640
39729
39641
39730
39642
39731
39643
39732
39644
39733
39645
39734
39646
39735
39647
39736
39648
39737
39649
39738
39650
39739
39651
39740
39652
39741
39653
39742
39654
39743
39655
39744
39656
39745
39657
39746
39658
39747
39659
39748
39660
39749
39661
39750
39662
39751
39663
39752
39664
39753
39665
39754
39666
39755
39667
39756
39668
39757
39669
39758
39670
39759
39671
39760
39672
39761
39673
39762
39674
39763
39675
39764
39676
39765
39677
39766
39678
39767
39679
39768
39680
39769
39681
39770
39682
39771
39683
39772
39684
39773
39685
39774
39686
39775
39687
39776
39688
39777
39689
39778
39779
39691
39780
39692
39781
39693
39782
39694
39783
39695
39784
39696
39785
39697
39786
39698
39787
39699
39788
39700
39789
39701
39790
39702
39791
39703
39792
39704
39793
39705
39794
39706
39795
39707
39796
39708
39797
39709
39798
39710
39799
39711
39800
39712
39801
39713
39802
39714
39803
39715
39804
39716
39805
39717
39806
39718
39807
39719
39808
39720
39809
39721
39810
39722
39811
39723
39812
39724
39813
39725
39814
39726
39815
39727
39816
39728
39817
39729
39818
39730
39819
39731
39820
39732
39821
39733
39822
39734
39823
39735
39824
39736
39825
39737
39826
39738
39827
39739
39828
39740
39829
39741
39830
39742
39831
39743
39832
39744
39833
39745
39834
39746
39835
39747
39836
39748
39837
39749
39838
39750
39839
39751
39840
39752
39841
39753
39842
39754
39843
39755
39844
39756
39845
39757
39846
39758
39847
39759
39848
39760
39849
39761
39850
39762
39851
39763
39852
39764
39853
39765
39854
39766
39855
39767
39856
39768
39857
39769
39858
39770
39859
39771
39860
39772
39861
39773
39862
39774
39863
39775
39864
39776
39865
39777
39866
39778
39867
39779
39868
39869
39781
39870
39782
39871
39783
39872
39784
39873
39785
39874
39786
39875
39787
39876
39788
39877
39789
39878
39790
39879
39791
39880
39792
39881
39793
39882
39794
39883
39795
39884
39796
39885
39797
39886
39798
39887
39799
39888
39800
39889
39801
39890
39802
39891
39803
39892
39804
39893
39805
39894
39806
39895
39807
39896
39808
39897
39809
39898
39810
39899
39811
39900
39812
39901
39813
39902
39814
39903
39815
39904
39816
39905
39817
39906
39818
39907
39819
39908
39820
39909
39821
39910
39822
39911
39823
39912
39824
39913
39825
39914
39826
39915
39827
39916
39828
39917
39829
39918
39830
39919
39831
39920
39832
39921
39833
39922
39834
39923
39835
39924
39836
39925
39837
39926
39838
39927
39839
39928
39840
39929
39841
39930
39842
39931
39843
39932
39844
39933
39845
39934
39846
39935
39847
39936
39848
39937
39849
39938
39850
39939
39851
39940
39852
39941
39853
39942
39854
39943
39855
39944
39856
39945
39857
39946
39858
39947
39859
39948
39860
39949
39861
39950
39862
39951
39863
39952
39864
39953
39865
39954
39866
39955
39867
39956
39868
39957
39869
39958
39959
39871
39960
39872
39961
39873
39962
39874
39963
39875
39964
39876
39965
39877
39966
39878
39967
39879
39968
39880
39969
39881
39970
39882
39971
39883
39972
39884
39973
39885
39974
39886
39975
39887
39976
39888
39977
39889
39978
39890
39979
39891
39980
39892
39981
39893
39982
39894
39983
39895
39984
39896
39985
39897
39986
39898
39987
39899
39988
39900
39989
39901
39990
39902
39991
39903
39992
39904
39993
39905
39994
39906
39995
39907
39996
39908
39997
39909
39998
39910
39999
39911
40000
39912
40001
39913
40002
39914
40003
39915
40004
39916
40005
39917
40006
39918
40007
39919
40008
39920
40009
39921
40010
39922
40011
39923
40012
39924
40013
39925
40014
39926
40015
39927
40016
39928
40017
39929
40018
39930
40019
39931
40020
39932
40021
39933
40022
39934
40023
39935
40024
39936
40025
39937
40026
39938
40027
39939
40028
39940
40029
39941
40030
39942
40031
39943
40032
39944
40033
39945
40034
39946
40035
39947
40036
39948
40037
39949
40038
39950
40039
39951
40040
39952
40041
39953
40042
39954
40043
39955
40044
39956
40045
39957
40046
39958
40047
39959
40048
40049
39961
40050
39962
40051
39963
40052
39964
40053
39965
40054
39966
40055
39967
40056
39968
40057
39969
40058
39970
40059
39971
40060
39972
40061
39973
40062
39974
40063
39975
40064
39976
40065
39977
40066
39978
40067
39979
40068
39980
40069
39981
40070
39982
40071
39983
40072
39984
40073
39985
40074
39986
40075
39987
40076
39988
40077
39989
40078
39990
40079
39991
40080
39992
40081
39993
40082
39994
40083
39995
40084
39996
40085
39997
40086
39998
40087
39999
40088
40000
40089
40001
40090
40002
40091
40003
40092
40004
40093
40005
40094
40006
40095
40007
40096
40008
40097
40009
40098
40010
40099
40011
40100
40012
40101
40013
40102
40014
40103
40015
40104
40016
40105
40017
40106
40018
40107
40019
40108
40020
40109
40021
40110
40022
40111
40023
40112
40024
40113
40025
40114
40026
40115
40027
40116
40028
40117
40029
40118
40030
40119
40031
40120
40032
40121
40033
40122
40034
40123
40035
40124
40036
40125
40037
40126
40038
40127
40039
40128
40040
40129
40041
40130
40042
40131
40043
40132
40044
40133
40045
40134
40046
40135
40047
40136
40048
40137
40049
40138
40139
40051
40140
40052
40141
40053
40142
40054
40143
40055
40144
40056
40145
40057
40146
40058
40147
40059
40148
40060
40149
40061
40150
40062
40151
40063
40152
40064
40153
40065
40154
40066
40155
40067
40156
40068
40157
40069
40158
40070
40159
40071
40160
40072
40161
40073
40162
40074
40163
40075
40164
40076
40165
40077
40166
40078
40167
40079
40168
40080
40169
40081
40170
40082
40171
40083
40172
40084
40173
40085
40174
40086
40175
40087
40176
40088
40177
40089
40178
40090
40179
40091
40180
40092
40181
40093
40182
40094
40183
40095
40184
40096
40185
40097
40186
40098
40187
40099
40188
40100
40189
40101
40190
40102
40191
40103
40192
40104
40193
40105
40194
40106
40195
40107
40196
40108
40197
40109
40198
40110
40199
40111
40200
40112
40201
40113
40202
40114
40203
40115
40204
40116
40205
40117
40206
40118
40207
40119
40208
40120
40209
40121
40210
40122
40211
40123
40212
40124
40213
40125
40214
40126
40215
40127
40216
40128
40217
40129
40218
40130
40219
40131
40220
40132
40221
40133
40222
40134
40223
40135
40224
40136
40225
40137
40226
40138
40227
40139
40228
40229
40141
40230
40142
40231
40143
40232
40144
40233
40145
40234
40146
40235
40147
40236
40148
40237
40149
40238
40150
40239
40151
40240
40152
40241
40153
40242
40154
40243
40155
40244
40156
40245
40157
40246
40158
40247
40159
40248
40160
40249
40161
40250
40162
40251
40163
40252
40164
40253
40165
40254
40166
40255
40167
40256
40168
40257
40169
40258
40170
40259
40171
40260
40172
40261
40173
40262
40174
40263
40175
40264
40176
40265
40177
40266
40178
40267
40179
40268
40180
40269
40181
40270
40182
40271
40183
40272
40184
40273
40185
40274
40186
40275
40187
40276
40188
40277
40189
40278
40190
40279
40191
40280
40192
40281
40193
40282
40194
40283
40195
40284
40196
40285
40197
40286
40198
40287
40199
40288
40200
40289
40201
40290
40202
40291
40203
40292
40204
40293
40205
40294
40206
40295
40207
40296
40208
40297
40209
40298
40210
40299
40211
40300
40212
40301
40213
40302
40214
40303
40215
40304
40216
40305
40217
40306
40218
40307
40219
40308
40220
40309
40221
40310
40222
40311
40223
40312
40224
40313
40225
40314
40226
40315
40227
40316
40228
40317
40229
40318
40319
40231
40320
40232
40321
40233
40322
40234
40323
40235
40324
40236
40325
40237
40326
40238
40327
40239
40328
40240
40329
40241
40330
40242
40331
40243
40332
40244
40333
40245
40334
40246
40335
40247
40336
40248
40337
40249
40338
40250
40339
40251
40340
40252
40341
40253
40342
40254
40343
40255
40344
40256
40345
40257
40346
40258
40347
40259
40348
40260
40349
40261
40350
40262
40351
40263
40352
40264
40353
40265
40354
40266
40355
40267
40356
40268
40357
40269
40358
40270
40359
40271
40360
40272
40361
40273
40362
40274
40363
40275
40364
40276
40365
40277
40366
40278
40367
40279
40368
40280
40369
40281
40370
40282
40371
40283
40372
40284
40373
40285
40374
40286
40375
40287
40376
40288
40377
40289
40378
40290
40379
40291
40380
40292
40381
40293
40382
40294
40383
40295
40384
40296
40385
40297
40386
40298
40387
40299
40388
40300
40389
40301
40390
40302
40391
40303
40392
40304
40393
40305
40394
40306
40395
40307
40396
40308
40397
40309
40398
40310
40399
40311
40400
40312
40401
40313
40402
40314
40403
40315
40404
40316
40405
40317
40406
40318
40407
40319
40408
40409
40321
40410
40322
40411
40323
40412
40324
40413
40325
40414
40326
40415
40327
40416
40328
40417
40329
40418
40330
40419
40331
40420
40332
40421
40333
40422
40334
40423
40335
40424
40336
40425
40337
40426
40338
40427
40339
40428
40340
40429
40341
40430
40342
40431
40343
40432
40344
40433
40345
40434
40346
40435
40347
40436
40348
40437
40349
40438
40350
40439
40351
40440
40352
40441
40353
40442
40354
40443
40355
40444
40356
40445
40357
40446
40358
40447
40359
40448
40360
40449
40361
40450
40362
40451
40363
40452
40364
40453
40365
40454
40366
40455
40367
40456
40368
40457
40369
40458
40370
40459
40371
40460
40372
40461
40373
40462
40374
40463
40375
40464
40376
40465
40377
40466
40378
40467
40379
40468
40380
40469
40381
40470
40382
40471
40383
40472
40384
40473
40385
40474
40386
40475
40387
40476
40388
40477
40389
40478
40390
40479
40391
40480
40392
40481
40393
40482
40394
40483
40395
40484
40396
40485
40397
40486
40398
40487
40399
40488
40400
40489
40401
40490
40402
40491
40403
40492
40404
40493
40405
40494
40406
40495
40407
40496
40408
40497
40409
40498
40499
40411
40500
40412
40501
40413
40502
40414
40503
40415
40504
40416
40505
40417
40506
40418
40507
40419
40508
40420
40509
40421
40510
40422
40511
40423
40512
40424
40513
40425
40514
40426
40515
40427
40516
40428
40517
40429
40518
40430
40519
40431
40520
40432
40521
40433
40522
40434
40523
40435
40524
40436
40525
40437
40526
40438
40527
40439
40528
40440
40529
40441
40530
40442
40531
40443
40532
40444
40533
40445
40534
40446
40535
40447
40536
40448
40537
40449
40538
40450
40539
40451
40540
40452
40541
40453
40542
40454
40543
40455
40544
40456
40545
40457
40546
40458
40547
40459
40548
40460
40549
40461
40550
40462
40551
40463
40552
40464
40553
40465
40554
40466
40555
40467
40556
40468
40557
40469
40558
40470
40559
40471
40560
40472
40561
40473
40562
40474
40563
40475
40564
40476
40565
40477
40566
40478
40567
40479
40568
40480
40569
40481
40570
40482
40571
40483
40572
40484
40573
40485
40574
40486
40575
40487
40576
40488
40577
40489
40578
40490
40579
40491
40580
40492
40581
40493
40582
40494
40583
40495
40584
40496
40585
40497
40586
40498
40587
40499
40588
40589
40501
40590
40502
40591
40503
40592
40504
40593
40505
40594
40506
40595
40507
40596
40508
40597
40509
40598
40510
40599
40511
40600
40512
40601
40513
40602
40514
40603
40515
40604
40516
40605
40517
40606
40518
40607
40519
40608
40520
40609
40521
40610
40522
40611
40523
40612
40524
40613
40525
40614
40526
40615
40527
40616
40528
40617
40529
40618
40530
40619
40531
40620
40532
40621
40533
40622
40534
40623
40535
40624
40536
40625
40537
40626
40538
40627
40539
40628
40540
40629
40541
40630
40542
40631
40543
40632
40544
40633
40545
40634
40546
40635
40547
40636
40548
40637
40549
40638
40550
40639
40551
40640
40552
40641
40553
40642
40554
40643
40555
40644
40556
40645
40557
40646
40558
40647
40559
40648
40560
40649
40561
40650
40562
40651
40563
40652
40564
40653
40565
40654
40566
40655
40567
40656
40568
40657
40569
40658
40570
40659
40571
40660
40572
40661
40573
40662
40574
40663
40575
40664
40576
40665
40577
40666
40578
40667
40579
40668
40580
40669
40581
40670
40582
40671
40583
40672
40584
40673
40585
40674
40586
40675
40587
40676
40588
40677
40589
40678
40679
40591
40680
40592
40681
40593
40682
40594
40683
40595
40684
40596
40685
40597
40686
40598
40687
40599
40688
40600
40689
40601
40690
40602
40691
40603
40692
40604
40693
40605
40694
40606
40695
40607
40696
40608
40697
40609
40698
40610
40699
40611
40700
40612
40701
40613
40702
40614
40703
40615
40704
40616
40705
40617
40706
40618
40707
40619
40708
40620
40709
40621
40710
40622
40711
40623
40712
40624
40713
40625
40714
40626
40715
40627
40716
40628
40717
40629
40718
40630
40719
40631
40720
40632
40721
40633
40722
40634
40723
40635
40724
40636
40725
40637
40726
40638
40727
40639
40728
40640
40729
40641
40730
40642
40731
40643
40732
40644
40733
40645
40734
40646
40735
40647
40736
40648
40737
40649
40738
40650
40739
40651
40740
40652
40741
40653
40742
40654
40743
40655
40744
40656
40745
40657
40746
40658
40747
40659
40748
40660
40749
40661
40750
40662
40751
40663
40752
40664
40753
40665
40754
40666
40755
40667
40756
40668
40757
40669
40758
40670
40759
40671
40760
40672
40761
40673
40762
40674
40763
40675
40764
40676
40765
40677
40766
40678
40767
40679
40768
40769
40681
40770
40682
40771
40683
40772
40684
40773
40685
40774
40686
40775
40687
40776
40688
40777
40689
40778
40690
40779
40691
40780
40692
40781
40693
40782
40694
40783
40695
40784
40696
40785
40697
40786
40698
40787
40699
40788
40700
40789
40701
40790
40702
40791
40703
40792
40704
40793
40705
40794
40706
40795
40707
40796
40708
40797
40709
40798
40710
40799
40711
40800
40712
40801
40713
40802
40714
40803
40715
40804
40716
40805
40717
40806
40718
40807
40719
40808
40720
40809
40721
40810
40722
40811
40723
40812
40724
40813
40725
40814
40726
40815
40727
40816
40728
40817
40729
40818
40730
40819
40731
40820
40732
40821
40733
40822
40734
40823
40735
40824
40736
40825
40737
40826
40738
40827
40739
40828
40740
40829
40741
40830
40742
40831
40743
40832
40744
40833
40745
40834
40746
40835
40747
40836
40748
40837
40749
40838
40750
40839
40751
40840
40752
40841
40753
40842
40754
40843
40755
40844
40756
40845
40757
40846
40758
40847
40759
40848
40760
40849
40761
40850
40762
40851
40763
40852
40764
40853
40765
40854
40766
40855
40767
40856
40768
40857
40769
40858
40859
40771
40860
40772
40861
40773
40862
40774
40863
40775
40864
40776
40865
40777
40866
40778
40867
40779
40868
40780
40869
40781
40870
40782
40871
40783
40872
40784
40873
40785
40874
40786
40875
40787
40876
40788
40877
40789
40878
40790
40879
40791
40880
40792
40881
40793
40882
40794
40883
40795
40884
40796
40885
40797
40886
40798
40887
40799
40888
40800
40889
40801
40890
40802
40891
40803
40892
40804
40893
40805
40894
40806
40895
40807
40896
40808
40897
40809
40898
40810
40899
40811
40900
40812
40901
40813
40902
40814
40903
40815
40904
40816
40905
40817
40906
40818
40907
40819
40908
40820
40909
40821
40910
40822
40911
40823
40912
40824
40913
40825
40914
40826
40915
40827
40916
40828
40917
40829
40918
40830
40919
40831
40920
40832
40921
40833
40922
40834
40923
40835
40924
40836
40925
40837
40926
40838
40927
40839
40928
40840
40929
40841
40930
40842
40931
40843
40932
40844
40933
40845
40934
40846
40935
40847
40936
40848
40937
40849
40938
40850
40939
40851
40940
40852
40941
40853
40942
40854
40943
40855
40944
40856
40945
40857
40946
40858
40947
40859
40948
40949
40861
40950
40862
40951
40863
40952
40864
40953
40865
40954
40866
40955
40867
40956
40868
40957
40869
40958
40870
40959
40871
40960
40872
40961
40873
40962
40874
40963
40875
40964
40876
40965
40877
40966
40878
40967
40879
40968
40880
40969
40881
40970
40882
40971
40883
40972
40884
40973
40885
40974
40886
40975
40887
40976
40888
40977
40889
40978
40890
40979
40891
40980
40892
40981
40893
40982
40894
40983
40895
40984
40896
40985
40897
40986
40898
40987
40899
40988
40900
40989
40901
40990
40902
40991
40903
40992
40904
40993
40905
40994
40906
40995
40907
40996
40908
40997
40909
40998
40910
40999
40911
41000
40912
41001
40913
41002
40914
41003
40915
41004
40916
41005
40917
41006
40918
41007
40919
41008
40920
41009
40921
41010
40922
41011
40923
41012
40924
41013
40925
41014
40926
41015
40927
41016
40928
41017
40929
41018
40930
41019
40931
41020
40932
41021
40933
41022
40934
41023
40935
41024
40936
41025
40937
41026
40938
41027
40939
41028
40940
41029
40941
41030
40942
41031
40943
41032
40944
41033
40945
41034
40946
41035
40947
41036
40948
41037
40949
41038
41039
40951
41040
40952
41041
40953
41042
40954
41043
40955
41044
40956
41045
40957
41046
40958
41047
40959
41048
40960
41049
40961
41050
40962
41051
40963
41052
40964
41053
40965
41054
40966
41055
40967
41056
40968
41057
40969
41058
40970
41059
40971
41060
40972
41061
40973
41062
40974
41063
40975
41064
40976
41065
40977
41066
40978
41067
40979
41068
40980
41069
40981
41070
40982
41071
40983
41072
40984
41073
40985
41074
40986
41075
40987
41076
40988
41077
40989
41078
40990
41079
40991
41080
40992
41081
40993
41082
40994
41083
40995
41084
40996
41085
40997
41086
40998
41087
40999
41088
41000
41089
41001
41090
41002
41091
41003
41092
41004
41093
41005
41094
41006
41095
41007
41096
41008
41097
41009
41098
41010
41099
41011
41100
41012
41101
41013
41102
41014
41103
41015
41104
41016
41105
41017
41106
41018
41107
41019
41108
41020
41109
41021
41110
41022
41111
41023
41112
41024
41113
41025
41114
41026
41115
41027
41116
41028
41117
41029
41118
41030
41119
41031
41120
41032
41121
41033
41122
41034
41123
41035
41124
41036
41125
41037
41126
41038
41127
41039
41128
41129
41041
41130
41042
41131
41043
41132
41044
41133
41045
41134
41046
41135
41047
41136
41048
41137
41049
41138
41050
41139
41051
41140
41052
41141
41053
41142
41054
41143
41055
41144
41056
41145
41057
41146
41058
41147
41059
41148
41060
41149
41061
41150
41062
41151
41063
41152
41064
41153
41065
41154
41066
41155
41067
41156
41068
41157
41069
41158
41070
41159
41071
41160
41072
41161
41073
41162
41074
41163
41075
41164
41076
41165
41077
41166
41078
41167
41079
41168
41080
41169
41081
41170
41082
41171
41083
41172
41084
41173
41085
41174
41086
41175
41087
41176
41088
41177
41089
41178
41090
41179
41091
41180
41092
41181
41093
41182
41094
41183
41095
41184
41096
41185
41097
41186
41098
41187
41099
41188
41100
41189
41101
41190
41102
41191
41103
41192
41104
41193
41105
41194
41106
41195
41107
41196
41108
41197
41109
41198
41110
41199
41111
41200
41112
41201
41113
41202
41114
41203
41115
41204
41116
41205
41117
41206
41118
41207
41119
41208
41120
41209
41121
41210
41122
41211
41123
41212
41124
41213
41125
41214
41126
41215
41127
41216
41128
41217
41129
41218
41219
41131
41220
41132
41221
41133
41222
41134
41223
41135
41224
41136
41225
41137
41226
41138
41227
41139
41228
41140
41229
41141
41230
41142
41231
41143
41232
41144
41233
41145
41234
41146
41235
41147
41236
41148
41237
41149
41238
41150
41239
41151
41240
41152
41241
41153
41242
41154
41243
41155
41244
41156
41245
41157
41246
41158
41247
41159
41248
41160
41249
41161
41250
41162
41251
41163
41252
41164
41253
41165
41254
41166
41255
41167
41256
41168
41257
41169
41258
41170
41259
41171
41260
41172
41261
41173
41262
41174
41263
41175
41264
41176
41265
41177
41266
41178
41267
41179
41268
41180
41269
41181
41270
41182
41271
41183
41272
41184
41273
41185
41274
41186
41275
41187
41276
41188
41277
41189
41278
41190
41279
41191
41280
41192
41281
41193
41282
41194
41283
41195
41284
41196
41285
41197
41286
41198
41287
41199
41288
41200
41289
41201
41290
41202
41291
41203
41292
41204
41293
41205
41294
41206
41295
41207
41296
41208
41297
41209
41298
41210
41299
41211
41300
41212
41301
41213
41302
41214
41303
41215
41304
41216
41305
41217
41306
41218
41307
41219
41308
41309
41221
41310
41222
41311
41223
41312
41224
41313
41225
41314
41226
41315
41227
41316
41228
41317
41229
41318
41230
41319
41231
41320
41232
41321
41233
41322
41234
41323
41235
41324
41236
41325
41237
41326
41238
41327
41239
41328
41240
41329
41241
41330
41242
41331
41243
41332
41244
41333
41245
41334
41246
41335
41247
41336
41248
41337
41249
41338
41250
41339
41251
41340
41252
41341
41253
41342
41254
41343
41255
41344
41256
41345
41257
41346
41258
41347
41259
41348
41260
41349
41261
41350
41262
41351
41263
41352
41264
41353
41265
41354
41266
41355
41267
41356
41268
41357
41269
41358
41270
41359
41271
41360
41272
41361
41273
41362
41274
41363
41275
41364
41276
41365
41277
41366
41278
41367
41279
41368
41280
41369
41281
41370
41282
41371
41283
41372
41284
41373
41285
41374
41286
41375
41287
41376
41288
41377
41289
41378
41290
41379
41291
41380
41292
41381
41293
41382
41294
41383
41295
41384
41296
41385
41297
41386
41298
41387
41299
41388
41300
41389
41301
41390
41302
41391
41303
41392
41304
41393
41305
41394
41306
41395
41307
41396
41308
41397
41309
41398
41399
41311
41400
41312
41401
41313
41402
41314
41403
41315
41404
41316
41405
41317
41406
41318
41407
41319
41408
41320
41409
41321
41410
41322
41411
41323
41412
41324
41413
41325
41414
41326
41415
41327
41416
41328
41417
41329
41418
41330
41419
41331
41420
41332
41421
41333
41422
41334
41423
41335
41424
41336
41425
41337
41426
41338
41427
41339
41428
41340
41429
41341
41430
41342
41431
41343
41432
41344
41433
41345
41434
41346
41435
41347
41436
41348
41437
41349
41438
41350
41439
41351
41440
41352
41441
41353
41442
41354
41443
41355
41444
41356
41445
41357
41446
41358
41447
41359
41448
41360
41449
41361
41450
41362
41451
41363
41452
41364
41453
41365
41454
41366
41455
41367
41456
41368
41457
41369
41458
41370
41459
41371
41460
41372
41461
41373
41462
41374
41463
41375
41464
41376
41465
41377
41466
41378
41467
41379
41468
41380
41469
41381
41470
41382
41471
41383
41472
41384
41473
41385
41474
41386
41475
41387
41476
41388
41477
41389
41478
41390
41479
41391
41480
41392
41481
41393
41482
41394
41483
41395
41484
41396
41485
41397
41486
41398
41487
41399
41488
41489
41401
41490
41402
41491
41403
41492
41404
41493
41405
41494
41406
41495
41407
41496
41408
41497
41409
41498
41410
41499
41411
41500
41412
41501
41413
41502
41414
41503
41415
41504
41416
41505
41417
41506
41418
41507
41419
41508
41420
41509
41421
41510
41422
41511
41423
41512
41424
41513
41425
41514
41426
41515
41427
41516
41428
41517
41429
41518
41430
41519
41431
41520
41432
41521
41433
41522
41434
41523
41435
41524
41436
41525
41437
41526
41438
41527
41439
41528
41440
41529
41441
41530
41442
41531
41443
41532
41444
41533
41445
41534
41446
41535
41447
41536
41448
41537
41449
41538
41450
41539
41451
41540
41452
41541
41453
41542
41454
41543
41455
41544
41456
41545
41457
41546
41458
41547
41459
41548
41460
41549
41461
41550
41462
41551
41463
41552
41464
41553
41465
41554
41466
41555
41467
41556
41468
41557
41469
41558
41470
41559
41471
41560
41472
41561
41473
41562
41474
41563
41475
41564
41476
41565
41477
41566
41478
41567
41479
41568
41480
41569
41481
41570
41482
41571
41483
41572
41484
41573
41485
41574
41486
41575
41487
41576
41488
41577
41489
41578
41579
41491
41580
41492
41581
41493
41582
41494
41583
41495
41584
41496
41585
41497
41586
41498
41587
41499
41588
41500
41589
41501
41590
41502
41591
41503
41592
41504
41593
41505
41594
41506
41595
41507
41596
41508
41597
41509
41598
41510
41599
41511
41600
41512
41601
41513
41602
41514
41603
41515
41604
41516
41605
41517
41606
41518
41607
41519
41608
41520
41609
41521
41610
41522
41611
41523
41612
41524
41613
41525
41614
41526
41615
41527
41616
41528
41617
41529
41618
41530
41619
41531
41620
41532
41621
41533
41622
41534
41623
41535
41624
41536
41625
41537
41626
41538
41627
41539
41628
41540
41629
41541
41630
41542
41631
41543
41632
41544
41633
41545
41634
41546
41635
41547
41636
41548
41637
41549
41638
41550
41639
41551
41640
41552
41641
41553
41642
41554
41643
41555
41644
41556
41645
41557
41646
41558
41647
41559
41648
41560
41649
41561
41650
41562
41651
41563
41652
41564
41653
41565
41654
41566
41655
41567
41656
41568
41657
41569
41658
41570
41659
41571
41660
41572
41661
41573
41662
41574
41663
41575
41664
41576
41665
41577
41666
41578
41667
41579
41668
41669
41581
41670
41582
41671
41583
41672
41584
41673
41585
41674
41586
41675
41587
41676
41588
41677
41589
41678
41590
41679
41591
41680
41592
41681
41593
41682
41594
41683
41595
41684
41596
41685
41597
41686
41598
41687
41599
41688
41600
41689
41601
41690
41602
41691
41603
41692
41604
41693
41605
41694
41606
41695
41607
41696
41608
41697
41609
41698
41610
41699
41611
41700
41612
41701
41613
41702
41614
41703
41615
41704
41616
41705
41617
41706
41618
41707
41619
41708
41620
41709
41621
41710
41622
41711
41623
41712
41624
41713
41625
41714
41626
41715
41627
41716
41628
41717
41629
41718
41630
41719
41631
41720
41632
41721
41633
41722
41634
41723
41635
41724
41636
41725
41637
41726
41638
41727
41639
41728
41640
41729
41641
41730
41642
41731
41643
41732
41644
41733
41645
41734
41646
41735
41647
41736
41648
41737
41649
41738
41650
41739
41651
41740
41652
41741
41653
41742
41654
41743
41655
41744
41656
41745
41657
41746
41658
41747
41659
41748
41660
41749
41661
41750
41662
41751
41663
41752
41664
41753
41665
41754
41666
41755
41667
41756
41668
41757
41669
41758
41759
41671
41760
41672
41761
41673
41762
41674
41763
41675
41764
41676
41765
41677
41766
41678
41767
41679
41768
41680
41769
41681
41770
41682
41771
41683
41772
41684
41773
41685
41774
41686
41775
41687
41776
41688
41777
41689
41778
41690
41779
41691
41780
41692
41781
41693
41782
41694
41783
41695
41784
41696
41785
41697
41786
41698
41787
41699
41788
41700
41789
41701
41790
41702
41791
41703
41792
41704
41793
41705
41794
41706
41795
41707
41796
41708
41797
41709
41798
41710
41799
41711
41800
41712
41801
41713
41802
41714
41803
41715
41804
41716
41805
41717
41806
41718
41807
41719
41808
41720
41809
41721
41810
41722
41811
41723
41812
41724
41813
41725
41814
41726
41815
41727
41816
41728
41817
41729
41818
41730
41819
41731
41820
41732
41821
41733
41822
41734
41823
41735
41824
41736
41825
41737
41826
41738
41827
41739
41828
41740
41829
41741
41830
41742
41831
41743
41832
41744
41833
41745
41834
41746
41835
41747
41836
41748
41837
41749
41838
41750
41839
41751
41840
41752
41841
41753
41842
41754
41843
41755
41844
41756
41845
41757
41846
41758
41847
41759
41848
41849
41761
41850
41762
41851
41763
41852
41764
41853
41765
41854
41766
41855
41767
41856
41768
41857
41769
41858
41770
41859
41771
41860
41772
41861
41773
41862
41774
41863
41775
41864
41776
41865
41777
41866
41778
41867
41779
41868
41780
41869
41781
41870
41782
41871
41783
41872
41784
41873
41785
41874
41786
41875
41787
41876
41788
41877
41789
41878
41790
41879
41791
41880
41792
41881
41793
41882
41794
41883
41795
41884
41796
41885
41797
41886
41798
41887
41799
41888
41800
41889
41801
41890
41802
41891
41803
41892
41804
41893
41805
41894
41806
41895
41807
41896
41808
41897
41809
41898
41810
41899
41811
41900
41812
41901
41813
41902
41814
41903
41815
41904
41816
41905
41817
41906
41818
41907
41819
41908
41820
41909
41821
41910
41822
41911
41823
41912
41824
41913
41825
41914
41826
41915
41827
41916
41828
41917
41829
41918
41830
41919
41831
41920
41832
41921
41833
41922
41834
41923
41835
41924
41836
41925
41837
41926
41838
41927
41839
41928
41840
41929
41841
41930
41842
41931
41843
41932
41844
41933
41845
41934
41846
41935
41847
41936
41848
41937
41849
41938
41939
41851
41940
41852
41941
41853
41942
41854
41943
41855
41944
41856
41945
41857
41946
41858
41947
41859
41948
41860
41949
41861
41950
41862
41951
41863
41952
41864
41953
41865
41954
41866
41955
41867
41956
41868
41957
41869
41958
41870
41959
41871
41960
41872
41961
41873
41962
41874
41963
41875
41964
41876
41965
41877
41966
41878
41967
41879
41968
41880
41969
41881
41970
41882
41971
41883
41972
41884
41973
41885
41974
41886
41975
41887
41976
41888
41977
41889
41978
41890
41979
41891
41980
41892
41981
41893
41982
41894
41983
41895
41984
41896
41985
41897
41986
41898
41987
41899
41988
41900
41989
41901
41990
41902
41991
41903
41992
41904
41993
41905
41994
41906
41995
41907
41996
41908
41997
41909
41998
41910
41999
41911
42000
41912
42001
41913
42002
41914
42003
41915
42004
41916
42005
41917
42006
41918
42007
41919
42008
41920
42009
41921
42010
41922
42011
41923
42012
41924
42013
41925
42014
41926
42015
41927
42016
41928
42017
41929
42018
41930
42019
41931
42020
41932
42021
41933
42022
41934
42023
41935
42024
41936
42025
41937
42026
41938
42027
41939
42028
42029
41941
42030
41942
42031
41943
42032
41944
42033
41945
42034
41946
42035
41947
42036
41948
42037
41949
42038
41950
42039
41951
42040
41952
42041
41953
42042
41954
42043
41955
42044
41956
42045
41957
42046
41958
42047
41959
42048
41960
42049
41961
42050
41962
42051
41963
42052
41964
42053
41965
42054
41966
42055
41967
42056
41968
42057
41969
42058
41970
42059
41971
42060
41972
42061
41973
42062
41974
42063
41975
42064
41976
42065
41977
42066
41978
42067
41979
42068
41980
42069
41981
42070
41982
42071
41983
42072
41984
42073
41985
42074
41986
42075
41987
42076
41988
42077
41989
42078
41990
42079
41991
42080
41992
42081
41993
42082
41994
42083
41995
42084
41996
42085
41997
42086
41998
42087
41999
42088
42000
42089
42001
42090
42002
42091
42003
42092
42004
42093
42005
42094
42006
42095
42007
42096
42008
42097
42009
42098
42010
42099
42011
42100
42012
42101
42013
42102
42014
42103
42015
42104
42016
42105
42017
42106
42018
42107
42019
42108
42020
42109
42021
42110
42022
42111
42023
42112
42024
42113
42025
42114
42026
42115
42027
42116
42028
42117
42029
42118
42119
42031
42120
42032
42121
42033
42122
42034
42123
42035
42124
42036
42125
42037
42126
42038
42127
42039
42128
42040
42129
42041
42130
42042
42131
42043
42132
42044
42133
42045
42134
42046
42135
42047
42136
42048
42137
42049
42138
42050
42139
42051
42140
42052
42141
42053
42142
42054
42143
42055
42144
42056
42145
42057
42146
42058
42147
42059
42148
42060
42149
42061
42150
42062
42151
42063
42152
42064
42153
42065
42154
42066
42155
42067
42156
42068
42157
42069
42158
42070
42159
42071
42160
42072
42161
42073
42162
42074
42163
42075
42164
42076
42165
42077
42166
42078
42167
42079
42168
42080
42169
42081
42170
42082
42171
42083
42172
42084
42173
42085
42174
42086
42175
42087
42176
42088
42177
42089
42178
42090
42179
42091
42180
42092
42181
42093
42182
42094
42183
42095
42184
42096
42185
42097
42186
42098
42187
42099
42188
42100
42189
42101
42190
42102
42191
42103
42192
42104
42193
42105
42194
42106
42195
42107
42196
42108
42197
42109
42198
42110
42199
42111
42200
42112
42201
42113
42202
42114
42203
42115
42204
42116
42205
42117
42206
42118
42207
42119
42208
42209
42121
42210
42122
42211
42123
42212
42124
42213
42125
42214
42126
42215
42127
42216
42128
42217
42129
42218
42130
42219
42131
42220
42132
42221
42133
42222
42134
42223
42135
42224
42136
42225
42137
42226
42138
42227
42139
42228
42140
42229
42141
42230
42142
42231
42143
42232
42144
42233
42145
42234
42146
42235
42147
42236
42148
42237
42149
42238
42150
42239
42151
42240
42152
42241
42153
42242
42154
42243
42155
42244
42156
42245
42157
42246
42158
42247
42159
42248
42160
42249
42161
42250
42162
42251
42163
42252
42164
42253
42165
42254
42166
42255
42167
42256
42168
42257
42169
42258
42170
42259
42171
42260
42172
42261
42173
42262
42174
42263
42175
42264
42176
42265
42177
42266
42178
42267
42179
42268
42180
42269
42181
42270
42182
42271
42183
42272
42184
42273
42185
42274
42186
42275
42187
42276
42188
42277
42189
42278
42190
42279
42191
42280
42192
42281
42193
42282
42194
42283
42195
42284
42196
42285
42197
42286
42198
42287
42199
42288
42200
42289
42201
42290
42202
42291
42203
42292
42204
42293
42205
42294
42206
42295
42207
42296
42208
42297
42209
42298
42299
42211
42300
42212
42301
42213
42302
42214
42303
42215
42304
42216
42305
42217
42306
42218
42307
42219
42308
42220
42309
42221
42310
42222
42311
42223
42312
42224
42313
42225
42314
42226
42315
42227
42316
42228
42317
42229
42318
42230
42319
42231
42320
42232
42321
42233
42322
42234
42323
42235
42324
42236
42325
42237
42326
42238
42327
42239
42328
42240
42329
42241
42330
42242
42331
42243
42332
42244
42333
42245
42334
42246
42335
42247
42336
42248
42337
42249
42338
42250
42339
42251
42340
42252
42341
42253
42342
42254
42343
42255
42344
42256
42345
42257
42346
42258
42347
42259
42348
42260
42349
42261
42350
42262
42351
42263
42352
42264
42353
42265
42354
42266
42355
42267
42356
42268
42357
42269
42358
42270
42359
42271
42360
42272
42361
42273
42362
42274
42363
42275
42364
42276
42365
42277
42366
42278
42367
42279
42368
42280
42369
42281
42370
42282
42371
42283
42372
42284
42373
42285
42374
42286
42375
42287
42376
42288
42377
42289
42378
42290
42379
42291
42380
42292
42381
42293
42382
42294
42383
42295
42384
42296
42385
42297
42386
42298
42387
42299
42388
42389
42301
42390
42302
42391
42303
42392
42304
42393
42305
42394
42306
42395
42307
42396
42308
42397
42309
42398
42310
42399
42311
42400
42312
42401
42313
42402
42314
42403
42315
42404
42316
42405
42317
42406
42318
42407
42319
42408
42320
42409
42321
42410
42322
42411
42323
42412
42324
42413
42325
42414
42326
42415
42327
42416
42328
42417
42329
42418
42330
42419
42331
42420
42332
42421
42333
42422
42334
42423
42335
42424
42336
42425
42337
42426
42338
42427
42339
42428
42340
42429
42341
42430
42342
42431
42343
42432
42344
42433
42345
42434
42346
42435
42347
42436
42348
42437
42349
42438
42350
42439
42351
42440
42352
42441
42353
42442
42354
42443
42355
42444
42356
42445
42357
42446
42358
42447
42359
42448
42360
42449
42361
42450
42362
42451
42363
42452
42364
42453
42365
42454
42366
42455
42367
42456
42368
42457
42369
42458
42370
42459
42371
42460
42372
42461
42373
42462
42374
42463
42375
42464
42376
42465
42377
42466
42378
42467
42379
42468
42380
42469
42381
42470
42382
42471
42383
42472
42384
42473
42385
42474
42386
42475
42387
42476
42388
42477
42389
42478
42479
42391
42480
42392
42481
42393
42482
42394
42483
42395
42484
42396
42485
42397
42486
42398
42487
42399
42488
42400
42489
42401
42490
42402
42491
42403
42492
42404
42493
42405
42494
42406
42495
42407
42496
42408
42497
42409
42498
42410
42499
42411
42500
42412
42501
42413
42502
42414
42503
42415
42504
42416
42505
42417
42506
42418
42507
42419
42508
42420
42509
42421
42510
42422
42511
42423
42512
42424
42513
42425
42514
42426
42515
42427
42516
42428
42517
42429
42518
42430
42519
42431
42520
42432
42521
42433
42522
42434
42523
42435
42524
42436
42525
42437
42526
42438
42527
42439
42528
42440
42529
42441
42530
42442
42531
42443
42532
42444
42533
42445
42534
42446
42535
42447
42536
42448
42537
42449
42538
42450
42539
42451
42540
42452
42541
42453
42542
42454
42543
42455
42544
42456
42545
42457
42546
42458
42547
42459
42548
42460
42549
42461
42550
42462
42551
42463
42552
42464
42553
42465
42554
42466
42555
42467
42556
42468
42557
42469
42558
42470
42559
42471
42560
42472
42561
42473
42562
42474
42563
42475
42564
42476
42565
42477
42566
42478
42567
42479
42568
42569
42481
42570
42482
42571
42483
42572
42484
42573
42485
42574
42486
42575
42487
42576
42488
42577
42489
42578
42490
42579
42491
42580
42492
42581
42493
42582
42494
42583
42495
42584
42496
42585
42497
42586
42498
42587
42499
42588
42500
42589
42501
42590
42502
42591
42503
42592
42504
42593
42505
42594
42506
42595
42507
42596
42508
42597
42509
42598
42510
42599
42511
42600
42512
42601
42513
42602
42514
42603
42515
42604
42516
42605
42517
42606
42518
42607
42519
42608
42520
42609
42521
42610
42522
42611
42523
42612
42524
42613
42525
42614
42526
42615
42527
42616
42528
42617
42529
42618
42530
42619
42531
42620
42532
42621
42533
42622
42534
42623
42535
42624
42536
42625
42537
42626
42538
42627
42539
42628
42540
42629
42541
42630
42542
42631
42543
42632
42544
42633
42545
42634
42546
42635
42547
42636
42548
42637
42549
42638
42550
42639
42551
42640
42552
42641
42553
42642
42554
42643
42555
42644
42556
42645
42557
42646
42558
42647
42559
42648
42560
42649
42561
42650
42562
42651
42563
42652
42564
42653
42565
42654
42566
42655
42567
42656
42568
42657
42569
42658
42659
42571
42660
42572
42661
42573
42662
42574
42663
42575
42664
42576
42665
42577
42666
42578
42667
42579
42668
42580
42669
42581
42670
42582
42671
42583
42672
42584
42673
42585
42674
42586
42675
42587
42676
42588
42677
42589
42678
42590
42679
42591
42680
42592
42681
42593
42682
42594
42683
42595
42684
42596
42685
42597
42686
42598
42687
42599
42688
42600
42689
42601
42690
42602
42691
42603
42692
42604
42693
42605
42694
42606
42695
42607
42696
42608
42697
42609
42698
42610
42699
42611
42700
42612
42701
42613
42702
42614
42703
42615
42704
42616
42705
42617
42706
42618
42707
42619
42708
42620
42709
42621
42710
42622
42711
42623
42712
42624
42713
42625
42714
42626
42715
42627
42716
42628
42717
42629
42718
42630
42719
42631
42720
42632
42721
42633
42722
42634
42723
42635
42724
42636
42725
42637
42726
42638
42727
42639
42728
42640
42729
42641
42730
42642
42731
42643
42732
42644
42733
42645
42734
42646
42735
42647
42736
42648
42737
42649
42738
42650
42739
42651
42740
42652
42741
42653
42742
42654
42743
42655
42744
42656
42745
42657
42746
42658
42747
42659
42748
42749
42661
42750
42662
42751
42663
42752
42664
42753
42665
42754
42666
42755
42667
42756
42668
42757
42669
42758
42670
42759
42671
42760
42672
42761
42673
42762
42674
42763
42675
42764
42676
42765
42677
42766
42678
42767
42679
42768
42680
42769
42681
42770
42682
42771
42683
42772
42684
42773
42685
42774
42686
42775
42687
42776
42688
42777
42689
42778
42690
42779
42691
42780
42692
42781
42693
42782
42694
42783
42695
42784
42696
42785
42697
42786
42698
42787
42699
42788
42700
42789
42701
42790
42702
42791
42703
42792
42704
42793
42705
42794
42706
42795
42707
42796
42708
42797
42709
42798
42710
42799
42711
42800
42712
42801
42713
42802
42714
42803
42715
42804
42716
42805
42717
42806
42718
42807
42719
42808
42720
42809
42721
42810
42722
42811
42723
42812
42724
42813
42725
42814
42726
42815
42727
42816
42728
42817
42729
42818
42730
42819
42731
42820
42732
42821
42733
42822
42734
42823
42735
42824
42736
42825
42737
42826
42738
42827
42739
42828
42740
42829
42741
42830
42742
42831
42743
42832
42744
42833
42745
42834
42746
42835
42747
42836
42748
42837
42749
42838
42839
42751
42840
42752
42841
42753
42842
42754
42843
42755
42844
42756
42845
42757
42846
42758
42847
42759
42848
42760
42849
42761
42850
42762
42851
42763
42852
42764
42853
42765
42854
42766
42855
42767
42856
42768
42857
42769
42858
42770
42859
42771
42860
42772
42861
42773
42862
42774
42863
42775
42864
42776
42865
42777
42866
42778
42867
42779
42868
42780
42869
42781
42870
42782
42871
42783
42872
42784
42873
42785
42874
42786
42875
42787
42876
42788
42877
42789
42878
42790
42879
42791
42880
42792
42881
42793
42882
42794
42883
42795
42884
42796
42885
42797
42886
42798
42887
42799
42888
42800
42889
42801
42890
42802
42891
42803
42892
42804
42893
42805
42894
42806
42895
42807
42896
42808
42897
42809
42898
42810
42899
42811
42900
42812
42901
42813
42902
42814
42903
42815
42904
42816
42905
42817
42906
42818
42907
42819
42908
42820
42909
42821
42910
42822
42911
42823
42912
42824
42913
42825
42914
42826
42915
42827
42916
42828
42917
42829
42918
42830
42919
42831
42920
42832
42921
42833
42922
42834
42923
42835
42924
42836
42925
42837
42926
42838
42927
42839
42928
42929
42841
42930
42842
42931
42843
42932
42844
42933
42845
42934
42846
42935
42847
42936
42848
42937
42849
42938
42850
42939
42851
42940
42852
42941
42853
42942
42854
42943
42855
42944
42856
42945
42857
42946
42858
42947
42859
42948
42860
42949
42861
42950
42862
42951
42863
42952
42864
42953
42865
42954
42866
42955
42867
42956
42868
42957
42869
42958
42870
42959
42871
42960
42872
42961
42873
42962
42874
42963
42875
42964
42876
42965
42877
42966
42878
42967
42879
42968
42880
42969
42881
42970
42882
42971
42883
42972
42884
42973
42885
42974
42886
42975
42887
42976
42888
42977
42889
42978
42890
42979
42891
42980
42892
42981
42893
42982
42894
42983
42895
42984
42896
42985
42897
42986
42898
42987
42899
42988
42900
42989
42901
42990
42902
42991
42903
42992
42904
42993
42905
42994
42906
42995
42907
42996
42908
42997
42909
42998
42910
42999
42911
43000
42912
43001
42913
43002
42914
43003
42915
43004
42916
43005
42917
43006
42918
43007
42919
43008
42920
43009
42921
43010
42922
43011
42923
43012
42924
43013
42925
43014
42926
43015
42927
43016
42928
43017
42929
43018
43019
42931
43020
42932
43021
42933
43022
42934
43023
42935
43024
42936
43025
42937
43026
42938
43027
42939
43028
42940
43029
42941
43030
42942
43031
42943
43032
42944
43033
42945
43034
42946
43035
42947
43036
42948
43037
42949
43038
42950
43039
42951
43040
42952
43041
42953
43042
42954
43043
42955
43044
42956
43045
42957
43046
42958
43047
42959
43048
42960
43049
42961
43050
42962
43051
42963
43052
42964
43053
42965
43054
42966
43055
42967
43056
42968
43057
42969
43058
42970
43059
42971
43060
42972
43061
42973
43062
42974
43063
42975
43064
42976
43065
42977
43066
42978
43067
42979
43068
42980
43069
42981
43070
42982
43071
42983
43072
42984
43073
42985
43074
42986
43075
42987
43076
42988
43077
42989
43078
42990
43079
42991
43080
42992
43081
42993
43082
42994
43083
42995
43084
42996
43085
42997
43086
42998
43087
42999
43088
43000
43089
43001
43090
43002
43091
43003
43092
43004
43093
43005
43094
43006
43095
43007
43096
43008
43097
43009
43098
43010
43099
43011
43100
43012
43101
43013
43102
43014
43103
43015
43104
43016
43105
43017
43106
43018
43107
43019
43108
43109
43021
43110
43022
43111
43023
43112
43024
43113
43025
43114
43026
43115
43027
43116
43028
43117
43029
43118
43030
43119
43031
43120
43032
43121
43033
43122
43034
43123
43035
43124
43036
43125
43037
43126
43038
43127
43039
43128
43040
43129
43041
43130
43042
43131
43043
43132
43044
43133
43045
43134
43046
43135
43047
43136
43048
43137
43049
43138
43050
43139
43051
43140
43052
43141
43053
43142
43054
43143
43055
43144
43056
43145
43057
43146
43058
43147
43059
43148
43060
43149
43061
43150
43062
43151
43063
43152
43064
43153
43065
43154
43066
43155
43067
43156
43068
43157
43069
43158
43070
43159
43071
43160
43072
43161
43073
43162
43074
43163
43075
43164
43076
43165
43077
43166
43078
43167
43079
43168
43080
43169
43081
43170
43082
43171
43083
43172
43084
43173
43085
43174
43086
43175
43087
43176
43088
43177
43089
43178
43090
43179
43091
43180
43092
43181
43093
43182
43094
43183
43095
43184
43096
43185
43097
43186
43098
43187
43099
43188
43100
43189
43101
43190
43102
43191
43103
43192
43104
43193
43105
43194
43106
43195
43107
43196
43108
43197
43109
43198
43199
43111
43200
43112
43201
43113
43202
43114
43203
43115
43204
43116
43205
43117
43206
43118
43207
43119
43208
43120
43209
43121
43210
43122
43211
43123
43212
43124
43213
43125
43214
43126
43215
43127
43216
43128
43217
43129
43218
43130
43219
43131
43220
43132
43221
43133
43222
43134
43223
43135
43224
43136
43225
43137
43226
43138
43227
43139
43228
43140
43229
43141
43230
43142
43231
43143
43232
43144
43233
43145
43234
43146
43235
43147
43236
43148
43237
43149
43238
43150
43239
43151
43240
43152
43241
43153
43242
43154
43243
43155
43244
43156
43245
43157
43246
43158
43247
43159
43248
43160
43249
43161
43250
43162
43251
43163
43252
43164
43253
43165
43254
43166
43255
43167
43256
43168
43257
43169
43258
43170
43259
43171
43260
43172
43261
43173
43262
43174
43263
43175
43264
43176
43265
43177
43266
43178
43267
43179
43268
43180
43269
43181
43270
43182
43271
43183
43272
43184
43273
43185
43274
43186
43275
43187
43276
43188
43277
43189
43278
43190
43279
43191
43280
43192
43281
43193
43282
43194
43283
43195
43284
43196
43285
43197
43286
43198
43287
43199
43288
43289
43201
43290
43202
43291
43203
43292
43204
43293
43205
43294
43206
43295
43207
43296
43208
43297
43209
43298
43210
43299
43211
43300
43212
43301
43213
43302
43214
43303
43215
43304
43216
43305
43217
43306
43218
43307
43219
43308
43220
43309
43221
43310
43222
43311
43223
43312
43224
43313
43225
43314
43226
43315
43227
43316
43228
43317
43229
43318
43230
43319
43231
43320
43232
43321
43233
43322
43234
43323
43235
43324
43236
43325
43237
43326
43238
43327
43239
43328
43240
43329
43241
43330
43242
43331
43243
43332
43244
43333
43245
43334
43246
43335
43247
43336
43248
43337
43249
43338
43250
43339
43251
43340
43252
43341
43253
43342
43254
43343
43255
43344
43256
43345
43257
43346
43258
43347
43259
43348
43260
43349
43261
43350
43262
43351
43263
43352
43264
43353
43265
43354
43266
43355
43267
43356
43268
43357
43269
43358
43270
43359
43271
43360
43272
43361
43273
43362
43274
43363
43275
43364
43276
43365
43277
43366
43278
43367
43279
43368
43280
43369
43281
43370
43282
43371
43283
43372
43284
43373
43285
43374
43286
43375
43287
43376
43288
43377
43289
43378
43379
43291
43380
43292
43381
43293
43382
43294
43383
43295
43384
43296
43385
43297
43386
43298
43387
43299
43388
43300
43389
43301
43390
43302
43391
43303
43392
43304
43393
43305
43394
43306
43395
43307
43396
43308
43397
43309
43398
43310
43399
43311
43400
43312
43401
43313
43402
43314
43403
43315
43404
43316
43405
43317
43406
43318
43407
43319
43408
43320
43409
43321
43410
43322
43411
43323
43412
43324
43413
43325
43414
43326
43415
43327
43416
43328
43417
43329
43418
43330
43419
43331
43420
43332
43421
43333
43422
43334
43423
43335
43424
43336
43425
43337
43426
43338
43427
43339
43428
43340
43429
43341
43430
43342
43431
43343
43432
43344
43433
43345
43434
43346
43435
43347
43436
43348
43437
43349
43438
43350
43439
43351
43440
43352
43441
43353
43442
43354
43443
43355
43444
43356
43445
43357
43446
43358
43447
43359
43448
43360
43449
43361
43450
43362
43451
43363
43452
43364
43453
43365
43454
43366
43455
43367
43456
43368
43457
43369
43458
43370
43459
43371
43460
43372
43461
43373
43462
43374
43463
43375
43464
43376
43465
43377
43466
43378
43467
43379
43468
43469
43381
43470
43382
43471
43383
43472
43384
43473
43385
43474
43386
43475
43387
43476
43388
43477
43389
43478
43390
43479
43391
43480
43392
43481
43393
43482
43394
43483
43395
43484
43396
43485
43397
43486
43398
43487
43399
43488
43400
43489
43401
43490
43402
43491
43403
43492
43404
43493
43405
43494
43406
43495
43407
43496
43408
43497
43409
43498
43410
43499
43411
43500
43412
43501
43413
43502
43414
43503
43415
43504
43416
43505
43417
43506
43418
43507
43419
43508
43420
43509
43421
43510
43422
43511
43423
43512
43424
43513
43425
43514
43426
43515
43427
43516
43428
43517
43429
43518
43430
43519
43431
43520
43432
43521
43433
43522
43434
43523
43435
43524
43436
43525
43437
43526
43438
43527
43439
43528
43440
43529
43441
43530
43442
43531
43443
43532
43444
43533
43445
43534
43446
43535
43447
43536
43448
43537
43449
43538
43450
43539
43451
43540
43452
43541
43453
43542
43454
43543
43455
43544
43456
43545
43457
43546
43458
43547
43459
43548
43460
43549
43461
43550
43462
43551
43463
43552
43464
43553
43465
43554
43466
43555
43467
43556
43468
43557
43469
43558
43559
43471
43560
43472
43561
43473
43562
43474
43563
43475
43564
43476
43565
43477
43566
43478
43567
43479
43568
43480
43569
43481
43570
43482
43571
43483
43572
43484
43573
43485
43574
43486
43575
43487
43576
43488
43577
43489
43578
43490
43579
43491
43580
43492
43581
43493
43582
43494
43583
43495
43584
43496
43585
43497
43586
43498
43587
43499
43588
43500
43589
43501
43590
43502
43591
43503
43592
43504
43593
43505
43594
43506
43595
43507
43596
43508
43597
43509
43598
43510
43599
43511
43600
43512
43601
43513
43602
43514
43603
43515
43604
43516
43605
43517
43606
43518
43607
43519
43608
43520
43609
43521
43610
43522
43611
43523
43612
43524
43613
43525
43614
43526
43615
43527
43616
43528
43617
43529
43618
43530
43619
43531
43620
43532
43621
43533
43622
43534
43623
43535
43624
43536
43625
43537
43626
43538
43627
43539
43628
43540
43629
43541
43630
43542
43631
43543
43632
43544
43633
43545
43634
43546
43635
43547
43636
43548
43637
43549
43638
43550
43639
43551
43640
43552
43641
43553
43642
43554
43643
43555
43644
43556
43645
43557
43646
43558
43647
43559
43648
43649
43561
43650
43562
43651
43563
43652
43564
43653
43565
43654
43566
43655
43567
43656
43568
43657
43569
43658
43570
43659
43571
43660
43572
43661
43573
43662
43574
43663
43575
43664
43576
43665
43577
43666
43578
43667
43579
43668
43580
43669
43581
43670
43582
43671
43583
43672
43584
43673
43585
43674
43586
43675
43587
43676
43588
43677
43589
43678
43590
43679
43591
43680
43592
43681
43593
43682
43594
43683
43595
43684
43596
43685
43597
43686
43598
43687
43599
43688
43600
43689
43601
43690
43602
43691
43603
43692
43604
43693
43605
43694
43606
43695
43607
43696
43608
43697
43609
43698
43610
43699
43611
43700
43612
43701
43613
43702
43614
43703
43615
43704
43616
43705
43617
43706
43618
43707
43619
43708
43620
43709
43621
43710
43622
43711
43623
43712
43624
43713
43625
43714
43626
43715
43627
43716
43628
43717
43629
43718
43630
43719
43631
43720
43632
43721
43633
43722
43634
43723
43635
43724
43636
43725
43637
43726
43638
43727
43639
43728
43640
43729
43641
43730
43642
43731
43643
43732
43644
43733
43645
43734
43646
43735
43647
43736
43648
43737
43649
43738
43739
43651
43740
43652
43741
43653
43742
43654
43743
43655
43744
43656
43745
43657
43746
43658
43747
43659
43748
43660
43749
43661
43750
43662
43751
43663
43752
43664
43753
43665
43754
43666
43755
43667
43756
43668
43757
43669
43758
43670
43759
43671
43760
43672
43761
43673
43762
43674
43763
43675
43764
43676
43765
43677
43766
43678
43767
43679
43768
43680
43769
43681
43770
43682
43771
43683
43772
43684
43773
43685
43774
43686
43775
43687
43776
43688
43777
43689
43778
43690
43779
43691
43780
43692
43781
43693
43782
43694
43783
43695
43784
43696
43785
43697
43786
43698
43787
43699
43788
43700
43789
43701
43790
43702
43791
43703
43792
43704
43793
43705
43794
43706
43795
43707
43796
43708
43797
43709
43798
43710
43799
43711
43800
43712
43801
43713
43802
43714
43803
43715
43804
43716
43805
43717
43806
43718
43807
43719
43808
43720
43809
43721
43810
43722
43811
43723
43812
43724
43813
43725
43814
43726
43815
43727
43816
43728
43817
43729
43818
43730
43819
43731
43820
43732
43821
43733
43822
43734
43823
43735
43824
43736
43825
43737
43826
43738
43827
43739
43828
43829
43741
43830
43742
43831
43743
43832
43744
43833
43745
43834
43746
43835
43747
43836
43748
43837
43749
43838
43750
43839
43751
43840
43752
43841
43753
43842
43754
43843
43755
43844
43756
43845
43757
43846
43758
43847
43759
43848
43760
43849
43761
43850
43762
43851
43763
43852
43764
43853
43765
43854
43766
43855
43767
43856
43768
43857
43769
43858
43770
43859
43771
43860
43772
43861
43773
43862
43774
43863
43775
43864
43776
43865
43777
43866
43778
43867
43779
43868
43780
43869
43781
43870
43782
43871
43783
43872
43784
43873
43785
43874
43786
43875
43787
43876
43788
43877
43789
43878
43790
43879
43791
43880
43792
43881
43793
43882
43794
43883
43795
43884
43796
43885
43797
43886
43798
43887
43799
43888
43800
43889
43801
43890
43802
43891
43803
43892
43804
43893
43805
43894
43806
43895
43807
43896
43808
43897
43809
43898
43810
43899
43811
43900
43812
43901
43813
43902
43814
43903
43815
43904
43816
43905
43817
43906
43818
43907
43819
43908
43820
43909
43821
43910
43822
43911
43823
43912
43824
43913
43825
43914
43826
43915
43827
43916
43828
43917
43829
43918
43919
43831
43920
43832
43921
43833
43922
43834
43923
43835
43924
43836
43925
43837
43926
43838
43927
43839
43928
43840
43929
43841
43930
43842
43931
43843
43932
43844
43933
43845
43934
43846
43935
43847
43936
43848
43937
43849
43938
43850
43939
43851
43940
43852
43941
43853
43942
43854
43943
43855
43944
43856
43945
43857
43946
43858
43947
43859
43948
43860
43949
43861
43950
43862
43951
43863
43952
43864
43953
43865
43954
43866
43955
43867
43956
43868
43957
43869
43958
43870
43959
43871
43960
43872
43961
43873
43962
43874
43963
43875
43964
43876
43965
43877
43966
43878
43967
43879
43968
43880
43969
43881
43970
43882
43971
43883
43972
43884
43973
43885
43974
43886
43975
43887
43976
43888
43977
43889
43978
43890
43979
43891
43980
43892
43981
43893
43982
43894
43983
43895
43984
43896
43985
43897
43986
43898
43987
43899
43988
43900
43989
43901
43990
43902
43991
43903
43992
43904
43993
43905
43994
43906
43995
43907
43996
43908
43997
43909
43998
43910
43999
43911
44000
43912
44001
43913
44002
43914
44003
43915
44004
43916
44005
43917
44006
43918
44007
43919
44008
44009
43921
44010
43922
44011
43923
44012
43924
44013
43925
44014
43926
44015
43927
44016
43928
44017
43929
44018
43930
44019
43931
44020
43932
44021
43933
44022
43934
44023
43935
44024
43936
44025
43937
44026
43938
44027
43939
44028
43940
44029
43941
44030
43942
44031
43943
44032
43944
44033
43945
44034
43946
44035
43947
44036
43948
44037
43949
44038
43950
44039
43951
44040
43952
44041
43953
44042
43954
44043
43955
44044
43956
44045
43957
44046
43958
44047
43959
44048
43960
44049
43961
44050
43962
44051
43963
44052
43964
44053
43965
44054
43966
44055
43967
44056
43968
44057
43969
44058
43970
44059
43971
44060
43972
44061
43973
44062
43974
44063
43975
44064
43976
44065
43977
44066
43978
44067
43979
44068
43980
44069
43981
44070
43982
44071
43983
44072
43984
44073
43985
44074
43986
44075
43987
44076
43988
44077
43989
44078
43990
44079
43991
44080
43992
44081
43993
44082
43994
44083
43995
44084
43996
44085
43997
44086
43998
44087
43999
44088
44000
44089
44001
44090
44002
44091
44003
44092
44004
44093
44005
44094
44006
44095
44007
44096
44008
44097
44009
44098
44099
44011
44100
44012
44101
44013
44102
44014
44103
44015
44104
44016
44105
44017
44106
44018
44107
44019
44108
44020
44109
44021
44110
44022
44111
44023
44112
44024
44113
44025
44114
44026
44115
44027
44116
44028
44117
44029
44118
44030
44119
44031
44120
44032
44121
44033
44122
44034
44123
44035
44124
44036
44125
44037
44126
44038
44127
44039
44128
44040
44129
44041
44130
44042
44131
44043
44132
44044
44133
44045
44134
44046
44135
44047
44136
44048
44137
44049
44138
44050
44139
44051
44140
44052
44141
44053
44142
44054
44143
44055
44144
44056
44145
44057
44146
44058
44147
44059
44148
44060
44149
44061
44150
44062
44151
44063
44152
44064
44153
44065
44154
44066
44155
44067
44156
44068
44157
44069
44158
44070
44159
44071
44160
44072
44161
44073
44162
44074
44163
44075
44164
44076
44165
44077
44166
44078
44167
44079
44168
44080
44169
44081
44170
44082
44171
44083
44172
44084
44173
44085
44174
44086
44175
44087
44176
44088
44177
44089
44178
44090
44179
44091
44180
44092
44181
44093
44182
44094
44183
44095
44184
44096
44185
44097
44186
44098
44187
44099
44188
44189
44101
44190
44102
44191
44103
44192
44104
44193
44105
44194
44106
44195
44107
44196
44108
44197
44109
44198
44110
44199
44111
44200
44112
44201
44113
44202
44114
44203
44115
44204
44116
44205
44117
44206
44118
44207
44119
44208
44120
44209
44121
44210
44122
44211
44123
44212
44124
44213
44125
44214
44126
44215
44127
44216
44128
44217
44129
44218
44130
44219
44131
44220
44132
44221
44133
44222
44134
44223
44135
44224
44136
44225
44137
44226
44138
44227
44139
44228
44140
44229
44141
44230
44142
44231
44143
44232
44144
44233
44145
44234
44146
44235
44147
44236
44148
44237
44149
44238
44150
44239
44151
44240
44152
44241
44153
44242
44154
44243
44155
44244
44156
44245
44157
44246
44158
44247
44159
44248
44160
44249
44161
44250
44162
44251
44163
44252
44164
44253
44165
44254
44166
44255
44167
44256
44168
44257
44169
44258
44170
44259
44171
44260
44172
44261
44173
44262
44174
44263
44175
44264
44176
44265
44177
44266
44178
44267
44179
44268
44180
44269
44181
44270
44182
44271
44183
44272
44184
44273
44185
44274
44186
44275
44187
44276
44188
44277
44189
44278
44279
44191
44280
44192
44281
44193
44282
44194
44283
44195
44284
44196
44285
44197
44286
44198
44287
44199
44288
44200
44289
44201
44290
44202
44291
44203
44292
44204
44293
44205
44294
44206
44295
44207
44296
44208
44297
44209
44298
44210
44299
44211
44300
44212
44301
44213
44302
44214
44303
44215
44304
44216
44305
44217
44306
44218
44307
44219
44308
44220
44309
44221
44310
44222
44311
44223
44312
44224
44313
44225
44314
44226
44315
44227
44316
44228
44317
44229
44318
44230
44319
44231
44320
44232
44321
44233
44322
44234
44323
44235
44324
44236
44325
44237
44326
44238
44327
44239
44328
44240
44329
44241
44330
44242
44331
44243
44332
44244
44333
44245
44334
44246
44335
44247
44336
44248
44337
44249
44338
44250
44339
44251
44340
44252
44341
44253
44342
44254
44343
44255
44344
44256
44345
44257
44346
44258
44347
44259
44348
44260
44349
44261
44350
44262
44351
44263
44352
44264
44353
44265
44354
44266
44355
44267
44356
44268
44357
44269
44358
44270
44359
44271
44360
44272
44361
44273
44362
44274
44363
44275
44364
44276
44365
44277
44366
44278
44367
44279
44368
44369
44281
44370
44282
44371
44283
44372
44284
44373
44285
44374
44286
44375
44287
44376
44288
44377
44289
44378
44290
44379
44291
44380
44292
44381
44293
44382
44294
44383
44295
44384
44296
44385
44297
44386
44298
44387
44299
44388
44300
44389
44301
44390
44302
44391
44303
44392
44304
44393
44305
44394
44306
44395
44307
44396
44308
44397
44309
44398
44310
44399
44311
44400
44312
44401
44313
44402
44314
44403
44315
44404
44316
44405
44317
44406
44318
44407
44319
44408
44320
44409
44321
44410
44322
44411
44323
44412
44324
44413
44325
44414
44326
44415
44327
44416
44328
44417
44329
44418
44330
44419
44331
44420
44332
44421
44333
44422
44334
44423
44335
44424
44336
44425
44337
44426
44338
44427
44339
44428
44340
44429
44341
44430
44342
44431
44343
44432
44344
44433
44345
44434
44346
44435
44347
44436
44348
44437
44349
44438
44350
44439
44351
44440
44352
44441
44353
44442
44354
44443
44355
44444
44356
44445
44357
44446
44358
44447
44359
44448
44360
44449
44361
44450
44362
44451
44363
44452
44364
44453
44365
44454
44366
44455
44367
44456
44368
44457
44369
44458
44459
44371
44460
44372
44461
44373
44462
44374
44463
44375
44464
44376
44465
44377
44466
44378
44467
44379
44468
44380
44469
44381
44470
44382
44471
44383
44472
44384
44473
44385
44474
44386
44475
44387
44476
44388
44477
44389
44478
44390
44479
44391
44480
44392
44481
44393
44482
44394
44483
44395
44484
44396
44485
44397
44486
44398
44487
44399
44488
44400
44489
44401
44490
44402
44491
44403
44492
44404
44493
44405
44494
44406
44495
44407
44496
44408
44497
44409
44498
44410
44499
44411
44500
44412
44501
44413
44502
44414
44503
44415
44504
44416
44505
44417
44506
44418
44507
44419
44508
44420
44509
44421
44510
44422
44511
44423
44512
44424
44513
44425
44514
44426
44515
44427
44516
44428
44517
44429
44518
44430
44519
44431
44520
44432
44521
44433
44522
44434
44523
44435
44524
44436
44525
44437
44526
44438
44527
44439
44528
44440
44529
44441
44530
44442
44531
44443
44532
44444
44533
44445
44534
44446
44535
44447
44536
44448
44537
44449
44538
44450
44539
44451
44540
44452
44541
44453
44542
44454
44543
44455
44544
44456
44545
44457
44546
44458
44547
44459
44548
44549
44461
44550
44462
44551
44463
44552
44464
44553
44465
44554
44466
44555
44467
44556
44468
44557
44469
44558
44470
44559
44471
44560
44472
44561
44473
44562
44474
44563
44475
44564
44476
44565
44477
44566
44478
44567
44479
44568
44480
44569
44481
44570
44482
44571
44483
44572
44484
44573
44485
44574
44486
44575
44487
44576
44488
44577
44489
44578
44490
44579
44491
44580
44492
44581
44493
44582
44494
44583
44495
44584
44496
44585
44497
44586
44498
44587
44499
44588
44500
44589
44501
44590
44502
44591
44503
44592
44504
44593
44505
44594
44506
44595
44507
44596
44508
44597
44509
44598
44510
44599
44511
44600
44512
44601
44513
44602
44514
44603
44515
44604
44516
44605
44517
44606
44518
44607
44519
44608
44520
44609
44521
44610
44522
44611
44523
44612
44524
44613
44525
44614
44526
44615
44527
44616
44528
44617
44529
44618
44530
44619
44531
44620
44532
44621
44533
44622
44534
44623
44535
44624
44536
44625
44537
44626
44538
44627
44539
44628
44540
44629
44541
44630
44542
44631
44543
44632
44544
44633
44545
44634
44546
44635
44547
44636
44548
44637
44549
44638
44639
44551
44640
44552
44641
44553
44642
44554
44643
44555
44644
44556
44645
44557
44646
44558
44647
44559
44648
44560
44649
44561
44650
44562
44651
44563
44652
44564
44653
44565
44654
44566
44655
44567
44656
44568
44657
44569
44658
44570
44659
44571
44660
44572
44661
44573
44662
44574
44663
44575
44664
44576
44665
44577
44666
44578
44667
44579
44668
44580
44669
44581
44670
44582
44671
44583
44672
44584
44673
44585
44674
44586
44675
44587
44676
44588
44677
44589
44678
44590
44679
44591
44680
44592
44681
44593
44682
44594
44683
44595
44684
44596
44685
44597
44686
44598
44687
44599
44688
44600
44689
44601
44690
44602
44691
44603
44692
44604
44693
44605
44694
44606
44695
44607
44696
44608
44697
44609
44698
44610
44699
44611
44700
44612
44701
44613
44702
44614
44703
44615
44704
44616
44705
44617
44706
44618
44707
44619
44708
44620
44709
44621
44710
44622
44711
44623
44712
44624
44713
44625
44714
44626
44715
44627
44716
44628
44717
44629
44718
44630
44719
44631
44720
44632
44721
44633
44722
44634
44723
44635
44724
44636
44725
44637
44726
44638
44727
44639
44728
44729
44641
44730
44642
44731
44643
44732
44644
44733
44645
44734
44646
44735
44647
44736
44648
44737
44649
44738
44650
44739
44651
44740
44652
44741
44653
44742
44654
44743
44655
44744
44656
44745
44657
44746
44658
44747
44659
44748
44660
44749
44661
44750
44662
44751
44663
44752
44664
44753
44665
44754
44666
44755
44667
44756
44668
44757
44669
44758
44670
44759
44671
44760
44672
44761
44673
44762
44674
44763
44675
44764
44676
44765
44677
44766
44678
44767
44679
44768
44680
44769
44681
44770
44682
44771
44683
44772
44684
44773
44685
44774
44686
44775
44687
44776
44688
44777
44689
44778
44690
44779
44691
44780
44692
44781
44693
44782
44694
44783
44695
44784
44696
44785
44697
44786
44698
44787
44699
44788
44700
44789
44701
44790
44702
44791
44703
44792
44704
44793
44705
44794
44706
44795
44707
44796
44708
44797
44709
44798
44710
44799
44711
44800
44712
44801
44713
44802
44714
44803
44715
44804
44716
44805
44717
44806
44718
44807
44719
44808
44720
44809
44721
44810
44722
44811
44723
44812
44724
44813
44725
44814
44726
44815
44727
44816
44728
44817
44729
44818
44819
44731
44820
44732
44821
44733
44822
44734
44823
44735
44824
44736
44825
44737
44826
44738
44827
44739
44828
44740
44829
44741
44830
44742
44831
44743
44832
44744
44833
44745
44834
44746
44835
44747
44836
44748
44837
44749
44838
44750
44839
44751
44840
44752
44841
44753
44842
44754
44843
44755
44844
44756
44845
44757
44846
44758
44847
44759
44848
44760
44849
44761
44850
44762
44851
44763
44852
44764
44853
44765
44854
44766
44855
44767
44856
44768
44857
44769
44858
44770
44859
44771
44860
44772
44861
44773
44862
44774
44863
44775
44864
44776
44865
44777
44866
44778
44867
44779
44868
44780
44869
44781
44870
44782
44871
44783
44872
44784
44873
44785
44874
44786
44875
44787
44876
44788
44877
44789
44878
44790
44879
44791
44880
44792
44881
44793
44882
44794
44883
44795
44884
44796
44885
44797
44886
44798
44887
44799
44888
44800
44889
44801
44890
44802
44891
44803
44892
44804
44893
44805
44894
44806
44895
44807
44896
44808
44897
44809
44898
44810
44899
44811
44900
44812
44901
44813
44902
44814
44903
44815
44904
44816
44905
44817
44906
44818
44907
44819
44908
44909
44821
44910
44822
44911
44823
44912
44824
44913
44825
44914
44826
44915
44827
44916
44828
44917
44829
44918
44830
44919
44831
44920
44832
44921
44833
44922
44834
44923
44835
44924
44836
44925
44837
44926
44838
44927
44839
44928
44840
44929
44841
44930
44842
44931
44843
44932
44844
44933
44845
44934
44846
44935
44847
44936
44848
44937
44849
44938
44850
44939
44851
44940
44852
44941
44853
44942
44854
44943
44855
44944
44856
44945
44857
44946
44858
44947
44859
44948
44860
44949
44861
44950
44862
44951
44863
44952
44864
44953
44865
44954
44866
44955
44867
44956
44868
44957
44869
44958
44870
44959
44871
44960
44872
44961
44873
44962
44874
44963
44875
44964
44876
44965
44877
44966
44878
44967
44879
44968
44880
44969
44881
44970
44882
44971
44883
44972
44884
44973
44885
44974
44886
44975
44887
44976
44888
44977
44889
44978
44890
44979
44891
44980
44892
44981
44893
44982
44894
44983
44895
44984
44896
44985
44897
44986
44898
44987
44899
44988
44900
44989
44901
44990
44902
44991
44903
44992
44904
44993
44905
44994
44906
44995
44907
44996
44908
44997
44909
44998
44999
44911
45000
44912
45001
44913
45002
44914
45003
44915
45004
44916
45005
44917
45006
44918
45007
44919
45008
44920
45009
44921
45010
44922
45011
44923
45012
44924
45013
44925
45014
44926
45015
44927
45016
44928
45017
44929
45018
44930
45019
44931
45020
44932
45021
44933
45022
44934
45023
44935
45024
44936
45025
44937
45026
44938
45027
44939
45028
44940
45029
44941
45030
44942
45031
44943
45032
44944
45033
44945
45034
44946
45035
44947
45036
44948
45037
44949
45038
44950
45039
44951
45040
44952
45041
44953
45042
44954
45043
44955
45044
44956
45045
44957
45046
44958
45047
44959
45048
44960
45049
44961
45050
44962
45051
44963
45052
44964
45053
44965
45054
44966
45055
44967
45056
44968
45057
44969
45058
44970
45059
44971
45060
44972
45061
44973
45062
44974
45063
44975
45064
44976
45065
44977
45066
44978
45067
44979
45068
44980
45069
44981
45070
44982
45071
44983
45072
44984
45073
44985
45074
44986
45075
44987
45076
44988
45077
44989
45078
44990
45079
44991
45080
44992
45081
44993
45082
44994
45083
44995
45084
44996
45085
44997
45086
44998
45087
44999
45088
45089
45001
45090
45002
45091
45003
45092
45004
45093
45005
45094
45006
45095
45007
45096
45008
45097
45009
45098
45010
45099
45011
45100
45012
45101
45013
45102
45014
45103
45015
45104
45016
45105
45017
45106
45018
45107
45019
45108
45020
45109
45021
45110
45022
45111
45023
45112
45024
45113
45025
45114
45026
45115
45027
45116
45028
45117
45029
45118
45030
45119
45031
45120
45032
45121
45033
45122
45034
45123
45035
45124
45036
45125
45037
45126
45038
45127
45039
45128
45040
45129
45041
45130
45042
45131
45043
45132
45044
45133
45045
45134
45046
45135
45047
45136
45048
45137
45049
45138
45050
45139
45051
45140
45052
45141
45053
45142
45054
45143
45055
45144
45056
45145
45057
45146
45058
45147
45059
45148
45060
45149
45061
45150
45062
45151
45063
45152
45064
45153
45065
45154
45066
45155
45067
45156
45068
45157
45069
45158
45070
45159
45071
45160
45072
45161
45073
45162
45074
45163
45075
45164
45076
45165
45077
45166
45078
45167
45079
45168
45080
45169
45081
45170
45082
45171
45083
45172
45084
45173
45085
45174
45086
45175
45087
45176
45088
45177
45089
45178
45179
45091
45180
45092
45181
45093
45182
45094
45183
45095
45184
45096
45185
45097
45186
45098
45187
45099
45188
45100
45189
45101
45190
45102
45191
45103
45192
45104
45193
45105
45194
45106
45195
45107
45196
45108
45197
45109
45198
45110
45199
45111
45200
45112
45201
45113
45202
45114
45203
45115
45204
45116
45205
45117
45206
45118
45207
45119
45208
45120
45209
45121
45210
45122
45211
45123
45212
45124
45213
45125
45214
45126
45215
45127
45216
45128
45217
45129
45218
45130
45219
45131
45220
45132
45221
45133
45222
45134
45223
45135
45224
45136
45225
45137
45226
45138
45227
45139
45228
45140
45229
45141
45230
45142
45231
45143
45232
45144
45233
45145
45234
45146
45235
45147
45236
45148
45237
45149
45238
45150
45239
45151
45240
45152
45241
45153
45242
45154
45243
45155
45244
45156
45245
45157
45246
45158
45247
45159
45248
45160
45249
45161
45250
45162
45251
45163
45252
45164
45253
45165
45254
45166
45255
45167
45256
45168
45257
45169
45258
45170
45259
45171
45260
45172
45261
45173
45262
45174
45263
45175
45264
45176
45265
45177
45266
45178
45267
45179
45268
45269
45181
45270
45182
45271
45183
45272
45184
45273
45185
45274
45186
45275
45187
45276
45188
45277
45189
45278
45190
45279
45191
45280
45192
45281
45193
45282
45194
45283
45195
45284
45196
45285
45197
45286
45198
45287
45199
45288
45200
45289
45201
45290
45202
45291
45203
45292
45204
45293
45205
45294
45206
45295
45207
45296
45208
45297
45209
45298
45210
45299
45211
45300
45212
45301
45213
45302
45214
45303
45215
45304
45216
45305
45217
45306
45218
45307
45219
45308
45220
45309
45221
45310
45222
45311
45223
45312
45224
45313
45225
45314
45226
45315
45227
45316
45228
45317
45229
45318
45230
45319
45231
45320
45232
45321
45233
45322
45234
45323
45235
45324
45236
45325
45237
45326
45238
45327
45239
45328
45240
45329
45241
45330
45242
45331
45243
45332
45244
45333
45245
45334
45246
45335
45247
45336
45248
45337
45249
45338
45250
45339
45251
45340
45252
45341
45253
45342
45254
45343
45255
45344
45256
45345
45257
45346
45258
45347
45259
45348
45260
45349
45261
45350
45262
45351
45263
45352
45264
45353
45265
45354
45266
45355
45267
45356
45268
45357
45269
45358
45359
45271
45360
45272
45361
45273
45362
45274
45363
45275
45364
45276
45365
45277
45366
45278
45367
45279
45368
45280
45369
45281
45370
45282
45371
45283
45372
45284
45373
45285
45374
45286
45375
45287
45376
45288
45377
45289
45378
45290
45379
45291
45380
45292
45381
45293
45382
45294
45383
45295
45384
45296
45385
45297
45386
45298
45387
45299
45388
45300
45389
45301
45390
45302
45391
45303
45392
45304
45393
45305
45394
45306
45395
45307
45396
45308
45397
45309
45398
45310
45399
45311
45400
45312
45401
45313
45402
45314
45403
45315
45404
45316
45405
45317
45406
45318
45407
45319
45408
45320
45409
45321
45410
45322
45411
45323
45412
45324
45413
45325
45414
45326
45415
45327
45416
45328
45417
45329
45418
45330
45419
45331
45420
45332
45421
45333
45422
45334
45423
45335
45424
45336
45425
45337
45426
45338
45427
45339
45428
45340
45429
45341
45430
45342
45431
45343
45432
45344
45433
45345
45434
45346
45435
45347
45436
45348
45437
45349
45438
45350
45439
45351
45440
45352
45441
45353
45442
45354
45443
45355
45444
45356
45445
45357
45446
45358
45447
45359
45448
45449
45361
45450
45362
45451
45363
45452
45364
45453
45365
45454
45366
45455
45367
45456
45368
45457
45369
45458
45370
45459
45371
45460
45372
45461
45373
45462
45374
45463
45375
45464
45376
45465
45377
45466
45378
45467
45379
45468
45380
45469
45381
45470
45382
45471
45383
45472
45384
45473
45385
45474
45386
45475
45387
45476
45388
45477
45389
45478
45390
45479
45391
45480
45392
45481
45393
45482
45394
45483
45395
45484
45396
45485
45397
45486
45398
45487
45399
45488
45400
45489
45401
45490
45402
45491
45403
45492
45404
45493
45405
45494
45406
45495
45407
45496
45408
45497
45409
45498
45410
45499
45411
45500
45412
45501
45413
45502
45414
45503
45415
45504
45416
45505
45417
45506
45418
45507
45419
45508
45420
45509
45421
45510
45422
45511
45423
45512
45424
45513
45425
45514
45426
45515
45427
45516
45428
45517
45429
45518
45430
45519
45431
45520
45432
45521
45433
45522
45434
45523
45435
45524
45436
45525
45437
45526
45438
45527
45439
45528
45440
45529
45441
45530
45442
45531
45443
45532
45444
45533
45445
45534
45446
45535
45447
45536
45448
45537
45449
45538
45539
45451
45540
45452
45541
45453
45542
45454
45543
45455
45544
45456
45545
45457
45546
45458
45547
45459
45548
45460
45549
45461
45550
45462
45551
45463
45552
45464
45553
45465
45554
45466
45555
45467
45556
45468
45557
45469
45558
45470
45559
45471
45560
45472
45561
45473
45562
45474
45563
45475
45564
45476
45565
45477
45566
45478
45567
45479
45568
45480
45569
45481
45570
45482
45571
45483
45572
45484
45573
45485
45574
45486
45575
45487
45576
45488
45577
45489
45578
45490
45579
45491
45580
45492
45581
45493
45582
45494
45583
45495
45584
45496
45585
45497
45586
45498
45587
45499
45588
45500
45589
45501
45590
45502
45591
45503
45592
45504
45593
45505
45594
45506
45595
45507
45596
45508
45597
45509
45598
45510
45599
45511
45600
45512
45601
45513
45602
45514
45603
45515
45604
45516
45605
45517
45606
45518
45607
45519
45608
45520
45609
45521
45610
45522
45611
45523
45612
45524
45613
45525
45614
45526
45615
45527
45616
45528
45617
45529
45618
45530
45619
45531
45620
45532
45621
45533
45622
45534
45623
45535
45624
45536
45625
45537
45626
45538
45627
45539
45628
45629
45541
45630
45542
45631
45543
45632
45544
45633
45545
45634
45546
45635
45547
45636
45548
45637
45549
45638
45550
45639
45551
45640
45552
45641
45553
45642
45554
45643
45555
45644
45556
45645
45557
45646
45558
45647
45559
45648
45560
45649
45561
45650
45562
45651
45563
45652
45564
45653
45565
45654
45566
45655
45567
45656
45568
45657
45569
45658
45570
45659
45571
45660
45572
45661
45573
45662
45574
45663
45575
45664
45576
45665
45577
45666
45578
45667
45579
45668
45580
45669
45581
45670
45582
45671
45583
45672
45584
45673
45585
45674
45586
45675
45587
45676
45588
45677
45589
45678
45590
45679
45591
45680
45592
45681
45593
45682
45594
45683
45595
45684
45596
45685
45597
45686
45598
45687
45599
45688
45600
45689
45601
45690
45602
45691
45603
45692
45604
45693
45605
45694
45606
45695
45607
45696
45608
45697
45609
45698
45610
45699
45611
45700
45612
45701
45613
45702
45614
45703
45615
45704
45616
45705
45617
45706
45618
45707
45619
45708
45620
45709
45621
45710
45622
45711
45623
45712
45624
45713
45625
45714
45626
45715
45627
45716
45628
45717
45629
45718
45719
45631
45720
45632
45721
45633
45722
45634
45723
45635
45724
45636
45725
45637
45726
45638
45727
45639
45728
45640
45729
45641
45730
45642
45731
45643
45732
45644
45733
45645
45734
45646
45735
45647
45736
45648
45737
45649
45738
45650
45739
45651
45740
45652
45741
45653
45742
45654
45743
45655
45744
45656
45745
45657
45746
45658
45747
45659
45748
45660
45749
45661
45750
45662
45751
45663
45752
45664
45753
45665
45754
45666
45755
45667
45756
45668
45757
45669
45758
45670
45759
45671
45760
45672
45761
45673
45762
45674
45763
45675
45764
45676
45765
45677
45766
45678
45767
45679
45768
45680
45769
45681
45770
45682
45771
45683
45772
45684
45773
45685
45774
45686
45775
45687
45776
45688
45777
45689
45778
45690
45779
45691
45780
45692
45781
45693
45782
45694
45783
45695
45784
45696
45785
45697
45786
45698
45787
45699
45788
45700
45789
45701
45790
45702
45791
45703
45792
45704
45793
45705
45794
45706
45795
45707
45796
45708
45797
45709
45798
45710
45799
45711
45800
45712
45801
45713
45802
45714
45803
45715
45804
45716
45805
45717
45806
45718
45807
45719
45808
45809
45721
45810
45722
45811
45723
45812
45724
45813
45725
45814
45726
45815
45727
45816
45728
45817
45729
45818
45730
45819
45731
45820
45732
45821
45733
45822
45734
45823
45735
45824
45736
45825
45737
45826
45738
45827
45739
45828
45740
45829
45741
45830
45742
45831
45743
45832
45744
45833
45745
45834
45746
45835
45747
45836
45748
45837
45749
45838
45750
45839
45751
45840
45752
45841
45753
45842
45754
45843
45755
45844
45756
45845
45757
45846
45758
45847
45759
45848
45760
45849
45761
45850
45762
45851
45763
45852
45764
45853
45765
45854
45766
45855
45767
45856
45768
45857
45769
45858
45770
45859
45771
45860
45772
45861
45773
45862
45774
45863
45775
45864
45776
45865
45777
45866
45778
45867
45779
45868
45780
45869
45781
45870
45782
45871
45783
45872
45784
45873
45785
45874
45786
45875
45787
45876
45788
45877
45789
45878
45790
45879
45791
45880
45792
45881
45793
45882
45794
45883
45795
45884
45796
45885
45797
45886
45798
45887
45799
45888
45800
45889
45801
45890
45802
45891
45803
45892
45804
45893
45805
45894
45806
45895
45807
45896
45808
45897
45809
45898
45899
45811
45900
45812
45901
45813
45902
45814
45903
45815
45904
45816
45905
45817
45906
45818
45907
45819
45908
45820
45909
45821
45910
45822
45911
45823
45912
45824
45913
45825
45914
45826
45915
45827
45916
45828
45917
45829
45918
45830
45919
45831
45920
45832
45921
45833
45922
45834
45923
45835
45924
45836
45925
45837
45926
45838
45927
45839
45928
45840
45929
45841
45930
45842
45931
45843
45932
45844
45933
45845
45934
45846
45935
45847
45936
45848
45937
45849
45938
45850
45939
45851
45940
45852
45941
45853
45942
45854
45943
45855
45944
45856
45945
45857
45946
45858
45947
45859
45948
45860
45949
45861
45950
45862
45951
45863
45952
45864
45953
45865
45954
45866
45955
45867
45956
45868
45957
45869
45958
45870
45959
45871
45960
45872
45961
45873
45962
45874
45963
45875
45964
45876
45965
45877
45966
45878
45967
45879
45968
45880
45969
45881
45970
45882
45971
45883
45972
45884
45973
45885
45974
45886
45975
45887
45976
45888
45977
45889
45978
45890
45979
45891
45980
45892
45981
45893
45982
45894
45983
45895
45984
45896
45985
45897
45986
45898
45987
45899
45988
45989
45901
45990
45902
45991
45903
45992
45904
45993
45905
45994
45906
45995
45907
45996
45908
45997
45909
45998
45910
45999
45911
46000
45912
46001
45913
46002
45914
46003
45915
46004
45916
46005
45917
46006
45918
46007
45919
46008
45920
46009
45921
46010
45922
46011
45923
46012
45924
46013
45925
46014
45926
46015
45927
46016
45928
46017
45929
46018
45930
46019
45931
46020
45932
46021
45933
46022
45934
46023
45935
46024
45936
46025
45937
46026
45938
46027
45939
46028
45940
46029
45941
46030
45942
46031
45943
46032
45944
46033
45945
46034
45946
46035
45947
46036
45948
46037
45949
46038
45950
46039
45951
46040
45952
46041
45953
46042
45954
46043
45955
46044
45956
46045
45957
46046
45958
46047
45959
46048
45960
46049
45961
46050
45962
46051
45963
46052
45964
46053
45965
46054
45966
46055
45967
46056
45968
46057
45969
46058
45970
46059
45971
46060
45972
46061
45973
46062
45974
46063
45975
46064
45976
46065
45977
46066
45978
46067
45979
46068
45980
46069
45981
46070
45982
46071
45983
46072
45984
46073
45985
46074
45986
46075
45987
46076
45988
46077
45989
46078
46079
45991
46080
45992
46081
45993
46082
45994
46083
45995
46084
45996
46085
45997
46086
45998
46087
45999
46088
46000
46089
46001
46090
46002
46091
46003
46092
46004
46093
46005
46094
46006
46095
46007
46096
46008
46097
46009
46098
46010
46099
46011
46100
46012
46101
46013
46102
46014
46103
46015
46104
46016
46105
46017
46106
46018
46107
46019
46108
46020
46109
46021
46110
46022
46111
46023
46112
46024
46113
46025
46114
46026
46115
46027
46116
46028
46117
46029
46118
46030
46119
46031
46120
46032
46121
46033
46122
46034
46123
46035
46124
46036
46125
46037
46126
46038
46127
46039
46128
46040
46129
46041
46130
46042
46131
46043
46132
46044
46133
46045
46134
46046
46135
46047
46136
46048
46137
46049
46138
46050
46139
46051
46140
46052
46141
46053
46142
46054
46143
46055
46144
46056
46145
46057
46146
46058
46147
46059
46148
46060
46149
46061
46150
46062
46151
46063
46152
46064
46153
46065
46154
46066
46155
46067
46156
46068
46157
46069
46158
46070
46159
46071
46160
46072
46161
46073
46162
46074
46163
46075
46164
46076
46165
46077
46166
46078
46167
46079
46168
46169
46081
46170
46082
46171
46083
46172
46084
46173
46085
46174
46086
46175
46087
46176
46088
46177
46089
46178
46090
46179
46091
46180
46092
46181
46093
46182
46094
46183
46095
46184
46096
46185
46097
46186
46098
46187
46099
46188
46100
46189
46101
46190
46102
46191
46103
46192
46104
46193
46105
46194
46106
46195
46107
46196
46108
46197
46109
46198
46110
46199
46111
46200
46112
46201
46113
46202
46114
46203
46115
46204
46116
46205
46117
46206
46118
46207
46119
46208
46120
46209
46121
46210
46122
46211
46123
46212
46124
46213
46125
46214
46126
46215
46127
46216
46128
46217
46129
46218
46130
46219
46131
46220
46132
46221
46133
46222
46134
46223
46135
46224
46136
46225
46137
46226
46138
46227
46139
46228
46140
46229
46141
46230
46142
46231
46143
46232
46144
46233
46145
46234
46146
46235
46147
46236
46148
46237
46149
46238
46150
46239
46151
46240
46152
46241
46153
46242
46154
46243
46155
46244
46156
46245
46157
46246
46158
46247
46159
46248
46160
46249
46161
46250
46162
46251
46163
46252
46164
46253
46165
46254
46166
46255
46167
46256
46168
46257
46169
46258
46259
46171
46260
46172
46261
46173
46262
46174
46263
46175
46264
46176
46265
46177
46266
46178
46267
46179
46268
46180
46269
46181
46270
46182
46271
46183
46272
46184
46273
46185
46274
46186
46275
46187
46276
46188
46277
46189
46278
46190
46279
46191
46280
46192
46281
46193
46282
46194
46283
46195
46284
46196
46285
46197
46286
46198
46287
46199
46288
46200
46289
46201
46290
46202
46291
46203
46292
46204
46293
46205
46294
46206
46295
46207
46296
46208
46297
46209
46298
46210
46299
46211
46300
46212
46301
46213
46302
46214
46303
46215
46304
46216
46305
46217
46306
46218
46307
46219
46308
46220
46309
46221
46310
46222
46311
46223
46312
46224
46313
46225
46314
46226
46315
46227
46316
46228
46317
46229
46318
46230
46319
46231
46320
46232
46321
46233
46322
46234
46323
46235
46324
46236
46325
46237
46326
46238
46327
46239
46328
46240
46329
46241
46330
46242
46331
46243
46332
46244
46333
46245
46334
46246
46335
46247
46336
46248
46337
46249
46338
46250
46339
46251
46340
46252
46341
46253
46342
46254
46343
46255
46344
46256
46345
46257
46346
46258
46347
46259
46348
46349
46261
46350
46262
46351
46263
46352
46264
46353
46265
46354
46266
46355
46267
46356
46268
46357
46269
46358
46270
46359
46271
46360
46272
46361
46273
46362
46274
46363
46275
46364
46276
46365
46277
46366
46278
46367
46279
46368
46280
46369
46281
46370
46282
46371
46283
46372
46284
46373
46285
46374
46286
46375
46287
46376
46288
46377
46289
46378
46290
46379
46291
46380
46292
46381
46293
46382
46294
46383
46295
46384
46296
46385
46297
46386
46298
46387
46299
46388
46300
46389
46301
46390
46302
46391
46303
46392
46304
46393
46305
46394
46306
46395
46307
46396
46308
46397
46309
46398
46310
46399
46311
46400
46312
46401
46313
46402
46314
46403
46315
46404
46316
46405
46317
46406
46318
46407
46319
46408
46320
46409
46321
46410
46322
46411
46323
46412
46324
46413
46325
46414
46326
46415
46327
46416
46328
46417
46329
46418
46330
46419
46331
46420
46332
46421
46333
46422
46334
46423
46335
46424
46336
46425
46337
46426
46338
46427
46339
46428
46340
46429
46341
46430
46342
46431
46343
46432
46344
46433
46345
46434
46346
46435
46347
46436
46348
46437
46349
46438
46439
46351
46440
46352
46441
46353
46442
46354
46443
46355
46444
46356
46445
46357
46446
46358
46447
46359
46448
46360
46449
46361
46450
46362
46451
46363
46452
46364
46453
46365
46454
46366
46455
46367
46456
46368
46457
46369
46458
46370
46459
46371
46460
46372
46461
46373
46462
46374
46463
46375
46464
46376
46465
46377
46466
46378
46467
46379
46468
46380
46469
46381
46470
46382
46471
46383
46472
46384
46473
46385
46474
46386
46475
46387
46476
46388
46477
46389
46478
46390
46479
46391
46480
46392
46481
46393
46482
46394
46483
46395
46484
46396
46485
46397
46486
46398
46487
46399
46488
46400
46489
46401
46490
46402
46491
46403
46492
46404
46493
46405
46494
46406
46495
46407
46496
46408
46497
46409
46498
46410
46499
46411
46500
46412
46501
46413
46502
46414
46503
46415
46504
46416
46505
46417
46506
46418
46507
46419
46508
46420
46509
46421
46510
46422
46511
46423
46512
46424
46513
46425
46514
46426
46515
46427
46516
46428
46517
46429
46518
46430
46519
46431
46520
46432
46521
46433
46522
46434
46523
46435
46524
46436
46525
46437
46526
46438
46527
46439
46528
46529
46441
46530
46442
46531
46443
46532
46444
46533
46445
46534
46446
46535
46447
46536
46448
46537
46449
46538
46450
46539
46451
46540
46452
46541
46453
46542
46454
46543
46455
46544
46456
46545
46457
46546
46458
46547
46459
46548
46460
46549
46461
46550
46462
46551
46463
46552
46464
46553
46465
46554
46466
46555
46467
46556
46468
46557
46469
46558
46470
46559
46471
46560
46472
46561
46473
46562
46474
46563
46475
46564
46476
46565
46477
46566
46478
46567
46479
46568
46480
46569
46481
46570
46482
46571
46483
46572
46484
46573
46485
46574
46486
46575
46487
46576
46488
46577
46489
46578
46490
46579
46491
46580
46492
46581
46493
46582
46494
46583
46495
46584
46496
46585
46497
46586
46498
46587
46499
46588
46500
46589
46501
46590
46502
46591
46503
46592
46504
46593
46505
46594
46506
46595
46507
46596
46508
46597
46509
46598
46510
46599
46511
46600
46512
46601
46513
46602
46514
46603
46515
46604
46516
46605
46517
46606
46518
46607
46519
46608
46520
46609
46521
46610
46522
46611
46523
46612
46524
46613
46525
46614
46526
46615
46527
46616
46528
46617
46529
46618
46619
46531
46620
46532
46621
46533
46622
46534
46623
46535
46624
46536
46625
46537
46626
46538
46627
46539
46628
46540
46629
46541
46630
46542
46631
46543
46632
46544
46633
46545
46634
46546
46635
46547
46636
46548
46637
46549
46638
46550
46639
46551
46640
46552
46641
46553
46642
46554
46643
46555
46644
46556
46645
46557
46646
46558
46647
46559
46648
46560
46649
46561
46650
46562
46651
46563
46652
46564
46653
46565
46654
46566
46655
46567
46656
46568
46657
46569
46658
46570
46659
46571
46660
46572
46661
46573
46662
46574
46663
46575
46664
46576
46665
46577
46666
46578
46667
46579
46668
46580
46669
46581
46670
46582
46671
46583
46672
46584
46673
46585
46674
46586
46675
46587
46676
46588
46677
46589
46678
46590
46679
46591
46680
46592
46681
46593
46682
46594
46683
46595
46684
46596
46685
46597
46686
46598
46687
46599
46688
46600
46689
46601
46690
46602
46691
46603
46692
46604
46693
46605
46694
46606
46695
46607
46696
46608
46697
46609
46698
46610
46699
46611
46700
46612
46701
46613
46702
46614
46703
46615
46704
46616
46705
46617
46706
46618
46707
46619
46708
46709
46621
46710
46622
46711
46623
46712
46624
46713
46625
46714
46626
46715
46627
46716
46628
46717
46629
46718
46630
46719
46631
46720
46632
46721
46633
46722
46634
46723
46635
46724
46636
46725
46637
46726
46638
46727
46639
46728
46640
46729
46641
46730
46642
46731
46643
46732
46644
46733
46645
46734
46646
46735
46647
46736
46648
46737
46649
46738
46650
46739
46651
46740
46652
46741
46653
46742
46654
46743
46655
46744
46656
46745
46657
46746
46658
46747
46659
46748
46660
46749
46661
46750
46662
46751
46663
46752
46664
46753
46665
46754
46666
46755
46667
46756
46668
46757
46669
46758
46670
46759
46671
46760
46672
46761
46673
46762
46674
46763
46675
46764
46676
46765
46677
46766
46678
46767
46679
46768
46680
46769
46681
46770
46682
46771
46683
46772
46684
46773
46685
46774
46686
46775
46687
46776
46688
46777
46689
46778
46690
46779
46691
46780
46692
46781
46693
46782
46694
46783
46695
46784
46696
46785
46697
46786
46698
46787
46699
46788
46700
46789
46701
46790
46702
46791
46703
46792
46704
46793
46705
46794
46706
46795
46707
46796
46708
46797
46709
46798
46799
46711
46800
46712
46801
46713
46802
46714
46803
46715
46804
46716
46805
46717
46806
46718
46807
46719
46808
46720
46809
46721
46810
46722
46811
46723
46812
46724
46813
46725
46814
46726
46815
46727
46816
46728
46817
46729
46818
46730
46819
46731
46820
46732
46821
46733
46822
46734
46823
46735
46824
46736
46825
46737
46826
46738
46827
46739
46828
46740
46829
46741
46830
46742
46831
46743
46832
46744
46833
46745
46834
46746
46835
46747
46836
46748
46837
46749
46838
46750
46839
46751
46840
46752
46841
46753
46842
46754
46843
46755
46844
46756
46845
46757
46846
46758
46847
46759
46848
46760
46849
46761
46850
46762
46851
46763
46852
46764
46853
46765
46854
46766
46855
46767
46856
46768
46857
46769
46858
46770
46859
46771
46860
46772
46861
46773
46862
46774
46863
46775
46864
46776
46865
46777
46866
46778
46867
46779
46868
46780
46869
46781
46870
46782
46871
46783
46872
46784
46873
46785
46874
46786
46875
46787
46876
46788
46877
46789
46878
46790
46879
46791
46880
46792
46881
46793
46882
46794
46883
46795
46884
46796
46885
46797
46886
46798
46887
46799
46888
46889
46801
46890
46802
46891
46803
46892
46804
46893
46805
46894
46806
46895
46807
46896
46808
46897
46809
46898
46810
46899
46811
46900
46812
46901
46813
46902
46814
46903
46815
46904
46816
46905
46817
46906
46818
46907
46819
46908
46820
46909
46821
46910
46822
46911
46823
46912
46824
46913
46825
46914
46826
46915
46827
46916
46828
46917
46829
46918
46830
46919
46831
46920
46832
46921
46833
46922
46834
46923
46835
46924
46836
46925
46837
46926
46838
46927
46839
46928
46840
46929
46841
46930
46842
46931
46843
46932
46844
46933
46845
46934
46846
46935
46847
46936
46848
46937
46849
46938
46850
46939
46851
46940
46852
46941
46853
46942
46854
46943
46855
46944
46856
46945
46857
46946
46858
46947
46859
46948
46860
46949
46861
46950
46862
46951
46863
46952
46864
46953
46865
46954
46866
46955
46867
46956
46868
46957
46869
46958
46870
46959
46871
46960
46872
46961
46873
46962
46874
46963
46875
46964
46876
46965
46877
46966
46878
46967
46879
46968
46880
46969
46881
46970
46882
46971
46883
46972
46884
46973
46885
46974
46886
46975
46887
46976
46888
46977
46889
46978
46979
46891
46980
46892
46981
46893
46982
46894
46983
46895
46984
46896
46985
46897
46986
46898
46987
46899
46988
46900
46989
46901
46990
46902
46991
46903
46992
46904
46993
46905
46994
46906
46995
46907
46996
46908
46997
46909
46998
46910
46999
46911
47000
46912
47001
46913
47002
46914
47003
46915
47004
46916
47005
46917
47006
46918
47007
46919
47008
46920
47009
46921
47010
46922
47011
46923
47012
46924
47013
46925
47014
46926
47015
46927
47016
46928
47017
46929
47018
46930
47019
46931
47020
46932
47021
46933
47022
46934
47023
46935
47024
46936
47025
46937
47026
46938
47027
46939
47028
46940
47029
46941
47030
46942
47031
46943
47032
46944
47033
46945
47034
46946
47035
46947
47036
46948
47037
46949
47038
46950
47039
46951
47040
46952
47041
46953
47042
46954
47043
46955
47044
46956
47045
46957
47046
46958
47047
46959
47048
46960
47049
46961
47050
46962
47051
46963
47052
46964
47053
46965
47054
46966
47055
46967
47056
46968
47057
46969
47058
46970
47059
46971
47060
46972
47061
46973
47062
46974
47063
46975
47064
46976
47065
46977
47066
46978
47067
46979
47068
47069
46981
47070
46982
47071
46983
47072
46984
47073
46985
47074
46986
47075
46987
47076
46988
47077
46989
47078
46990
47079
46991
47080
46992
47081
46993
47082
46994
47083
46995
47084
46996
47085
46997
47086
46998
47087
46999
47088
47000
47089
47001
47090
47002
47091
47003
47092
47004
47093
47005
47094
47006
47095
47007
47096
47008
47097
47009
47098
47010
47099
47011
47100
47012
47101
47013
47102
47014
47103
47015
47104
47016
47105
47017
47106
47018
47107
47019
47108
47020
47109
47021
47110
47022
47111
47023
47112
47024
47113
47025
47114
47026
47115
47027
47116
47028
47117
47029
47118
47030
47119
47031
47120
47032
47121
47033
47122
47034
47123
47035
47124
47036
47125
47037
47126
47038
47127
47039
47128
47040
47129
47041
47130
47042
47131
47043
47132
47044
47133
47045
47134
47046
47135
47047
47136
47048
47137
47049
47138
47050
47139
47051
47140
47052
47141
47053
47142
47054
47143
47055
47144
47056
47145
47057
47146
47058
47147
47059
47148
47060
47149
47061
47150
47062
47151
47063
47152
47064
47153
47065
47154
47066
47155
47067
47156
47068
47157
47069
47158
47159
47071
47160
47072
47161
47073
47162
47074
47163
47075
47164
47076
47165
47077
47166
47078
47167
47079
47168
47080
47169
47081
47170
47082
47171
47083
47172
47084
47173
47085
47174
47086
47175
47087
47176
47088
47177
47089
47178
47090
47179
47091
47180
47092
47181
47093
47182
47094
47183
47095
47184
47096
47185
47097
47186
47098
47187
47099
47188
47100
47189
47101
47190
47102
47191
47103
47192
47104
47193
47105
47194
47106
47195
47107
47196
47108
47197
47109
47198
47110
47199
47111
47200
47112
47201
47113
47202
47114
47203
47115
47204
47116
47205
47117
47206
47118
47207
47119
47208
47120
47209
47121
47210
47122
47211
47123
47212
47124
47213
47125
47214
47126
47215
47127
47216
47128
47217
47129
47218
47130
47219
47131
47220
47132
47221
47133
47222
47134
47223
47135
47224
47136
47225
47137
47226
47138
47227
47139
47228
47140
47229
47141
47230
47142
47231
47143
47232
47144
47233
47145
47234
47146
47235
47147
47236
47148
47237
47149
47238
47150
47239
47151
47240
47152
47241
47153
47242
47154
47243
47155
47244
47156
47245
47157
47246
47158
47247
47159
47248
47249
47161
47250
47162
47251
47163
47252
47164
47253
47165
47254
47166
47255
47167
47256
47168
47257
47169
47258
47170
47259
47171
47260
47172
47261
47173
47262
47174
47263
47175
47264
47176
47265
47177
47266
47178
47267
47179
47268
47180
47269
47181
47270
47182
47271
47183
47272
47184
47273
47185
47274
47186
47275
47187
47276
47188
47277
47189
47278
47190
47279
47191
47280
47192
47281
47193
47282
47194
47283
47195
47284
47196
47285
47197
47286
47198
47287
47199
47288
47200
47289
47201
47290
47202
47291
47203
47292
47204
47293
47205
47294
47206
47295
47207
47296
47208
47297
47209
47298
47210
47299
47211
47300
47212
47301
47213
47302
47214
47303
47215
47304
47216
47305
47217
47306
47218
47307
47219
47308
47220
47309
47221
47310
47222
47311
47223
47312
47224
47313
47225
47314
47226
47315
47227
47316
47228
47317
47229
47318
47230
47319
47231
47320
47232
47321
47233
47322
47234
47323
47235
47324
47236
47325
47237
47326
47238
47327
47239
47328
47240
47329
47241
47330
47242
47331
47243
47332
47244
47333
47245
47334
47246
47335
47247
47336
47248
47337
47249
47338
47339
47251
47340
47252
47341
47253
47342
47254
47343
47255
47344
47256
47345
47257
47346
47258
47347
47259
47348
47260
47349
47261
47350
47262
47351
47263
47352
47264
47353
47265
47354
47266
47355
47267
47356
47268
47357
47269
47358
47270
47359
47271
47360
47272
47361
47273
47362
47274
47363
47275
47364
47276
47365
47277
47366
47278
47367
47279
47368
47280
47369
47281
47370
47282
47371
47283
47372
47284
47373
47285
47374
47286
47375
47287
47376
47288
47377
47289
47378
47290
47379
47291
47380
47292
47381
47293
47382
47294
47383
47295
47384
47296
47385
47297
47386
47298
47387
47299
47388
47300
47389
47301
47390
47302
47391
47303
47392
47304
47393
47305
47394
47306
47395
47307
47396
47308
47397
47309
47398
47310
47399
47311
47400
47312
47401
47313
47402
47314
47403
47315
47404
47316
47405
47317
47406
47318
47407
47319
47408
47320
47409
47321
47410
47322
47411
47323
47412
47324
47413
47325
47414
47326
47415
47327
47416
47328
47417
47329
47418
47330
47419
47331
47420
47332
47421
47333
47422
47334
47423
47335
47424
47336
47425
47337
47426
47338
47427
47339
47428
47429
47341
47430
47342
47431
47343
47432
47344
47433
47345
47434
47346
47435
47347
47436
47348
47437
47349
47438
47350
47439
47351
47440
47352
47441
47353
47442
47354
47443
47355
47444
47356
47445
47357
47446
47358
47447
47359
47448
47360
47449
47361
47450
47362
47451
47363
47452
47364
47453
47365
47454
47366
47455
47367
47456
47368
47457
47369
47458
47370
47459
47371
47460
47372
47461
47373
47462
47374
47463
47375
47464
47376
47465
47377
47466
47378
47467
47379
47468
47380
47469
47381
47470
47382
47471
47383
47472
47384
47473
47385
47474
47386
47475
47387
47476
47388
47477
47389
47478
47390
47479
47391
47480
47392
47481
47393
47482
47394
47483
47395
47484
47396
47485
47397
47486
47398
47487
47399
47488
47400
47489
47401
47490
47402
47491
47403
47492
47404
47493
47405
47494
47406
47495
47407
47496
47408
47497
47409
47498
47410
47499
47411
47500
47412
47501
47413
47502
47414
47503
47415
47504
47416
47505
47417
47506
47418
47507
47419
47508
47420
47509
47421
47510
47422
47511
47423
47512
47424
47513
47425
47514
47426
47515
47427
47516
47428
47517
47429
47518
47519
47431
47520
47432
47521
47433
47522
47434
47523
47435
47524
47436
47525
47437
47526
47438
47527
47439
47528
47440
47529
47441
47530
47442
47531
47443
47532
47444
47533
47445
47534
47446
47535
47447
47536
47448
47537
47449
47538
47450
47539
47451
47540
47452
47541
47453
47542
47454
47543
47455
47544
47456
47545
47457
47546
47458
47547
47459
47548
47460
47549
47461
47550
47462
47551
47463
47552
47464
47553
47465
47554
47466
47555
47467
47556
47468
47557
47469
47558
47470
47559
47471
47560
47472
47561
47473
47562
47474
47563
47475
47564
47476
47565
47477
47566
47478
47567
47479
47568
47480
47569
47481
47570
47482
47571
47483
47572
47484
47573
47485
47574
47486
47575
47487
47576
47488
47577
47489
47578
47490
47579
47491
47580
47492
47581
47493
47582
47494
47583
47495
47584
47496
47585
47497
47586
47498
47587
47499
47588
47500
47589
47501
47590
47502
47591
47503
47592
47504
47593
47505
47594
47506
47595
47507
47596
47508
47597
47509
47598
47510
47599
47511
47600
47512
47601
47513
47602
47514
47603
47515
47604
47516
47605
47517
47606
47518
47607
47519
47608
47609
47521
47610
47522
47611
47523
47612
47524
47613
47525
47614
47526
47615
47527
47616
47528
47617
47529
47618
47530
47619
47531
47620
47532
47621
47533
47622
47534
47623
47535
47624
47536
47625
47537
47626
47538
47627
47539
47628
47540
47629
47541
47630
47542
47631
47543
47632
47544
47633
47545
47634
47546
47635
47547
47636
47548
47637
47549
47638
47550
47639
47551
47640
47552
47641
47553
47642
47554
47643
47555
47644
47556
47645
47557
47646
47558
47647
47559
47648
47560
47649
47561
47650
47562
47651
47563
47652
47564
47653
47565
47654
47566
47655
47567
47656
47568
47657
47569
47658
47570
47659
47571
47660
47572
47661
47573
47662
47574
47663
47575
47664
47576
47665
47577
47666
47578
47667
47579
47668
47580
47669
47581
47670
47582
47671
47583
47672
47584
47673
47585
47674
47586
47675
47587
47676
47588
47677
47589
47678
47590
47679
47591
47680
47592
47681
47593
47682
47594
47683
47595
47684
47596
47685
47597
47686
47598
47687
47599
47688
47600
47689
47601
47690
47602
47691
47603
47692
47604
47693
47605
47694
47606
47695
47607
47696
47608
47697
47609
47698
47699
47611
47700
47612
47701
47613
47702
47614
47703
47615
47704
47616
47705
47617
47706
47618
47707
47619
47708
47620
47709
47621
47710
47622
47711
47623
47712
47624
47713
47625
47714
47626
47715
47627
47716
47628
47717
47629
47718
47630
47719
47631
47720
47632
47721
47633
47722
47634
47723
47635
47724
47636
47725
47637
47726
47638
47727
47639
47728
47640
47729
47641
47730
47642
47731
47643
47732
47644
47733
47645
47734
47646
47735
47647
47736
47648
47737
47649
47738
47650
47739
47651
47740
47652
47741
47653
47742
47654
47743
47655
47744
47656
47745
47657
47746
47658
47747
47659
47748
47660
47749
47661
47750
47662
47751
47663
47752
47664
47753
47665
47754
47666
47755
47667
47756
47668
47757
47669
47758
47670
47759
47671
47760
47672
47761
47673
47762
47674
47763
47675
47764
47676
47765
47677
47766
47678
47767
47679
47768
47680
47769
47681
47770
47682
47771
47683
47772
47684
47773
47685
47774
47686
47775
47687
47776
47688
47777
47689
47778
47690
47779
47691
47780
47692
47781
47693
47782
47694
47783
47695
47784
47696
47785
47697
47786
47698
47787
47699
47788
47789
47701
47790
47702
47791
47703
47792
47704
47793
47705
47794
47706
47795
47707
47796
47708
47797
47709
47798
47710
47799
47711
47800
47712
47801
47713
47802
47714
47803
47715
47804
47716
47805
47717
47806
47718
47807
47719
47808
47720
47809
47721
47810
47722
47811
47723
47812
47724
47813
47725
47814
47726
47815
47727
47816
47728
47817
47729
47818
47730
47819
47731
47820
47732
47821
47733
47822
47734
47823
47735
47824
47736
47825
47737
47826
47738
47827
47739
47828
47740
47829
47741
47830
47742
47831
47743
47832
47744
47833
47745
47834
47746
47835
47747
47836
47748
47837
47749
47838
47750
47839
47751
47840
47752
47841
47753
47842
47754
47843
47755
47844
47756
47845
47757
47846
47758
47847
47759
47848
47760
47849
47761
47850
47762
47851
47763
47852
47764
47853
47765
47854
47766
47855
47767
47856
47768
47857
47769
47858
47770
47859
47771
47860
47772
47861
47773
47862
47774
47863
47775
47864
47776
47865
47777
47866
47778
47867
47779
47868
47780
47869
47781
47870
47782
47871
47783
47872
47784
47873
47785
47874
47786
47875
47787
47876
47788
47877
47789
47878
47879
47791
47880
47792
47881
47793
47882
47794
47883
47795
47884
47796
47885
47797
47886
47798
47887
47799
47888
47800
47889
47801
47890
47802
47891
47803
47892
47804
47893
47805
47894
47806
47895
47807
47896
47808
47897
47809
47898
47810
47899
47811
47900
47812
47901
47813
47902
47814
47903
47815
47904
47816
47905
47817
47906
47818
47907
47819
47908
47820
47909
47821
47910
47822
47911
47823
47912
47824
47913
47825
47914
47826
47915
47827
47916
47828
47917
47829
47918
47830
47919
47831
47920
47832
47921
47833
47922
47834
47923
47835
47924
47836
47925
47837
47926
47838
47927
47839
47928
47840
47929
47841
47930
47842
47931
47843
47932
47844
47933
47845
47934
47846
47935
47847
47936
47848
47937
47849
47938
47850
47939
47851
47940
47852
47941
47853
47942
47854
47943
47855
47944
47856
47945
47857
47946
47858
47947
47859
47948
47860
47949
47861
47950
47862
47951
47863
47952
47864
47953
47865
47954
47866
47955
47867
47956
47868
47957
47869
47958
47870
47959
47871
47960
47872
47961
47873
47962
47874
47963
47875
47964
47876
47965
47877
47966
47878
47967
47879
47968
47969
47881
47970
47882
47971
47883
47972
47884
47973
47885
47974
47886
47975
47887
47976
47888
47977
47889
47978
47890
47979
47891
47980
47892
47981
47893
47982
47894
47983
47895
47984
47896
47985
47897
47986
47898
47987
47899
47988
47900
47989
47901
47990
47902
47991
47903
47992
47904
47993
47905
47994
47906
47995
47907
47996
47908
47997
47909
47998
47910
47999
47911
48000
47912
48001
47913
48002
47914
48003
47915
48004
47916
48005
47917
48006
47918
48007
47919
48008
47920
48009
47921
48010
47922
48011
47923
48012
47924
48013
47925
48014
47926
48015
47927
48016
47928
48017
47929
48018
47930
48019
47931
48020
47932
48021
47933
48022
47934
48023
47935
48024
47936
48025
47937
48026
47938
48027
47939
48028
47940
48029
47941
48030
47942
48031
47943
48032
47944
48033
47945
48034
47946
48035
47947
48036
47948
48037
47949
48038
47950
48039
47951
48040
47952
48041
47953
48042
47954
48043
47955
48044
47956
48045
47957
48046
47958
48047
47959
48048
47960
48049
47961
48050
47962
48051
47963
48052
47964
48053
47965
48054
47966
48055
47967
48056
47968
48057
47969
48058
48059
47971
48060
47972
48061
47973
48062
47974
48063
47975
48064
47976
48065
47977
48066
47978
48067
47979
48068
47980
48069
47981
48070
47982
48071
47983
48072
47984
48073
47985
48074
47986
48075
47987
48076
47988
48077
47989
48078
47990
48079
47991
48080
47992
48081
47993
48082
47994
48083
47995
48084
47996
48085
47997
48086
47998
48087
47999
48088
48000
48089
48001
48090
48002
48091
48003
48092
48004
48093
48005
48094
48006
48095
48007
48096
48008
48097
48009
48098
48010
48099
48011
48100
48012
48101
48013
48102
48014
48103
48015
48104
48016
48105
48017
48106
48018
48107
48019
48108
48020
48109
48021
48110
48022
48111
48023
48112
48024
48113
48025
48114
48026
48115
48027
48116
48028
48117
48029
48118
48030
48119
48031
48120
48032
48121
48033
48122
48034
48123
48035
48124
48036
48125
48037
48126
48038
48127
48039
48128
48040
48129
48041
48130
48042
48131
48043
48132
48044
48133
48045
48134
48046
48135
48047
48136
48048
48137
48049
48138
48050
48139
48051
48140
48052
48141
48053
48142
48054
48143
48055
48144
48056
48145
48057
48146
48058
48147
48059
48148
48149
48061
48150
48062
48151
48063
48152
48064
48153
48065
48154
48066
48155
48067
48156
48068
48157
48069
48158
48070
48159
48071
48160
48072
48161
48073
48162
48074
48163
48075
48164
48076
48165
48077
48166
48078
48167
48079
48168
48080
48169
48081
48170
48082
48171
48083
48172
48084
48173
48085
48174
48086
48175
48087
48176
48088
48177
48089
48178
48090
48179
48091
48180
48092
48181
48093
48182
48094
48183
48095
48184
48096
48185
48097
48186
48098
48187
48099
48188
48100
48189
48101
48190
48102
48191
48103
48192
48104
48193
48105
48194
48106
48195
48107
48196
48108
48197
48109
48198
48110
48199
48111
48200
48112
48201
48113
48202
48114
48203
48115
48204
48116
48205
48117
48206
48118
48207
48119
48208
48120
48209
48121
48210
48122
48211
48123
48212
48124
48213
48125
48214
48126
48215
48127
48216
48128
48217
48129
48218
48130
48219
48131
48220
48132
48221
48133
48222
48134
48223
48135
48224
48136
48225
48137
48226
48138
48227
48139
48228
48140
48229
48141
48230
48142
48231
48143
48232
48144
48233
48145
48234
48146
48235
48147
48236
48148
48237
48149
48238
48239
48151
48240
48152
48241
48153
48242
48154
48243
48155
48244
48156
48245
48157
48246
48158
48247
48159
48248
48160
48249
48161
48250
48162
48251
48163
48252
48164
48253
48165
48254
48166
48255
48167
48256
48168
48257
48169
48258
48170
48259
48171
48260
48172
48261
48173
48262
48174
48263
48175
48264
48176
48265
48177
48266
48178
48267
48179
48268
48180
48269
48181
48270
48182
48271
48183
48272
48184
48273
48185
48274
48186
48275
48187
48276
48188
48277
48189
48278
48190
48279
48191
48280
48192
48281
48193
48282
48194
48283
48195
48284
48196
48285
48197
48286
48198
48287
48199
48288
48200
48289
48201
48290
48202
48291
48203
48292
48204
48293
48205
48294
48206
48295
48207
48296
48208
48297
48209
48298
48210
48299
48211
48300
48212
48301
48213
48302
48214
48303
48215
48304
48216
48305
48217
48306
48218
48307
48219
48308
48220
48309
48221
48310
48222
48311
48223
48312
48224
48313
48225
48314
48226
48315
48227
48316
48228
48317
48229
48318
48230
48319
48231
48320
48232
48321
48233
48322
48234
48323
48235
48324
48236
48325
48237
48326
48238
48327
48239
48328
48329
48241
48330
48242
48331
48243
48332
48244
48333
48245
48334
48246
48335
48247
48336
48248
48337
48249
48338
48250
48339
48251
48340
48252
48341
48253
48342
48254
48343
48255
48344
48256
48345
48257
48346
48258
48347
48259
48348
48260
48349
48261
48350
48262
48351
48263
48352
48264
48353
48265
48354
48266
48355
48267
48356
48268
48357
48269
48358
48270
48359
48271
48360
48272
48361
48273
48362
48274
48363
48275
48364
48276
48365
48277
48366
48278
48367
48279
48368
48280
48369
48281
48370
48282
48371
48283
48372
48284
48373
48285
48374
48286
48375
48287
48376
48288
48377
48289
48378
48290
48379
48291
48380
48292
48381
48293
48382
48294
48383
48295
48384
48296
48385
48297
48386
48298
48387
48299
48388
48300
48389
48301
48390
48302
48391
48303
48392
48304
48393
48305
48394
48306
48395
48307
48396
48308
48397
48309
48398
48310
48399
48311
48400
48312
48401
48313
48402
48314
48403
48315
48404
48316
48405
48317
48406
48318
48407
48319
48408
48320
48409
48321
48410
48322
48411
48323
48412
48324
48413
48325
48414
48326
48415
48327
48416
48328
48417
48329
48418
48419
48331
48420
48332
48421
48333
48422
48334
48423
48335
48424
48336
48425
48337
48426
48338
48427
48339
48428
48340
48429
48341
48430
48342
48431
48343
48432
48344
48433
48345
48434
48346
48435
48347
48436
48348
48437
48349
48438
48350
48439
48351
48440
48352
48441
48353
48442
48354
48443
48355
48444
48356
48445
48357
48446
48358
48447
48359
48448
48360
48449
48361
48450
48362
48451
48363
48452
48364
48453
48365
48454
48366
48455
48367
48456
48368
48457
48369
48458
48370
48459
48371
48460
48372
48461
48373
48462
48374
48463
48375
48464
48376
48465
48377
48466
48378
48467
48379
48468
48380
48469
48381
48470
48382
48471
48383
48472
48384
48473
48385
48474
48386
48475
48387
48476
48388
48477
48389
48478
48390
48479
48391
48480
48392
48481
48393
48482
48394
48483
48395
48484
48396
48485
48397
48486
48398
48487
48399
48488
48400
48489
48401
48490
48402
48491
48403
48492
48404
48493
48405
48494
48406
48495
48407
48496
48408
48497
48409
48498
48410
48499
48411
48500
48412
48501
48413
48502
48414
48503
48415
48504
48416
48505
48417
48506
48418
48507
48419
48508
48509
48421
48510
48422
48511
48423
48512
48424
48513
48425
48514
48426
48515
48427
48516
48428
48517
48429
48518
48430
48519
48431
48520
48432
48521
48433
48522
48434
48523
48435
48524
48436
48525
48437
48526
48438
48527
48439
48528
48440
48529
48441
48530
48442
48531
48443
48532
48444
48533
48445
48534
48446
48535
48447
48536
48448
48537
48449
48538
48450
48539
48451
48540
48452
48541
48453
48542
48454
48543
48455
48544
48456
48545
48457
48546
48458
48547
48459
48548
48460
48549
48461
48550
48462
48551
48463
48552
48464
48553
48465
48554
48466
48555
48467
48556
48468
48557
48469
48558
48470
48559
48471
48560
48472
48561
48473
48562
48474
48563
48475
48564
48476
48565
48477
48566
48478
48567
48479
48568
48480
48569
48481
48570
48482
48571
48483
48572
48484
48573
48485
48574
48486
48575
48487
48576
48488
48577
48489
48578
48490
48579
48491
48580
48492
48581
48493
48582
48494
48583
48495
48584
48496
48585
48497
48586
48498
48587
48499
48588
48500
48589
48501
48590
48502
48591
48503
48592
48504
48593
48505
48594
48506
48595
48507
48596
48508
48597
48509
48598
48599
48511
48600
48512
48601
48513
48602
48514
48603
48515
48604
48516
48605
48517
48606
48518
48607
48519
48608
48520
48609
48521
48610
48522
48611
48523
48612
48524
48613
48525
48614
48526
48615
48527
48616
48528
48617
48529
48618
48530
48619
48531
48620
48532
48621
48533
48622
48534
48623
48535
48624
48536
48625
48537
48626
48538
48627
48539
48628
48540
48629
48541
48630
48542
48631
48543
48632
48544
48633
48545
48634
48546
48635
48547
48636
48548
48637
48549
48638
48550
48639
48551
48640
48552
48641
48553
48642
48554
48643
48555
48644
48556
48645
48557
48646
48558
48647
48559
48648
48560
48649
48561
48650
48562
48651
48563
48652
48564
48653
48565
48654
48566
48655
48567
48656
48568
48657
48569
48658
48570
48659
48571
48660
48572
48661
48573
48662
48574
48663
48575
48664
48576
48665
48577
48666
48578
48667
48579
48668
48580
48669
48581
48670
48582
48671
48583
48672
48584
48673
48585
48674
48586
48675
48587
48676
48588
48677
48589
48678
48590
48679
48591
48680
48592
48681
48593
48682
48594
48683
48595
48684
48596
48685
48597
48686
48598
48687
48599
48688
48689
48601
48690
48602
48691
48603
48692
48604
48693
48605
48694
48606
48695
48607
48696
48608
48697
48609
48698
48610
48699
48611
48700
48612
48701
48613
48702
48614
48703
48615
48704
48616
48705
48617
48706
48618
48707
48619
48708
48620
48709
48621
48710
48622
48711
48623
48712
48624
48713
48625
48714
48626
48715
48627
48716
48628
48717
48629
48718
48630
48719
48631
48720
48632
48721
48633
48722
48634
48723
48635
48724
48636
48725
48637
48726
48638
48727
48639
48728
48640
48729
48641
48730
48642
48731
48643
48732
48644
48733
48645
48734
48646
48735
48647
48736
48648
48737
48649
48738
48650
48739
48651
48740
48652
48741
48653
48742
48654
48743
48655
48744
48656
48745
48657
48746
48658
48747
48659
48748
48660
48749
48661
48750
48662
48751
48663
48752
48664
48753
48665
48754
48666
48755
48667
48756
48668
48757
48669
48758
48670
48759
48671
48760
48672
48761
48673
48762
48674
48763
48675
48764
48676
48765
48677
48766
48678
48767
48679
48768
48680
48769
48681
48770
48682
48771
48683
48772
48684
48773
48685
48774
48686
48775
48687
48776
48688
48777
48689
48778
48779
48691
48780
48692
48781
48693
48782
48694
48783
48695
48784
48696
48785
48697
48786
48698
48787
48699
48788
48700
48789
48701
48790
48702
48791
48703
48792
48704
48793
48705
48794
48706
48795
48707
48796
48708
48797
48709
48798
48710
48799
48711
48800
48712
48801
48713
48802
48714
48803
48715
48804
48716
48805
48717
48806
48718
48807
48719
48808
48720
48809
48721
48810
48722
48811
48723
48812
48724
48813
48725
48814
48726
48815
48727
48816
48728
48817
48729
48818
48730
48819
48731
48820
48732
48821
48733
48822
48734
48823
48735
48824
48736
48825
48737
48826
48738
48827
48739
48828
48740
48829
48741
48830
48742
48831
48743
48832
48744
48833
48745
48834
48746
48835
48747
48836
48748
48837
48749
48838
48750
48839
48751
48840
48752
48841
48753
48842
48754
48843
48755
48844
48756
48845
48757
48846
48758
48847
48759
48848
48760
48849
48761
48850
48762
48851
48763
48852
48764
48853
48765
48854
48766
48855
48767
48856
48768
48857
48769
48858
48770
48859
48771
48860
48772
48861
48773
48862
48774
48863
48775
48864
48776
48865
48777
48866
48778
48867
48779
48868
48869
48781
48870
48782
48871
48783
48872
48784
48873
48785
48874
48786
48875
48787
48876
48788
48877
48789
48878
48790
48879
48791
48880
48792
48881
48793
48882
48794
48883
48795
48884
48796
48885
48797
48886
48798
48887
48799
48888
48800
48889
48801
48890
48802
48891
48803
48892
48804
48893
48805
48894
48806
48895
48807
48896
48808
48897
48809
48898
48810
48899
48811
48900
48812
48901
48813
48902
48814
48903
48815
48904
48816
48905
48817
48906
48818
48907
48819
48908
48820
48909
48821
48910
48822
48911
48823
48912
48824
48913
48825
48914
48826
48915
48827
48916
48828
48917
48829
48918
48830
48919
48831
48920
48832
48921
48833
48922
48834
48923
48835
48924
48836
48925
48837
48926
48838
48927
48839
48928
48840
48929
48841
48930
48842
48931
48843
48932
48844
48933
48845
48934
48846
48935
48847
48936
48848
48937
48849
48938
48850
48939
48851
48940
48852
48941
48853
48942
48854
48943
48855
48944
48856
48945
48857
48946
48858
48947
48859
48948
48860
48949
48861
48950
48862
48951
48863
48952
48864
48953
48865
48954
48866
48955
48867
48956
48868
48957
48869
48958
48959
48871
48960
48872
48961
48873
48962
48874
48963
48875
48964
48876
48965
48877
48966
48878
48967
48879
48968
48880
48969
48881
48970
48882
48971
48883
48972
48884
48973
48885
48974
48886
48975
48887
48976
48888
48977
48889
48978
48890
48979
48891
48980
48892
48981
48893
48982
48894
48983
48895
48984
48896
48985
48897
48986
48898
48987
48899
48988
48900
48989
48901
48990
48902
48991
48903
48992
48904
48993
48905
48994
48906
48995
48907
48996
48908
48997
48909
48998
48910
48999
48911
49000
48912
49001
48913
49002
48914
49003
48915
49004
48916
49005
48917
49006
48918
49007
48919
49008
48920
49009
48921
49010
48922
49011
48923
49012
48924
49013
48925
49014
48926
49015
48927
49016
48928
49017
48929
49018
48930
49019
48931
49020
48932
49021
48933
49022
48934
49023
48935
49024
48936
49025
48937
49026
48938
49027
48939
49028
48940
49029
48941
49030
48942
49031
48943
49032
48944
49033
48945
49034
48946
49035
48947
49036
48948
49037
48949
49038
48950
49039
48951
49040
48952
49041
48953
49042
48954
49043
48955
49044
48956
49045
48957
49046
48958
49047
48959
49048
49049
48961
49050
48962
49051
48963
49052
48964
49053
48965
49054
48966
49055
48967
49056
48968
49057
48969
49058
48970
49059
48971
49060
48972
49061
48973
49062
48974
49063
48975
49064
48976
49065
48977
49066
48978
49067
48979
49068
48980
49069
48981
49070
48982
49071
48983
49072
48984
49073
48985
49074
48986
49075
48987
49076
48988
49077
48989
49078
48990
49079
48991
49080
48992
49081
48993
49082
48994
49083
48995
49084
48996
49085
48997
49086
48998
49087
48999
49088
49000
49089
49001
49090
49002
49091
49003
49092
49004
49093
49005
49094
49006
49095
49007
49096
49008
49097
49009
49098
49010
49099
49011
49100
49012
49101
49013
49102
49014
49103
49015
49104
49016
49105
49017
49106
49018
49107
49019
49108
49020
49109
49021
49110
49022
49111
49023
49112
49024
49113
49025
49114
49026
49115
49027
49116
49028
49117
49029
49118
49030
49119
49031
49120
49032
49121
49033
49122
49034
49123
49035
49124
49036
49125
49037
49126
49038
49127
49039
49128
49040
49129
49041
49130
49042
49131
49043
49132
49044
49133
49045
49134
49046
49135
49047
49136
49048
49137
49049
49138
49139
49051
49140
49052
49141
49053
49142
49054
49143
49055
49144
49056
49145
49057
49146
49058
49147
49059
49148
49060
49149
49061
49150
49062
49151
49063
49152
49064
49153
49065
49154
49066
49155
49067
49156
49068
49157
49069
49158
49070
49159
49071
49160
49072
49161
49073
49162
49074
49163
49075
49164
49076
49165
49077
49166
49078
49167
49079
49168
49080
49169
49081
49170
49082
49171
49083
49172
49084
49173
49085
49174
49086
49175
49087
49176
49088
49177
49089
49178
49090
49179
49091
49180
49092
49181
49093
49182
49094
49183
49095
49184
49096
49185
49097
49186
49098
49187
49099
49188
49100
49189
49101
49190
49102
49191
49103
49192
49104
49193
49105
49194
49106
49195
49107
49196
49108
49197
49109
49198
49110
49199
49111
49200
49112
49201
49113
49202
49114
49203
49115
49204
49116
49205
49117
49206
49118
49207
49119
49208
49120
49209
49121
49210
49122
49211
49123
49212
49124
49213
49125
49214
49126
49215
49127
49216
49128
49217
49129
49218
49130
49219
49131
49220
49132
49221
49133
49222
49134
49223
49135
49224
49136
49225
49137
49226
49138
49227
49139
49228
49229
49141
49230
49142
49231
49143
49232
49144
49233
49145
49234
49146
49235
49147
49236
49148
49237
49149
49238
49150
49239
49151
49240
49152
49241
49153
49242
49154
49243
49155
49244
49156
49245
49157
49246
49158
49247
49159
49248
49160
49249
49161
49250
49162
49251
49163
49252
49164
49253
49165
49254
49166
49255
49167
49256
49168
49257
49169
49258
49170
49259
49171
49260
49172
49261
49173
49262
49174
49263
49175
49264
49176
49265
49177
49266
49178
49267
49179
49268
49180
49269
49181
49270
49182
49271
49183
49272
49184
49273
49185
49274
49186
49275
49187
49276
49188
49277
49189
49278
49190
49279
49191
49280
49192
49281
49193
49282
49194
49283
49195
49284
49196
49285
49197
49286
49198
49287
49199
49288
49200
49289
49201
49290
49202
49291
49203
49292
49204
49293
49205
49294
49206
49295
49207
49296
49208
49297
49209
49298
49210
49299
49211
49300
49212
49301
49213
49302
49214
49303
49215
49304
49216
49305
49217
49306
49218
49307
49219
49308
49220
49309
49221
49310
49222
49311
49223
49312
49224
49313
49225
49314
49226
49315
49227
49316
49228
49317
49229
49318
49319
49231
49320
49232
49321
49233
49322
49234
49323
49235
49324
49236
49325
49237
49326
49238
49327
49239
49328
49240
49329
49241
49330
49242
49331
49243
49332
49244
49333
49245
49334
49246
49335
49247
49336
49248
49337
49249
49338
49250
49339
49251
49340
49252
49341
49253
49342
49254
49343
49255
49344
49256
49345
49257
49346
49258
49347
49259
49348
49260
49349
49261
49350
49262
49351
49263
49352
49264
49353
49265
49354
49266
49355
49267
49356
49268
49357
49269
49358
49270
49359
49271
49360
49272
49361
49273
49362
49274
49363
49275
49364
49276
49365
49277
49366
49278
49367
49279
49368
49280
49369
49281
49370
49282
49371
49283
49372
49284
49373
49285
49374
49286
49375
49287
49376
49288
49377
49289
49378
49290
49379
49291
49380
49292
49381
49293
49382
49294
49383
49295
49384
49296
49385
49297
49386
49298
49387
49299
49388
49300
49389
49301
49390
49302
49391
49303
49392
49304
49393
49305
49394
49306
49395
49307
49396
49308
49397
49309
49398
49310
49399
49311
49400
49312
49401
49313
49402
49314
49403
49315
49404
49316
49405
49317
49406
49318
49407
49319
49408
49409
49321
49410
49322
49411
49323
49412
49324
49413
49325
49414
49326
49415
49327
49416
49328
49417
49329
49418
49330
49419
49331
49420
49332
49421
49333
49422
49334
49423
49335
49424
49336
49425
49337
49426
49338
49427
49339
49428
49340
49429
49341
49430
49342
49431
49343
49432
49344
49433
49345
49434
49346
49435
49347
49436
49348
49437
49349
49438
49350
49439
49351
49440
49352
49441
49353
49442
49354
49443
49355
49444
49356
49445
49357
49446
49358
49447
49359
49448
49360
49449
49361
49450
49362
49451
49363
49452
49364
49453
49365
49454
49366
49455
49367
49456
49368
49457
49369
49458
49370
49459
49371
49460
49372
49461
49373
49462
49374
49463
49375
49464
49376
49465
49377
49466
49378
49467
49379
49468
49380
49469
49381
49470
49382
49471
49383
49472
49384
49473
49385
49474
49386
49475
49387
49476
49388
49477
49389
49478
49390
49479
49391
49480
49392
49481
49393
49482
49394
49483
49395
49484
49396
49485
49397
49486
49398
49487
49399
49488
49400
49489
49401
49490
49402
49491
49403
49492
49404
49493
49405
49494
49406
49495
49407
49496
49408
49497
49409
49498
49499
49411
49500
49412
49501
49413
49502
49414
49503
49415
49504
49416
49505
49417
49506
49418
49507
49419
49508
49420
49509
49421
49510
49422
49511
49423
49512
49424
49513
49425
49514
49426
49515
49427
49516
49428
49517
49429
49518
49430
49519
49431
49520
49432
49521
49433
49522
49434
49523
49435
49524
49436
49525
49437
49526
49438
49527
49439
49528
49440
49529
49441
49530
49442
49531
49443
49532
49444
49533
49445
49534
49446
49535
49447
49536
49448
49537
49449
49538
49450
49539
49451
49540
49452
49541
49453
49542
49454
49543
49455
49544
49456
49545
49457
49546
49458
49547
49459
49548
49460
49549
49461
49550
49462
49551
49463
49552
49464
49553
49465
49554
49466
49555
49467
49556
49468
49557
49469
49558
49470
49559
49471
49560
49472
49561
49473
49562
49474
49563
49475
49564
49476
49565
49477
49566
49478
49567
49479
49568
49480
49569
49481
49570
49482
49571
49483
49572
49484
49573
49485
49574
49486
49575
49487
49576
49488
49577
49489
49578
49490
49579
49491
49580
49492
49581
49493
49582
49494
49583
49495
49584
49496
49585
49497
49586
49498
49587
49499
49588
49589
49501
49590
49502
49591
49503
49592
49504
49593
49505
49594
49506
49595
49507
49596
49508
49597
49509
49598
49510
49599
49511
49600
49512
49601
49513
49602
49514
49603
49515
49604
49516
49605
49517
49606
49518
49607
49519
49608
49520
49609
49521
49610
49522
49611
49523
49612
49524
49613
49525
49614
49526
49615
49527
49616
49528
49617
49529
49618
49530
49619
49531
49620
49532
49621
49533
49622
49534
49623
49535
49624
49536
49625
49537
49626
49538
49627
49539
49628
49540
49629
49541
49630
49542
49631
49543
49632
49544
49633
49545
49634
49546
49635
49547
49636
49548
49637
49549
49638
49550
49639
49551
49640
49552
49641
49553
49642
49554
49643
49555
49644
49556
49645
49557
49646
49558
49647
49559
49648
49560
49649
49561
49650
49562
49651
49563
49652
49564
49653
49565
49654
49566
49655
49567
49656
49568
49657
49569
49658
49570
49659
49571
49660
49572
49661
49573
49662
49574
49663
49575
49664
49576
49665
49577
49666
49578
49667
49579
49668
49580
49669
49581
49670
49582
49671
49583
49672
49584
49673
49585
49674
49586
49675
49587
49676
49588
49677
49589
49678
49679
49591
49680
49592
49681
49593
49682
49594
49683
49595
49684
49596
49685
49597
49686
49598
49687
49599
49688
49600
49689
49601
49690
49602
49691
49603
49692
49604
49693
49605
49694
49606
49695
49607
49696
49608
49697
49609
49698
49610
49699
49611
49700
49612
49701
49613
49702
49614
49703
49615
49704
49616
49705
49617
49706
49618
49707
49619
49708
49620
49709
49621
49710
49622
49711
49623
49712
49624
49713
49625
49714
49626
49715
49627
49716
49628
49717
49629
49718
49630
49719
49631
49720
49632
49721
49633
49722
49634
49723
49635
49724
49636
49725
49637
49726
49638
49727
49639
49728
49640
49729
49641
49730
49642
49731
49643
49732
49644
49733
49645
49734
49646
49735
49647
49736
49648
49737
49649
49738
49650
49739
49651
49740
49652
49741
49653
49742
49654
49743
49655
49744
49656
49745
49657
49746
49658
49747
49659
49748
49660
49749
49661
49750
49662
49751
49663
49752
49664
49753
49665
49754
49666
49755
49667
49756
49668
49757
49669
49758
49670
49759
49671
49760
49672
49761
49673
49762
49674
49763
49675
49764
49676
49765
49677
49766
49678
49767
49679
49768
49769
49681
49770
49682
49771
49683
49772
49684
49773
49685
49774
49686
49775
49687
49776
49688
49777
49689
49778
49690
49779
49691
49780
49692
49781
49693
49782
49694
49783
49695
49784
49696
49785
49697
49786
49698
49787
49699
49788
49700
49789
49701
49790
49702
49791
49703
49792
49704
49793
49705
49794
49706
49795
49707
49796
49708
49797
49709
49798
49710
49799
49711
49800
49712
49801
49713
49802
49714
49803
49715
49804
49716
49805
49717
49806
49718
49807
49719
49808
49720
49809
49721
49810
49722
49811
49723
49812
49724
49813
49725
49814
49726
49815
49727
49816
49728
49817
49729
49818
49730
49819
49731
49820
49732
49821
49733
49822
49734
49823
49735
49824
49736
49825
49737
49826
49738
49827
49739
49828
49740
49829
49741
49830
49742
49831
49743
49832
49744
49833
49745
49834
49746
49835
49747
49836
49748
49837
49749
49838
49750
49839
49751
49840
49752
49841
49753
49842
49754
49843
49755
49844
49756
49845
49757
49846
49758
49847
49759
49848
49760
49849
49761
49850
49762
49851
49763
49852
49764
49853
49765
49854
49766
49855
49767
49856
49768
49857
49769
49858
49859
49771
49860
49772
49861
49773
49862
49774
49863
49775
49864
49776
49865
49777
49866
49778
49867
49779
49868
49780
49869
49781
49870
49782
49871
49783
49872
49784
49873
49785
49874
49786
49875
49787
49876
49788
49877
49789
49878
49790
49879
49791
49880
49792
49881
49793
49882
49794
49883
49795
49884
49796
49885
49797
49886
49798
49887
49799
49888
49800
49889
49801
49890
49802
49891
49803
49892
49804
49893
49805
49894
49806
49895
49807
49896
49808
49897
49809
49898
49810
49899
49811
49900
49812
49901
49813
49902
49814
49903
49815
49904
49816
49905
49817
49906
49818
49907
49819
49908
49820
49909
49821
49910
49822
49911
49823
49912
49824
49913
49825
49914
49826
49915
49827
49916
49828
49917
49829
49918
49830
49919
49831
49920
49832
49921
49833
49922
49834
49923
49835
49924
49836
49925
49837
49926
49838
49927
49839
49928
49840
49929
49841
49930
49842
49931
49843
49932
49844
49933
49845
49934
49846
49935
49847
49936
49848
49937
49849
49938
49850
49939
49851
49940
49852
49941
49853
49942
49854
49943
49855
49944
49856
49945
49857
49946
49858
49947
49859
49948
49949
49861
49950
49862
49951
49863
49952
49864
49953
49865
49954
49866
49955
49867
49956
49868
49957
49869
49958
49870
49959
49871
49960
49872
49961
49873
49962
49874
49963
49875
49964
49876
49965
49877
49966
49878
49967
49879
49968
49880
49969
49881
49970
49882
49971
49883
49972
49884
49973
49885
49974
49886
49975
49887
49976
49888
49977
49889
49978
49890
49979
49891
49980
49892
49981
49893
49982
49894
49983
49895
49984
49896
49985
49897
49986
49898
49987
49899
49988
49900
49989
49901
49990
49902
49991
49903
49992
49904
49993
49905
49994
49906
49995
49907
49996
49908
49997
49909
49998
49910
49999
49911
50000
49912
50001
49913
50002
49914
50003
49915
50004
49916
50005
49917
50006
49918
50007
49919
50008
49920
50009
49921
50010
49922
50011
49923
50012
49924
50013
49925
50014
49926
50015
49927
50016
49928
50017
49929
50018
49930
50019
49931
50020
49932
50021
49933
50022
49934
50023
49935
50024
49936
50025
49937
50026
49938
50027
49939
50028
49940
50029
49941
50030
49942
50031
49943
50032
49944
50033
49945
50034
49946
50035
49947
50036
49948
50037
49949
50038
50039
49951
50040
49952
50041
49953
50042
49954
50043
49955
50044
49956
50045
49957
50046
49958
50047
49959
50048
49960
50049
49961
50050
49962
50051
49963
50052
49964
50053
49965
50054
49966
50055
49967
50056
49968
50057
49969
50058
49970
50059
49971
50060
49972
50061
49973
50062
49974
50063
49975
50064
49976
50065
49977
50066
49978
50067
49979
50068
49980
50069
49981
50070
49982
50071
49983
50072
49984
50073
49985
50074
49986
50075
49987
50076
49988
50077
49989
50078
49990
50079
49991
50080
49992
50081
49993
50082
49994
50083
49995
50084
49996
50085
49997
50086
49998
50087
49999
50088
50000
50089
50001
50090
50002
50091
50003
50092
50004
50093
50005
50094
50006
50095
50007
50096
50008
50097
50009
50098
50010
50099
50011
50100
50012
50101
50013
50102
50014
50103
50015
50104
50016
50105
50017
50106
50018
50107
50019
50108
50020
50109
50021
50110
50022
50111
50023
50112
50024
50113
50025
50114
50026
50115
50027
50116
50028
50117
50029
50118
50030
50119
50031
50120
50032
50121
50033
50122
50034
50123
50035
50124
50036
50125
50037
50126
50038
50127
50039
50128
50129
50041
50130
50042
50131
50043
50132
50044
50133
50045
50134
50046
50135
50047
50136
50048
50137
50049
50138
50050
50139
50051
50140
50052
50141
50053
50142
50054
50143
50055
50144
50056
50145
50057
50146
50058
50147
50059
50148
50060
50149
50061
50150
50062
50151
50063
50152
50064
50153
50065
50154
50066
50155
50067
50156
50068
50157
50069
50158
50070
50159
50071
50160
50072
50161
50073
50162
50074
50163
50075
50164
50076
50165
50077
50166
50078
50167
50079
50168
50080
50169
50081
50170
50082
50171
50083
50172
50084
50173
50085
50174
50086
50175
50087
50176
50088
50177
50089
50178
50090
50179
50091
50180
50092
50181
50093
50182
50094
50183
50095
50184
50096
50185
50097
50186
50098
50187
50099
50188
50100
50189
50101
50190
50102
50191
50103
50192
50104
50193
50105
50194
50106
50195
50107
50196
50108
50197
50109
50198
50110
50199
50111
50200
50112
50201
50113
50202
50114
50203
50115
50204
50116
50205
50117
50206
50118
50207
50119
50208
50120
50209
50121
50210
50122
50211
50123
50212
50124
50213
50125
50214
50126
50215
50127
50216
50128
50217
50129
50218
50219
50131
50220
50132
50221
50133
50222
50134
50223
50135
50224
50136
50225
50137
50226
50138
50227
50139
50228
50140
50229
50141
50230
50142
50231
50143
50232
50144
50233
50145
50234
50146
50235
50147
50236
50148
50237
50149
50238
50150
50239
50151
50240
50152
50241
50153
50242
50154
50243
50155
50244
50156
50245
50157
50246
50158
50247
50159
50248
50160
50249
50161
50250
50162
50251
50163
50252
50164
50253
50165
50254
50166
50255
50167
50256
50168
50257
50169
50258
50170
50259
50171
50260
50172
50261
50173
50262
50174
50263
50175
50264
50176
50265
50177
50266
50178
50267
50179
50268
50180
50269
50181
50270
50182
50271
50183
50272
50184
50273
50185
50274
50186
50275
50187
50276
50188
50277
50189
50278
50190
50279
50191
50280
50192
50281
50193
50282
50194
50283
50195
50284
50196
50285
50197
50286
50198
50287
50199
50288
50200
50289
50201
50290
50202
50291
50203
50292
50204
50293
50205
50294
50206
50295
50207
50296
50208
50297
50209
50298
50210
50299
50211
50300
50212
50301
50213
50302
50214
50303
50215
50304
50216
50305
50217
50306
50218
50307
50219
50308
50309
50221
50310
50222
50311
50223
50312
50224
50313
50225
50314
50226
50315
50227
50316
50228
50317
50229
50318
50230
50319
50231
50320
50232
50321
50233
50322
50234
50323
50235
50324
50236
50325
50237
50326
50238
50327
50239
50328
50240
50329
50241
50330
50242
50331
50243
50332
50244
50333
50245
50334
50246
50335
50247
50336
50248
50337
50249
50338
50250
50339
50251
50340
50252
50341
50253
50342
50254
50343
50255
50344
50256
50345
50257
50346
50258
50347
50259
50348
50260
50349
50261
50350
50262
50351
50263
50352
50264
50353
50265
50354
50266
50355
50267
50356
50268
50357
50269
50358
50270
50359
50271
50360
50272
50361
50273
50362
50274
50363
50275
50364
50276
50365
50277
50366
50278
50367
50279
50368
50280
50369
50281
50370
50282
50371
50283
50372
50284
50373
50285
50374
50286
50375
50287
50376
50288
50377
50289
50378
50290
50379
50291
50380
50292
50381
50293
50382
50294
50383
50295
50384
50296
50385
50297
50386
50298
50387
50299
50388
50300
50389
50301
50390
50302
50391
50303
50392
50304
50393
50305
50394
50306
50395
50307
50396
50308
50397
50309
50398
50399
50311
50400
50312
50401
50313
50402
50314
50403
50315
50404
50316
50405
50317
50406
50318
50407
50319
50408
50320
50409
50321
50410
50322
50411
50323
50412
50324
50413
50325
50414
50326
50415
50327
50416
50328
50417
50329
50418
50330
50419
50331
50420
50332
50421
50333
50422
50334
50423
50335
50424
50336
50425
50337
50426
50338
50427
50339
50428
50340
50429
50341
50430
50342
50431
50343
50432
50344
50433
50345
50434
50346
50435
50347
50436
50348
50437
50349
50438
50350
50439
50351
50440
50352
50441
50353
50442
50354
50443
50355
50444
50356
50445
50357
50446
50358
50447
50359
50448
50360
50449
50361
50450
50362
50451
50363
50452
50364
50453
50365
50454
50366
50455
50367
50456
50368
50457
50369
50458
50370
50459
50371
50460
50372
50461
50373
50462
50374
50463
50375
50464
50376
50465
50377
50466
50378
50467
50379
50468
50380
50469
50381
50470
50382
50471
50383
50472
50384
50473
50385
50474
50386
50475
50387
50476
50388
50477
50389
50478
50390
50479
50391
50480
50392
50481
50393
50482
50394
50483
50395
50484
50396
50485
50397
50486
50398
50487
50399
50488
50489
50401
50490
50402
50491
50403
50492
50404
50493
50405
50494
50406
50495
50407
50496
50408
50497
50409
50498
50410
50499
50411
50500
50412
50501
50413
50502
50414
50503
50415
50504
50416
50505
50417
50506
50418
50507
50419
50508
50420
50509
50421
50510
50422
50511
50423
50512
50424
50513
50425
50514
50426
50515
50427
50516
50428
50517
50429
50518
50430
50519
50431
50520
50432
50521
50433
50522
50434
50523
50435
50524
50436
50525
50437
50526
50438
50527
50439
50528
50440
50529
50441
50530
50442
50531
50443
50532
50444
50533
50445
50534
50446
50535
50447
50536
50448
50537
50449
50538
50450
50539
50451
50540
50452
50541
50453
50542
50454
50543
50455
50544
50456
50545
50457
50546
50458
50547
50459
50548
50460
50549
50461
50550
50462
50551
50463
50552
50464
50553
50465
50554
50466
50555
50467
50556
50468
50557
50469
50558
50470
50559
50471
50560
50472
50561
50473
50562
50474
50563
50475
50564
50476
50565
50477
50566
50478
50567
50479
50568
50480
50569
50481
50570
50482
50571
50483
50572
50484
50573
50485
50574
50486
50575
50487
50576
50488
50577
50489
50578
50579
50491
50580
50492
50581
50493
50582
50494
50583
50495
50584
50496
50585
50497
50586
50498
50587
50499
50588
50500
50589
50501
50590
50502
50591
50503
50592
50504
50593
50505
50594
50506
50595
50507
50596
50508
50597
50509
50598
50510
50599
50511
50600
50512
50601
50513
50602
50514
50603
50515
50604
50516
50605
50517
50606
50518
50607
50519
50608
50520
50609
50521
50610
50522
50611
50523
50612
50524
50613
50525
50614
50526
50615
50527
50616
50528
50617
50529
50618
50530
50619
50531
50620
50532
50621
50533
50622
50534
50623
50535
50624
50536
50625
50537
50626
50538
50627
50539
50628
50540
50629
50541
50630
50542
50631
50543
50632
50544
50633
50545
50634
50546
50635
50547
50636
50548
50637
50549
50638
50550
50639
50551
50640
50552
50641
50553
50642
50554
50643
50555
50644
50556
50645
50557
50646
50558
50647
50559
50648
50560
50649
50561
50650
50562
50651
50563
50652
50564
50653
50565
50654
50566
50655
50567
50656
50568
50657
50569
50658
50570
50659
50571
50660
50572
50661
50573
50662
50574
50663
50575
50664
50576
50665
50577
50666
50578
50667
50579
50668
50669
50581
50670
50582
50671
50583
50672
50584
50673
50585
50674
50586
50675
50587
50676
50588
50677
50589
50678
50590
50679
50591
50680
50592
50681
50593
50682
50594
50683
50595
50684
50596
50685
50597
50686
50598
50687
50599
50688
50600
50689
50601
50690
50602
50691
50603
50692
50604
50693
50605
50694
50606
50695
50607
50696
50608
50697
50609
50698
50610
50699
50611
50700
50612
50701
50613
50702
50614
50703
50615
50704
50616
50705
50617
50706
50618
50707
50619
50708
50620
50709
50621
50710
50622
50711
50623
50712
50624
50713
50625
50714
50626
50715
50627
50716
50628
50717
50629
50718
50630
50719
50631
50720
50632
50721
50633
50722
50634
50723
50635
50724
50636
50725
50637
50726
50638
50727
50639
50728
50640
50729
50641
50730
50642
50731
50643
50732
50644
50733
50645
50734
50646
50735
50647
50736
50648
50737
50649
50738
50650
50739
50651
50740
50652
50741
50653
50742
50654
50743
50655
50744
50656
50745
50657
50746
50658
50747
50659
50748
50660
50749
50661
50750
50662
50751
50663
50752
50664
50753
50665
50754
50666
50755
50667
50756
50668
50757
50669
50758
50759
50671
50760
50672
50761
50673
50762
50674
50763
50675
50764
50676
50765
50677
50766
50678
50767
50679
50768
50680
50769
50681
50770
50682
50771
50683
50772
50684
50773
50685
50774
50686
50775
50687
50776
50688
50777
50689
50778
50690
50779
50691
50780
50692
50781
50693
50782
50694
50783
50695
50784
50696
50785
50697
50786
50698
50787
50699
50788
50700
50789
50701
50790
50702
50791
50703
50792
50704
50793
50705
50794
50706
50795
50707
50796
50708
50797
50709
50798
50710
50799
50711
50800
50712
50801
50713
50802
50714
50803
50715
50804
50716
50805
50717
50806
50718
50807
50719
50808
50720
50809
50721
50810
50722
50811
50723
50812
50724
50813
50725
50814
50726
50815
50727
50816
50728
50817
50729
50818
50730
50819
50731
50820
50732
50821
50733
50822
50734
50823
50735
50824
50736
50825
50737
50826
50738
50827
50739
50828
50740
50829
50741
50830
50742
50831
50743
50832
50744
50833
50745
50834
50746
50835
50747
50836
50748
50837
50749
50838
50750
50839
50751
50840
50752
50841
50753
50842
50754
50843
50755
50844
50756
50845
50757
50846
50758
50847
50759
50848
50849
50761
50850
50762
50851
50763
50852
50764
50853
50765
50854
50766
50855
50767
50856
50768
50857
50769
50858
50770
50859
50771
50860
50772
50861
50773
50862
50774
50863
50775
50864
50776
50865
50777
50866
50778
50867
50779
50868
50780
50869
50781
50870
50782
50871
50783
50872
50784
50873
50785
50874
50786
50875
50787
50876
50788
50877
50789
50878
50790
50879
50791
50880
50792
50881
50793
50882
50794
50883
50795
50884
50796
50885
50797
50886
50798
50887
50799
50888
50800
50889
50801
50890
50802
50891
50803
50892
50804
50893
50805
50894
50806
50895
50807
50896
50808
50897
50809
50898
50810
50899
50811
50900
50812
50901
50813
50902
50814
50903
50815
50904
50816
50905
50817
50906
50818
50907
50819
50908
50820
50909
50821
50910
50822
50911
50823
50912
50824
50913
50825
50914
50826
50915
50827
50916
50828
50917
50829
50918
50830
50919
50831
50920
50832
50921
50833
50922
50834
50923
50835
50924
50836
50925
50837
50926
50838
50927
50839
50928
50840
50929
50841
50930
50842
50931
50843
50932
50844
50933
50845
50934
50846
50935
50847
50936
50848
50937
50849
50938
50939
50851
50940
50852
50941
50853
50942
50854
50943
50855
50944
50856
50945
50857
50946
50858
50947
50859
50948
50860
50949
50861
50950
50862
50951
50863
50952
50864
50953
50865
50954
50866
50955
50867
50956
50868
50957
50869
50958
50870
50959
50871
50960
50872
50961
50873
50962
50874
50963
50875
50964
50876
50965
50877
50966
50878
50967
50879
50968
50880
50969
50881
50970
50882
50971
50883
50972
50884
50973
50885
50974
50886
50975
50887
50976
50888
50977
50889
50978
50890
50979
50891
50980
50892
50981
50893
50982
50894
50983
50895
50984
50896
50985
50897
50986
50898
50987
50899
50988
50900
50989
50901
50990
50902
50991
50903
50992
50904
50993
50905
50994
50906
50995
50907
50996
50908
50997
50909
50998
50910
50999
50911
51000
50912
51001
50913
51002
50914
51003
50915
51004
50916
51005
50917
51006
50918
51007
50919
51008
50920
51009
50921
51010
50922
51011
50923
51012
50924
51013
50925
51014
50926
51015
50927
51016
50928
51017
50929
51018
50930
51019
50931
51020
50932
51021
50933
51022
50934
51023
50935
51024
50936
51025
50937
51026
50938
51027
50939
51028
51029
50941
51030
50942
51031
50943
51032
50944
51033
50945
51034
50946
51035
50947
51036
50948
51037
50949
51038
50950
51039
50951
51040
50952
51041
50953
51042
50954
51043
50955
51044
50956
51045
50957
51046
50958
51047
50959
51048
50960
51049
50961
51050
50962
51051
50963
51052
50964
51053
50965
51054
50966
51055
50967
51056
50968
51057
50969
51058
50970
51059
50971
51060
50972
51061
50973
51062
50974
51063
50975
51064
50976
51065
50977
51066
50978
51067
50979
51068
50980
51069
50981
51070
50982
51071
50983
51072
50984
51073
50985
51074
50986
51075
50987
51076
50988
51077
50989
51078
50990
51079
50991
51080
50992
51081
50993
51082
50994
51083
50995
51084
50996
51085
50997
51086
50998
51087
50999
51088
51000
51089
51001
51090
51002
51091
51003
51092
51004
51093
51005
51094
51006
51095
51007
51096
51008
51097
51009
51098
51010
51099
51011
51100
51012
51101
51013
51102
51014
51103
51015
51104
51016
51105
51017
51106
51018
51107
51019
51108
51020
51109
51021
51110
51022
51111
51023
51112
51024
51113
51025
51114
51026
51115
51027
51116
51028
51117
51029
51118
51119
51031
51120
51032
51121
51033
51122
51034
51123
51035
51124
51036
51125
51037
51126
51038
51127
51039
51128
51040
51129
51041
51130
51042
51131
51043
51132
51044
51133
51045
51134
51046
51135
51047
51136
51048
51137
51049
51138
51050
51139
51051
51140
51052
51141
51053
51142
51054
51143
51055
51144
51056
51145
51057
51146
51058
51147
51059
51148
51060
51149
51061
51150
51062
51151
51063
51152
51064
51153
51065
51154
51066
51155
51067
51156
51068
51157
51069
51158
51070
51159
51071
51160
51072
51161
51073
51162
51074
51163
51075
51164
51076
51165
51077
51166
51078
51167
51079
51168
51080
51169
51081
51170
51082
51171
51083
51172
51084
51173
51085
51174
51086
51175
51087
51176
51088
51177
51089
51178
51090
51179
51091
51180
51092
51181
51093
51182
51094
51183
51095
51184
51096
51185
51097
51186
51098
51187
51099
51188
51100
51189
51101
51190
51102
51191
51103
51192
51104
51193
51105
51194
51106
51195
51107
51196
51108
51197
51109
51198
51110
51199
51111
51200
51112
51201
51113
51202
51114
51203
51115
51204
51116
51205
51117
51206
51118
51207
51119
51208
51209
51121
51210
51122
51211
51123
51212
51124
51213
51125
51214
51126
51215
51127
51216
51128
51217
51129
51218
51130
51219
51131
51220
51132
51221
51133
51222
51134
51223
51135
51224
51136
51225
51137
51226
51138
51227
51139
51228
51140
51229
51141
51230
51142
51231
51143
51232
51144
51233
51145
51234
51146
51235
51147
51236
51148
51237
51149
51238
51150
51239
51151
51240
51152
51241
51153
51242
51154
51243
51155
51244
51156
51245
51157
51246
51158
51247
51159
51248
51160
51249
51161
51250
51162
51251
51163
51252
51164
51253
51165
51254
51166
51255
51167
51256
51168
51257
51169
51258
51170
51259
51171
51260
51172
51261
51173
51262
51174
51263
51175
51264
51176
51265
51177
51266
51178
51267
51179
51268
51180
51269
51181
51270
51182
51271
51183
51272
51184
51273
51185
51274
51186
51275
51187
51276
51188
51277
51189
51278
51190
51279
51191
51280
51192
51281
51193
51282
51194
51283
51195
51284
51196
51285
51197
51286
51198
51287
51199
51288
51200
51289
51201
51290
51202
51291
51203
51292
51204
51293
51205
51294
51206
51295
51207
51296
51208
51297
51209
51298
51299
51211
51300
51212
51301
51213
51302
51214
51303
51215
51304
51216
51305
51217
51306
51218
51307
51219
51308
51220
51309
51221
51310
51222
51311
51223
51312
51224
51313
51225
51314
51226
51315
51227
51316
51228
51317
51229
51318
51230
51319
51231
51320
51232
51321
51233
51322
51234
51323
51235
51324
51236
51325
51237
51326
51238
51327
51239
51328
51240
51329
51241
51330
51242
51331
51243
51332
51244
51333
51245
51334
51246
51335
51247
51336
51248
51337
51249
51338
51250
51339
51251
51340
51252
51341
51253
51342
51254
51343
51255
51344
51256
51345
51257
51346
51258
51347
51259
51348
51260
51349
51261
51350
51262
51351
51263
51352
51264
51353
51265
51354
51266
51355
51267
51356
51268
51357
51269
51358
51270
51359
51271
51360
51272
51361
51273
51362
51274
51363
51275
51364
51276
51365
51277
51366
51278
51367
51279
51368
51280
51369
51281
51370
51282
51371
51283
51372
51284
51373
51285
51374
51286
51375
51287
51376
51288
51377
51289
51378
51290
51379
51291
51380
51292
51381
51293
51382
51294
51383
51295
51384
51296
51385
51297
51386
51298
51387
51299
51388
51389
51301
51390
51302
51391
51303
51392
51304
51393
51305
51394
51306
51395
51307
51396
51308
51397
51309
51398
51310
51399
51311
51400
51312
51401
51313
51402
51314
51403
51315
51404
51316
51405
51317
51406
51318
51407
51319
51408
51320
51409
51321
51410
51322
51411
51323
51412
51324
51413
51325
51414
51326
51415
51327
51416
51328
51417
51329
51418
51330
51419
51331
51420
51332
51421
51333
51422
51334
51423
51335
51424
51336
51425
51337
51426
51338
51427
51339
51428
51340
51429
51341
51430
51342
51431
51343
51432
51344
51433
51345
51434
51346
51435
51347
51436
51348
51437
51349
51438
51350
51439
51351
51440
51352
51441
51353
51442
51354
51443
51355
51444
51356
51445
51357
51446
51358
51447
51359
51448
51360
51449
51361
51450
51362
51451
51363
51452
51364
51453
51365
51454
51366
51455
51367
51456
51368
51457
51369
51458
51370
51459
51371
51460
51372
51461
51373
51462
51374
51463
51375
51464
51376
51465
51377
51466
51378
51467
51379
51468
51380
51469
51381
51470
51382
51471
51383
51472
51384
51473
51385
51474
51386
51475
51387
51476
51388
51477
51389
51478
51479
51391
51480
51392
51481
51393
51482
51394
51483
51395
51484
51396
51485
51397
51486
51398
51487
51399
51488
51400
51489
51401
51490
51402
51491
51403
51492
51404
51493
51405
51494
51406
51495
51407
51496
51408
51497
51409
51498
51410
51499
51411
51500
51412
51501
51413
51502
51414
51503
51415
51504
51416
51505
51417
51506
51418
51507
51419
51508
51420
51509
51421
51510
51422
51511
51423
51512
51424
51513
51425
51514
51426
51515
51427
51516
51428
51517
51429
51518
51430
51519
51431
51520
51432
51521
51433
51522
51434
51523
51435
51524
51436
51525
51437
51526
51438
51527
51439
51528
51440
51529
51441
51530
51442
51531
51443
51532
51444
51533
51445
51534
51446
51535
51447
51536
51448
51537
51449
51538
51450
51539
51451
51540
51452
51541
51453
51542
51454
51543
51455
51544
51456
51545
51457
51546
51458
51547
51459
51548
51460
51549
51461
51550
51462
51551
51463
51552
51464
51553
51465
51554
51466
51555
51467
51556
51468
51557
51469
51558
51470
51559
51471
51560
51472
51561
51473
51562
51474
51563
51475
51564
51476
51565
51477
51566
51478
51567
51479
51568
51569
51481
51570
51482
51571
51483
51572
51484
51573
51485
51574
51486
51575
51487
51576
51488
51577
51489
51578
51490
51579
51491
51580
51492
51581
51493
51582
51494
51583
51495
51584
51496
51585
51497
51586
51498
51587
51499
51588
51500
51589
51501
51590
51502
51591
51503
51592
51504
51593
51505
51594
51506
51595
51507
51596
51508
51597
51509
51598
51510
51599
51511
51600
51512
51601
51513
51602
51514
51603
51515
51604
51516
51605
51517
51606
51518
51607
51519
51608
51520
51609
51521
51610
51522
51611
51523
51612
51524
51613
51525
51614
51526
51615
51527
51616
51528
51617
51529
51618
51530
51619
51531
51620
51532
51621
51533
51622
51534
51623
51535
51624
51536
51625
51537
51626
51538
51627
51539
51628
51540
51629
51541
51630
51542
51631
51543
51632
51544
51633
51545
51634
51546
51635
51547
51636
51548
51637
51549
51638
51550
51639
51551
51640
51552
51641
51553
51642
51554
51643
51555
51644
51556
51645
51557
51646
51558
51647
51559
51648
51560
51649
51561
51650
51562
51651
51563
51652
51564
51653
51565
51654
51566
51655
51567
51656
51568
51657
51569
51658
51659
51571
51660
51572
51661
51573
51662
51574
51663
51575
51664
51576
51665
51577
51666
51578
51667
51579
51668
51580
51669
51581
51670
51582
51671
51583
51672
51584
51673
51585
51674
51586
51675
51587
51676
51588
51677
51589
51678
51590
51679
51591
51680
51592
51681
51593
51682
51594
51683
51595
51684
51596
51685
51597
51686
51598
51687
51599
51688
51600
51689
51601
51690
51602
51691
51603
51692
51604
51693
51605
51694
51606
51695
51607
51696
51608
51697
51609
51698
51610
51699
51611
51700
51612
51701
51613
51702
51614
51703
51615
51704
51616
51705
51617
51706
51618
51707
51619
51708
51620
51709
51621
51710
51622
51711
51623
51712
51624
51713
51625
51714
51626
51715
51627
51716
51628
51717
51629
51718
51630
51719
51631
51720
51632
51721
51633
51722
51634
51723
51635
51724
51636
51725
51637
51726
51638
51727
51639
51728
51640
51729
51641
51730
51642
51731
51643
51732
51644
51733
51645
51734
51646
51735
51647
51736
51648
51737
51649
51738
51650
51739
51651
51740
51652
51741
51653
51742
51654
51743
51655
51744
51656
51745
51657
51746
51658
51747
51659
51748
51749
51661
51750
51662
51751
51663
51752
51664
51753
51665
51754
51666
51755
51667
51756
51668
51757
51669
51758
51670
51759
51671
51760
51672
51761
51673
51762
51674
51763
51675
51764
51676
51765
51677
51766
51678
51767
51679
51768
51680
51769
51681
51770
51682
51771
51683
51772
51684
51773
51685
51774
51686
51775
51687
51776
51688
51777
51689
51778
51690
51779
51691
51780
51692
51781
51693
51782
51694
51783
51695
51784
51696
51785
51697
51786
51698
51787
51699
51788
51700
51789
51701
51790
51702
51791
51703
51792
51704
51793
51705
51794
51706
51795
51707
51796
51708
51797
51709
51798
51710
51799
51711
51800
51712
51801
51713
51802
51714
51803
51715
51804
51716
51805
51717
51806
51718
51807
51719
51808
51720
51809
51721
51810
51722
51811
51723
51812
51724
51813
51725
51814
51726
51815
51727
51816
51728
51817
51729
51818
51730
51819
51731
51820
51732
51821
51733
51822
51734
51823
51735
51824
51736
51825
51737
51826
51738
51827
51739
51828
51740
51829
51741
51830
51742
51831
51743
51832
51744
51833
51745
51834
51746
51835
51747
51836
51748
51837
51749
51838
51839
51751
51840
51752
51841
51753
51842
51754
51843
51755
51844
51756
51845
51757
51846
51758
51847
51759
51848
51760
51849
51761
51850
51762
51851
51763
51852
51764
51853
51765
51854
51766
51855
51767
51856
51768
51857
51769
51858
51770
51859
51771
51860
51772
51861
51773
51862
51774
51863
51775
51864
51776
51865
51777
51866
51778
51867
51779
51868
51780
51869
51781
51870
51782
51871
51783
51872
51784
51873
51785
51874
51786
51875
51787
51876
51788
51877
51789
51878
51790
51879
51791
51880
51792
51881
51793
51882
51794
51883
51795
51884
51796
51885
51797
51886
51798
51887
51799
51888
51800
51889
51801
51890
51802
51891
51803
51892
51804
51893
51805
51894
51806
51895
51807
51896
51808
51897
51809
51898
51810
51899
51811
51900
51812
51901
51813
51902
51814
51903
51815
51904
51816
51905
51817
51906
51818
51907
51819
51908
51820
51909
51821
51910
51822
51911
51823
51912
51824
51913
51825
51914
51826
51915
51827
51916
51828
51917
51829
51918
51830
51919
51831
51920
51832
51921
51833
51922
51834
51923
51835
51924
51836
51925
51837
51926
51838
51927
51839
51928
51929
51841
51930
51842
51931
51843
51932
51844
51933
51845
51934
51846
51935
51847
51936
51848
51937
51849
51938
51850
51939
51851
51940
51852
51941
51853
51942
51854
51943
51855
51944
51856
51945
51857
51946
51858
51947
51859
51948
51860
51949
51861
51950
51862
51951
51863
51952
51864
51953
51865
51954
51866
51955
51867
51956
51868
51957
51869
51958
51870
51959
51871
51960
51872
51961
51873
51962
51874
51963
51875
51964
51876
51965
51877
51966
51878
51967
51879
51968
51880
51969
51881
51970
51882
51971
51883
51972
51884
51973
51885
51974
51886
51975
51887
51976
51888
51977
51889
51978
51890
51979
51891
51980
51892
51981
51893
51982
51894
51983
51895
51984
51896
51985
51897
51986
51898
51987
51899
51988
51900
51989
51901
51990
51902
51991
51903
51992
51904
51993
51905
51994
51906
51995
51907
51996
51908
51997
51909
51998
51910
51999
51911
52000
51912
52001
51913
52002
51914
52003
51915
52004
51916
52005
51917
52006
51918
52007
51919
52008
51920
52009
51921
52010
51922
52011
51923
52012
51924
52013
51925
52014
51926
52015
51927
52016
51928
52017
51929
52018
52019
51931
52020
51932
52021
51933
52022
51934
52023
51935
52024
51936
52025
51937
52026
51938
52027
51939
52028
51940
52029
51941
52030
51942
52031
51943
52032
51944
52033
51945
52034
51946
52035
51947
52036
51948
52037
51949
52038
51950
52039
51951
52040
51952
52041
51953
52042
51954
52043
51955
52044
51956
52045
51957
52046
51958
52047
51959
52048
51960
52049
51961
52050
51962
52051
51963
52052
51964
52053
51965
52054
51966
52055
51967
52056
51968
52057
51969
52058
51970
52059
51971
52060
51972
52061
51973
52062
51974
52063
51975
52064
51976
52065
51977
52066
51978
52067
51979
52068
51980
52069
51981
52070
51982
52071
51983
52072
51984
52073
51985
52074
51986
52075
51987
52076
51988
52077
51989
52078
51990
52079
51991
52080
51992
52081
51993
52082
51994
52083
51995
52084
51996
52085
51997
52086
51998
52087
51999
52088
52000
52089
52001
52090
52002
52091
52003
52092
52004
52093
52005
52094
52006
52095
52007
52096
52008
52097
52009
52098
52010
52099
52011
52100
52012
52101
52013
52102
52014
52103
52015
52104
52016
52105
52017
52106
52018
52107
52019
52108
52109
52021
52110
52022
52111
52023
52112
52024
52113
52025
52114
52026
52115
52027
52116
52028
52117
52029
52118
52030
52119
52031
52120
52032
52121
52033
52122
52034
52123
52035
52124
52036
52125
52037
52126
52038
52127
52039
52128
52040
52129
52041
52130
52042
52131
52043
52132
52044
52133
52045
52134
52046
52135
52047
52136
52048
52137
52049
52138
52050
52139
52051
52140
52052
52141
52053
52142
52054
52143
52055
52144
52056
52145
52057
52146
52058
52147
52059
52148
52060
52149
52061
52150
52062
52151
52063
52152
52064
52153
52065
52154
52066
52155
52067
52156
52068
52157
52069
52158
52070
52159
52071
52160
52072
52161
52073
52162
52074
52163
52075
52164
52076
52165
52077
52166
52078
52167
52079
52168
52080
52169
52081
52170
52082
52171
52083
52172
52084
52173
52085
52174
52086
52175
52087
52176
52088
52177
52089
52178
52090
52179
52091
52180
52092
52181
52093
52182
52094
52183
52095
52184
52096
52185
52097
52186
52098
52187
52099
52188
52100
52189
52101
52190
52102
52191
52103
52192
52104
52193
52105
52194
52106
52195
52107
52196
52108
52197
52109
52198
52199
52111
52200
52112
52201
52113
52202
52114
52203
52115
52204
52116
52205
52117
52206
52118
52207
52119
52208
52120
52209
52121
52210
52122
52211
52123
52212
52124
52213
52125
52214
52126
52215
52127
52216
52128
52217
52129
52218
52130
52219
52131
52220
52132
52221
52133
52222
52134
52223
52135
52224
52136
52225
52137
52226
52138
52227
52139
52228
52140
52229
52141
52230
52142
52231
52143
52232
52144
52233
52145
52234
52146
52235
52147
52236
52148
52237
52149
52238
52150
52239
52151
52240
52152
52241
52153
52242
52154
52243
52155
52244
52156
52245
52157
52246
52158
52247
52159
52248
52160
52249
52161
52250
52162
52251
52163
52252
52164
52253
52165
52254
52166
52255
52167
52256
52168
52257
52169
52258
52170
52259
52171
52260
52172
52261
52173
52262
52174
52263
52175
52264
52176
52265
52177
52266
52178
52267
52179
52268
52180
52269
52181
52270
52182
52271
52183
52272
52184
52273
52185
52274
52186
52275
52187
52276
52188
52277
52189
52278
52190
52279
52191
52280
52192
52281
52193
52282
52194
52283
52195
52284
52196
52285
52197
52286
52198
52287
52199
52288
52289
52201
52290
52202
52291
52203
52292
52204
52293
52205
52294
52206
52295
52207
52296
52208
52297
52209
52298
52210
52299
52211
52300
52212
52301
52213
52302
52214
52303
52215
52304
52216
52305
52217
52306
52218
52307
52219
52308
52220
52309
52221
52310
52222
52311
52223
52312
52224
52313
52225
52314
52226
52315
52227
52316
52228
52317
52229
52318
52230
52319
52231
52320
52232
52321
52233
52322
52234
52323
52235
52324
52236
52325
52237
52326
52238
52327
52239
52328
52240
52329
52241
52330
52242
52331
52243
52332
52244
52333
52245
52334
52246
52335
52247
52336
52248
52337
52249
52338
52250
52339
52251
52340
52252
52341
52253
52342
52254
52343
52255
52344
52256
52345
52257
52346
52258
52347
52259
52348
52260
52349
52261
52350
52262
52351
52263
52352
52264
52353
52265
52354
52266
52355
52267
52356
52268
52357
52269
52358
52270
52359
52271
52360
52272
52361
52273
52362
52274
52363
52275
52364
52276
52365
52277
52366
52278
52367
52279
52368
52280
52369
52281
52370
52282
52371
52283
52372
52284
52373
52285
52374
52286
52375
52287
52376
52288
52377
52289
52378
52379
52291
52380
52292
52381
52293
52382
52294
52383
52295
52384
52296
52385
52297
52386
52298
52387
52299
52388
52300
52389
52301
52390
52302
52391
52303
52392
52304
52393
52305
52394
52306
52395
52307
52396
52308
52397
52309
52398
52310
52399
52311
52400
52312
52401
52313
52402
52314
52403
52315
52404
52316
52405
52317
52406
52318
52407
52319
52408
52320
52409
52321
52410
52322
52411
52323
52412
52324
52413
52325
52414
52326
52415
52327
52416
52328
52417
52329
52418
52330
52419
52331
52420
52332
52421
52333
52422
52334
52423
52335
52424
52336
52425
52337
52426
52338
52427
52339
52428
52340
52429
52341
52430
52342
52431
52343
52432
52344
52433
52345
52434
52346
52435
52347
52436
52348
52437
52349
52438
52350
52439
52351
52440
52352
52441
52353
52442
52354
52443
52355
52444
52356
52445
52357
52446
52358
52447
52359
52448
52360
52449
52361
52450
52362
52451
52363
52452
52364
52453
52365
52454
52366
52455
52367
52456
52368
52457
52369
52458
52370
52459
52371
52460
52372
52461
52373
52462
52374
52463
52375
52464
52376
52465
52377
52466
52378
52467
52379
52468
52469
52381
52470
52382
52471
52383
52472
52384
52473
52385
52474
52386
52475
52387
52476
52388
52477
52389
52478
52390
52479
52391
52480
52392
52481
52393
52482
52394
52483
52395
52484
52396
52485
52397
52486
52398
52487
52399
52488
52400
52489
52401
52490
52402
52491
52403
52492
52404
52493
52405
52494
52406
52495
52407
52496
52408
52497
52409
52498
52410
52499
52411
52500
52412
52501
52413
52502
52414
52503
52415
52504
52416
52505
52417
52506
52418
52507
52419
52508
52420
52509
52421
52510
52422
52511
52423
52512
52424
52513
52425
52514
52426
52515
52427
52516
52428
52517
52429
52518
52430
52519
52431
52520
52432
52521
52433
52522
52434
52523
52435
52524
52436
52525
52437
52526
52438
52527
52439
52528
52440
52529
52441
52530
52442
52531
52443
52532
52444
52533
52445
52534
52446
52535
52447
52536
52448
52537
52449
52538
52450
52539
52451
52540
52452
52541
52453
52542
52454
52543
52455
52544
52456
52545
52457
52546
52458
52547
52459
52548
52460
52549
52461
52550
52462
52551
52463
52552
52464
52553
52465
52554
52466
52555
52467
52556
52468
52557
52469
52558
52559
52471
52560
52472
52561
52473
52562
52474
52563
52475
52564
52476
52565
52477
52566
52478
52567
52479
52568
52480
52569
52481
52570
52482
52571
52483
52572
52484
52573
52485
52574
52486
52575
52487
52576
52488
52577
52489
52578
52490
52579
52491
52580
52492
52581
52493
52582
52494
52583
52495
52584
52496
52585
52497
52586
52498
52587
52499
52588
52500
52589
52501
52590
52502
52591
52503
52592
52504
52593
52505
52594
52506
52595
52507
52596
52508
52597
52509
52598
52510
52599
52511
52600
52512
52601
52513
52602
52514
52603
52515
52604
52516
52605
52517
52606
52518
52607
52519
52608
52520
52609
52521
52610
52522
52611
52523
52612
52524
52613
52525
52614
52526
52615
52527
52616
52528
52617
52529
52618
52530
52619
52531
52620
52532
52621
52533
52622
52534
52623
52535
52624
52536
52625
52537
52626
52538
52627
52539
52628
52540
52629
52541
52630
52542
52631
52543
52632
52544
52633
52545
52634
52546
52635
52547
52636
52548
52637
52549
52638
52550
52639
52551
52640
52552
52641
52553
52642
52554
52643
52555
52644
52556
52645
52557
52646
52558
52647
52559
52648
52649
52561
52650
52562
52651
52563
52652
52564
52653
52565
52654
52566
52655
52567
52656
52568
52657
52569
52658
52570
52659
52571
52660
52572
52661
52573
52662
52574
52663
52575
52664
52576
52665
52577
52666
52578
52667
52579
52668
52580
52669
52581
52670
52582
52671
52583
52672
52584
52673
52585
52674
52586
52675
52587
52676
52588
52677
52589
52678
52590
52679
52591
52680
52592
52681
52593
52682
52594
52683
52595
52684
52596
52685
52597
52686
52598
52687
52599
52688
52600
52689
52601
52690
52602
52691
52603
52692
52604
52693
52605
52694
52606
52695
52607
52696
52608
52697
52609
52698
52610
52699
52611
52700
52612
52701
52613
52702
52614
52703
52615
52704
52616
52705
52617
52706
52618
52707
52619
52708
52620
52709
52621
52710
52622
52711
52623
52712
52624
52713
52625
52714
52626
52715
52627
52716
52628
52717
52629
52718
52630
52719
52631
52720
52632
52721
52633
52722
52634
52723
52635
52724
52636
52725
52637
52726
52638
52727
52639
52728
52640
52729
52641
52730
52642
52731
52643
52732
52644
52733
52645
52734
52646
52735
52647
52736
52648
52737
52649
52738
52739
52651
52740
52652
52741
52653
52742
52654
52743
52655
52744
52656
52745
52657
52746
52658
52747
52659
52748
52660
52749
52661
52750
52662
52751
52663
52752
52664
52753
52665
52754
52666
52755
52667
52756
52668
52757
52669
52758
52670
52759
52671
52760
52672
52761
52673
52762
52674
52763
52675
52764
52676
52765
52677
52766
52678
52767
52679
52768
52680
52769
52681
52770
52682
52771
52683
52772
52684
52773
52685
52774
52686
52775
52687
52776
52688
52777
52689
52778
52690
52779
52691
52780
52692
52781
52693
52782
52694
52783
52695
52784
52696
52785
52697
52786
52698
52787
52699
52788
52700
52789
52701
52790
52702
52791
52703
52792
52704
52793
52705
52794
52706
52795
52707
52796
52708
52797
52709
52798
52710
52799
52711
52800
52712
52801
52713
52802
52714
52803
52715
52804
52716
52805
52717
52806
52718
52807
52719
52808
52720
52809
52721
52810
52722
52811
52723
52812
52724
52813
52725
52814
52726
52815
52727
52816
52728
52817
52729
52818
52730
52819
52731
52820
52732
52821
52733
52822
52734
52823
52735
52824
52736
52825
52737
52826
52738
52827
52739
52828
52829
52741
52830
52742
52831
52743
52832
52744
52833
52745
52834
52746
52835
52747
52836
52748
52837
52749
52838
52750
52839
52751
52840
52752
52841
52753
52842
52754
52843
52755
52844
52756
52845
52757
52846
52758
52847
52759
52848
52760
52849
52761
52850
52762
52851
52763
52852
52764
52853
52765
52854
52766
52855
52767
52856
52768
52857
52769
52858
52770
52859
52771
52860
52772
52861
52773
52862
52774
52863
52775
52864
52776
52865
52777
52866
52778
52867
52779
52868
52780
52869
52781
52870
52782
52871
52783
52872
52784
52873
52785
52874
52786
52875
52787
52876
52788
52877
52789
52878
52790
52879
52791
52880
52792
52881
52793
52882
52794
52883
52795
52884
52796
52885
52797
52886
52798
52887
52799
52888
52800
52889
52801
52890
52802
52891
52803
52892
52804
52893
52805
52894
52806
52895
52807
52896
52808
52897
52809
52898
52810
52899
52811
52900
52812
52901
52813
52902
52814
52903
52815
52904
52816
52905
52817
52906
52818
52907
52819
52908
52820
52909
52821
52910
52822
52911
52823
52912
52824
52913
52825
52914
52826
52915
52827
52916
52828
52917
52829
52918
52919
52831
52920
52832
52921
52833
52922
52834
52923
52835
52924
52836
52925
52837
52926
52838
52927
52839
52928
52840
52929
52841
52930
52842
52931
52843
52932
52844
52933
52845
52934
52846
52935
52847
52936
52848
52937
52849
52938
52850
52939
52851
52940
52852
52941
52853
52942
52854
52943
52855
52944
52856
52945
52857
52946
52858
52947
52859
52948
52860
52949
52861
52950
52862
52951
52863
52952
52864
52953
52865
52954
52866
52955
52867
52956
52868
52957
52869
52958
52870
52959
52871
52960
52872
52961
52873
52962
52874
52963
52875
52964
52876
52965
52877
52966
52878
52967
52879
52968
52880
52969
52881
52970
52882
52971
52883
52972
52884
52973
52885
52974
52886
52975
52887
52976
52888
52977
52889
52978
52890
52979
52891
52980
52892
52981
52893
52982
52894
52983
52895
52984
52896
52985
52897
52986
52898
52987
52899
52988
52900
52989
52901
52990
52902
52991
52903
52992
52904
52993
52905
52994
52906
52995
52907
52996
52908
52997
52909
52998
52910
52999
52911
53000
52912
53001
52913
53002
52914
53003
52915
53004
52916
53005
52917
53006
52918
53007
52919
53008
53009
52921
53010
52922
53011
52923
53012
52924
53013
52925
53014
52926
53015
52927
53016
52928
53017
52929
53018
52930
53019
52931
53020
52932
53021
52933
53022
52934
53023
52935
53024
52936
53025
52937
53026
52938
53027
52939
53028
52940
53029
52941
53030
52942
53031
52943
53032
52944
53033
52945
53034
52946
53035
52947
53036
52948
53037
52949
53038
52950
53039
52951
53040
52952
53041
52953
53042
52954
53043
52955
53044
52956
53045
52957
53046
52958
53047
52959
53048
52960
53049
52961
53050
52962
53051
52963
53052
52964
53053
52965
53054
52966
53055
52967
53056
52968
53057
52969
53058
52970
53059
52971
53060
52972
53061
52973
53062
52974
53063
52975
53064
52976
53065
52977
53066
52978
53067
52979
53068
52980
53069
52981
53070
52982
53071
52983
53072
52984
53073
52985
53074
52986
53075
52987
53076
52988
53077
52989
53078
52990
53079
52991
53080
52992
53081
52993
53082
52994
53083
52995
53084
52996
53085
52997
53086
52998
53087
52999
53088
53000
53089
53001
53090
53002
53091
53003
53092
53004
53093
53005
53094
53006
53095
53007
53096
53008
53097
53009
53098
53099
53011
53100
53012
53101
53013
53102
53014
53103
53015
53104
53016
53105
53017
53106
53018
53107
53019
53108
53020
53109
53021
53110
53022
53111
53023
53112
53024
53113
53025
53114
53026
53115
53027
53116
53028
53117
53029
53118
53030
53119
53031
53120
53032
53121
53033
53122
53034
53123
53035
53124
53036
53125
53037
53126
53038
53127
53039
53128
53040
53129
53041
53130
53042
53131
53043
53132
53044
53133
53045
53134
53046
53135
53047
53136
53048
53137
53049
53138
53050
53139
53051
53140
53052
53141
53053
53142
53054
53143
53055
53144
53056
53145
53057
53146
53058
53147
53059
53148
53060
53149
53061
53150
53062
53151
53063
53152
53064
53153
53065
53154
53066
53155
53067
53156
53068
53157
53069
53158
53070
53159
53071
53160
53072
53161
53073
53162
53074
53163
53075
53164
53076
53165
53077
53166
53078
53167
53079
53168
53080
53169
53081
53170
53082
53171
53083
53172
53084
53173
53085
53174
53086
53175
53087
53176
53088
53177
53089
53178
53090
53179
53091
53180
53092
53181
53093
53182
53094
53183
53095
53184
53096
53185
53097
53186
53098
53187
53099
53188
53189
53101
53190
53102
53191
53103
53192
53104
53193
53105
53194
53106
53195
53107
53196
53108
53197
53109
53198
53110
53199
53111
53200
53112
53201
53113
53202
53114
53203
53115
53204
53116
53205
53117
53206
53118
53207
53119
53208
53120
53209
53121
53210
53122
53211
53123
53212
53124
53213
53125
53214
53126
53215
53127
53216
53128
53217
53129
53218
53130
53219
53131
53220
53132
53221
53133
53222
53134
53223
53135
53224
53136
53225
53137
53226
53138
53227
53139
53228
53140
53229
53141
53230
53142
53231
53143
53232
53144
53233
53145
53234
53146
53235
53147
53236
53148
53237
53149
53238
53150
53239
53151
53240
53152
53241
53153
53242
53154
53243
53155
53244
53156
53245
53157
53246
53158
53247
53159
53248
53160
53249
53161
53250
53162
53251
53163
53252
53164
53253
53165
53254
53166
53255
53167
53256
53168
53257
53169
53258
53170
53259
53171
53260
53172
53261
53173
53262
53174
53263
53175
53264
53176
53265
53177
53266
53178
53267
53179
53268
53180
53269
53181
53270
53182
53271
53183
53272
53184
53273
53185
53274
53186
53275
53187
53276
53188
53277
53189
53278
53279
53191
53280
53192
53281
53193
53282
53194
53283
53195
53284
53196
53285
53197
53286
53198
53287
53199
53288
53200
53289
53201
53290
53202
53291
53203
53292
53204
53293
53205
53294
53206
53295
53207
53296
53208
53297
53209
53298
53210
53299
53211
53300
53212
53301
53213
53302
53214
53303
53215
53304
53216
53305
53217
53306
53218
53307
53219
53308
53220
53309
53221
53310
53222
53311
53223
53312
53224
53313
53225
53314
53226
53315
53227
53316
53228
53317
53229
53318
53230
53319
53231
53320
53232
53321
53233
53322
53234
53323
53235
53324
53236
53325
53237
53326
53238
53327
53239
53328
53240
53329
53241
53330
53242
53331
53243
53332
53244
53333
53245
53334
53246
53335
53247
53336
53248
53337
53249
53338
53250
53339
53251
53340
53252
53341
53253
53342
53254
53343
53255
53344
53256
53345
53257
53346
53258
53347
53259
53348
53260
53349
53261
53350
53262
53351
53263
53352
53264
53353
53265
53354
53266
53355
53267
53356
53268
53357
53269
53358
53270
53359
53271
53360
53272
53361
53273
53362
53274
53363
53275
53364
53276
53365
53277
53366
53278
53367
53279
53368
53369
53281
53370
53282
53371
53283
53372
53284
53373
53285
53374
53286
53375
53287
53376
53288
53377
53289
53378
53290
53379
53291
53380
53292
53381
53293
53382
53294
53383
53295
53384
53296
53385
53297
53386
53298
53387
53299
53388
53300
53389
53301
53390
53302
53391
53303
53392
53304
53393
53305
53394
53306
53395
53307
53396
53308
53397
53309
53398
53310
53399
53311
53400
53312
53401
53313
53402
53314
53403
53315
53404
53316
53405
53317
53406
53318
53407
53319
53408
53320
53409
53321
53410
53322
53411
53323
53412
53324
53413
53325
53414
53326
53415
53327
53416
53328
53417
53329
53418
53330
53419
53331
53420
53332
53421
53333
53422
53334
53423
53335
53424
53336
53425
53337
53426
53338
53427
53339
53428
53340
53429
53341
53430
53342
53431
53343
53432
53344
53433
53345
53434
53346
53435
53347
53436
53348
53437
53349
53438
53350
53439
53351
53440
53352
53441
53353
53442
53354
53443
53355
53444
53356
53445
53357
53446
53358
53447
53359
53448
53360
53449
53361
53450
53362
53451
53363
53452
53364
53453
53365
53454
53366
53455
53367
53456
53368
53457
53369
53458
53459
53371
53460
53372
53461
53373
53462
53374
53463
53375
53464
53376
53465
53377
53466
53378
53467
53379
53468
53380
53469
53381
53470
53382
53471
53383
53472
53384
53473
53385
53474
53386
53475
53387
53476
53388
53477
53389
53478
53390
53479
53391
53480
53392
53481
53393
53482
53394
53483
53395
53484
53396
53485
53397
53486
53398
53487
53399
53488
53400
53489
53401
53490
53402
53491
53403
53492
53404
53493
53405
53494
53406
53495
53407
53496
53408
53497
53409
53498
53410
53499
53411
53500
53412
53501
53413
53502
53414
53503
53415
53504
53416
53505
53417
53506
53418
53507
53419
53508
53420
53509
53421
53510
53422
53511
53423
53512
53424
53513
53425
53514
53426
53515
53427
53516
53428
53517
53429
53518
53430
53519
53431
53520
53432
53521
53433
53522
53434
53523
53435
53524
53436
53525
53437
53526
53438
53527
53439
53528
53440
53529
53441
53530
53442
53531
53443
53532
53444
53533
53445
53534
53446
53535
53447
53536
53448
53537
53449
53538
53450
53539
53451
53540
53452
53541
53453
53542
53454
53543
53455
53544
53456
53545
53457
53546
53458
53547
53459
53548
53549
53461
53550
53462
53551
53463
53552
53464
53553
53465
53554
53466
53555
53467
53556
53468
53557
53469
53558
53470
53559
53471
53560
53472
53561
53473
53562
53474
53563
53475
53564
53476
53565
53477
53566
53478
53567
53479
53568
53480
53569
53481
53570
53482
53571
53483
53572
53484
53573
53485
53574
53486
53575
53487
53576
53488
53577
53489
53578
53490
53579
53491
53580
53492
53581
53493
53582
53494
53583
53495
53584
53496
53585
53497
53586
53498
53587
53499
53588
53500
53589
53501
53590
53502
53591
53503
53592
53504
53593
53505
53594
53506
53595
53507
53596
53508
53597
53509
53598
53510
53599
53511
53600
53512
53601
53513
53602
53514
53603
53515
53604
53516
53605
53517
53606
53518
53607
53519
53608
53520
53609
53521
53610
53522
53611
53523
53612
53524
53613
53525
53614
53526
53615
53527
53616
53528
53617
53529
53618
53530
53619
53531
53620
53532
53621
53533
53622
53534
53623
53535
53624
53536
53625
53537
53626
53538
53627
53539
53628
53540
53629
53541
53630
53542
53631
53543
53632
53544
53633
53545
53634
53546
53635
53547
53636
53548
53637
53549
53638
53639
53551
53640
53552
53641
53553
53642
53554
53643
53555
53644
53556
53645
53557
53646
53558
53647
53559
53648
53560
53649
53561
53650
53562
53651
53563
53652
53564
53653
53565
53654
53566
53655
53567
53656
53568
53657
53569
53658
53570
53659
53571
53660
53572
53661
53573
53662
53574
53663
53575
53664
53576
53665
53577
53666
53578
53667
53579
53668
53580
53669
53581
53670
53582
53671
53583
53672
53584
53673
53585
53674
53586
53675
53587
53676
53588
53677
53589
53678
53590
53679
53591
53680
53592
53681
53593
53682
53594
53683
53595
53684
53596
53685
53597
53686
53598
53687
53599
53688
53600
53689
53601
53690
53602
53691
53603
53692
53604
53693
53605
53694
53606
53695
53607
53696
53608
53697
53609
53698
53610
53699
53611
53700
53612
53701
53613
53702
53614
53703
53615
53704
53616
53705
53617
53706
53618
53707
53619
53708
53620
53709
53621
53710
53622
53711
53623
53712
53624
53713
53625
53714
53626
53715
53627
53716
53628
53717
53629
53718
53630
53719
53631
53720
53632
53721
53633
53722
53634
53723
53635
53724
53636
53725
53637
53726
53638
53727
53639
53728
53729
53641
53730
53642
53731
53643
53732
53644
53733
53645
53734
53646
53735
53647
53736
53648
53737
53649
53738
53650
53739
53651
53740
53652
53741
53653
53742
53654
53743
53655
53744
53656
53745
53657
53746
53658
53747
53659
53748
53660
53749
53661
53750
53662
53751
53663
53752
53664
53753
53665
53754
53666
53755
53667
53756
53668
53757
53669
53758
53670
53759
53671
53760
53672
53761
53673
53762
53674
53763
53675
53764
53676
53765
53677
53766
53678
53767
53679
53768
53680
53769
53681
53770
53682
53771
53683
53772
53684
53773
53685
53774
53686
53775
53687
53776
53688
53777
53689
53778
53690
53779
53691
53780
53692
53781
53693
53782
53694
53783
53695
53784
53696
53785
53697
53786
53698
53787
53699
53788
53700
53789
53701
53790
53702
53791
53703
53792
53704
53793
53705
53794
53706
53795
53707
53796
53708
53797
53709
53798
53710
53799
53711
53800
53712
53801
53713
53802
53714
53803
53715
53804
53716
53805
53717
53806
53718
53807
53719
53808
53720
53809
53721
53810
53722
53811
53723
53812
53724
53813
53725
53814
53726
53815
53727
53816
53728
53817
53729
53818
53819
53731
53820
53732
53821
53733
53822
53734
53823
53735
53824
53736
53825
53737
53826
53738
53827
53739
53828
53740
53829
53741
53830
53742
53831
53743
53832
53744
53833
53745
53834
53746
53835
53747
53836
53748
53837
53749
53838
53750
53839
53751
53840
53752
53841
53753
53842
53754
53843
53755
53844
53756
53845
53757
53846
53758
53847
53759
53848
53760
53849
53761
53850
53762
53851
53763
53852
53764
53853
53765
53854
53766
53855
53767
53856
53768
53857
53769
53858
53770
53859
53771
53860
53772
53861
53773
53862
53774
53863
53775
53864
53776
53865
53777
53866
53778
53867
53779
53868
53780
53869
53781
53870
53782
53871
53783
53872
53784
53873
53785
53874
53786
53875
53787
53876
53788
53877
53789
53878
53790
53879
53791
53880
53792
53881
53793
53882
53794
53883
53795
53884
53796
53885
53797
53886
53798
53887
53799
53888
53800
53889
53801
53890
53802
53891
53803
53892
53804
53893
53805
53894
53806
53895
53807
53896
53808
53897
53809
53898
53810
53899
53811
53900
53812
53901
53813
53902
53814
53903
53815
53904
53816
53905
53817
53906
53818
53907
53819
53908
53909
53821
53910
53822
53911
53823
53912
53824
53913
53825
53914
53826
53915
53827
53916
53828
53917
53829
53918
53830
53919
53831
53920
53832
53921
53833
53922
53834
53923
53835
53924
53836
53925
53837
53926
53838
53927
53839
53928
53840
53929
53841
53930
53842
53931
53843
53932
53844
53933
53845
53934
53846
53935
53847
53936
53848
53937
53849
53938
53850
53939
53851
53940
53852
53941
53853
53942
53854
53943
53855
53944
53856
53945
53857
53946
53858
53947
53859
53948
53860
53949
53861
53950
53862
53951
53863
53952
53864
53953
53865
53954
53866
53955
53867
53956
53868
53957
53869
53958
53870
53959
53871
53960
53872
53961
53873
53962
53874
53963
53875
53964
53876
53965
53877
53966
53878
53967
53879
53968
53880
53969
53881
53970
53882
53971
53883
53972
53884
53973
53885
53974
53886
53975
53887
53976
53888
53977
53889
53978
53890
53979
53891
53980
53892
53981
53893
53982
53894
53983
53895
53984
53896
53985
53897
53986
53898
53987
53899
53988
53900
53989
53901
53990
53902
53991
53903
53992
53904
53993
53905
53994
53906
53995
53907
53996
53908
53997
53909
53998
53999
53911
54000
53912
54001
53913
54002
53914
54003
53915
54004
53916
54005
53917
54006
53918
54007
53919
54008
53920
54009
53921
54010
53922
54011
53923
54012
53924
54013
53925
54014
53926
54015
53927
54016
53928
54017
53929
54018
53930
54019
53931
54020
53932
54021
53933
54022
53934
54023
53935
54024
53936
54025
53937
54026
53938
54027
53939
54028
53940
54029
53941
54030
53942
54031
53943
54032
53944
54033
53945
54034
53946
54035
53947
54036
53948
54037
53949
54038
53950
54039
53951
54040
53952
54041
53953
54042
53954
54043
53955
54044
53956
54045
53957
54046
53958
54047
53959
54048
53960
54049
53961
54050
53962
54051
53963
54052
53964
54053
53965
54054
53966
54055
53967
54056
53968
54057
53969
54058
53970
54059
53971
54060
53972
54061
53973
54062
53974
54063
53975
54064
53976
54065
53977
54066
53978
54067
53979
54068
53980
54069
53981
54070
53982
54071
53983
54072
53984
54073
53985
54074
53986
54075
53987
54076
53988
54077
53989
54078
53990
54079
53991
54080
53992
54081
53993
54082
53994
54083
53995
54084
53996
54085
53997
54086
53998
54087
53999
54088
54089
54001
54090
54002
54091
54003
54092
54004
54093
54005
54094
54006
54095
54007
54096
54008
54097
54009
54098
54010
54099
54011
54100
54012
54101
54013
54102
54014
54103
54015
54104
54016
54105
54017
54106
54018
54107
54019
54108
54020
54109
54021
54110
54022
54111
54023
54112
54024
54113
54025
54114
54026
54115
54027
54116
54028
54117
54029
54118
54030
54119
54031
54120
54032
54121
54033
54122
54034
54123
54035
54124
54036
54125
54037
54126
54038
54127
54039
54128
54040
54129
54041
54130
54042
54131
54043
54132
54044
54133
54045
54134
54046
54135
54047
54136
54048
54137
54049
54138
54050
54139
54051
54140
54052
54141
54053
54142
54054
54143
54055
54144
54056
54145
54057
54146
54058
54147
54059
54148
54060
54149
54061
54150
54062
54151
54063
54152
54064
54153
54065
54154
54066
54155
54067
54156
54068
54157
54069
54158
54070
54159
54071
54160
54072
54161
54073
54162
54074
54163
54075
54164
54076
54165
54077
54166
54078
54167
54079
54168
54080
54169
54081
54170
54082
54171
54083
54172
54084
54173
54085
54174
54086
54175
54087
54176
54088
54177
54089
54178
54179
54091
54180
54092
54181
54093
54182
54094
54183
54095
54184
54096
54185
54097
54186
54098
54187
54099
54188
54100
54189
54101
54190
54102
54191
54103
54192
54104
54193
54105
54194
54106
54195
54107
54196
54108
54197
54109
54198
54110
54199
54111
54200
54112
54201
54113
54202
54114
54203
54115
54204
54116
54205
54117
54206
54118
54207
54119
54208
54120
54209
54121
54210
54122
54211
54123
54212
54124
54213
54125
54214
54126
54215
54127
54216
54128
54217
54129
54218
54130
54219
54131
54220
54132
54221
54133
54222
54134
54223
54135
54224
54136
54225
54137
54226
54138
54227
54139
54228
54140
54229
54141
54230
54142
54231
54143
54232
54144
54233
54145
54234
54146
54235
54147
54236
54148
54237
54149
54238
54150
54239
54151
54240
54152
54241
54153
54242
54154
54243
54155
54244
54156
54245
54157
54246
54158
54247
54159
54248
54160
54249
54161
54250
54162
54251
54163
54252
54164
54253
54165
54254
54166
54255
54167
54256
54168
54257
54169
54258
54170
54259
54171
54260
54172
54261
54173
54262
54174
54263
54175
54264
54176
54265
54177
54266
54178
54267
54179
54268
54269
54181
54270
54182
54271
54183
54272
54184
54273
54185
54274
54186
54275
54187
54276
54188
54277
54189
54278
54190
54279
54191
54280
54192
54281
54193
54282
54194
54283
54195
54284
54196
54285
54197
54286
54198
54287
54199
54288
54200
54289
54201
54290
54202
54291
54203
54292
54204
54293
54205
54294
54206
54295
54207
54296
54208
54297
54209
54298
54210
54299
54211
54300
54212
54301
54213
54302
54214
54303
54215
54304
54216
54305
54217
54306
54218
54307
54219
54308
54220
54309
54221
54310
54222
54311
54223
54312
54224
54313
54225
54314
54226
54315
54227
54316
54228
54317
54229
54318
54230
54319
54231
54320
54232
54321
54233
54322
54234
54323
54235
54324
54236
54325
54237
54326
54238
54327
54239
54328
54240
54329
54241
54330
54242
54331
54243
54332
54244
54333
54245
54334
54246
54335
54247
54336
54248
54337
54249
54338
54250
54339
54251
54340
54252
54341
54253
54342
54254
54343
54255
54344
54256
54345
54257
54346
54258
54347
54259
54348
54260
54349
54261
54350
54262
54351
54263
54352
54264
54353
54265
54354
54266
54355
54267
54356
54268
54357
54269
54358
54359
54271
54360
54272
54361
54273
54362
54274
54363
54275
54364
54276
54365
54277
54366
54278
54367
54279
54368
54280
54369
54281
54370
54282
54371
54283
54372
54284
54373
54285
54374
54286
54375
54287
54376
54288
54377
54289
54378
54290
54379
54291
54380
54292
54381
54293
54382
54294
54383
54295
54384
54296
54385
54297
54386
54298
54387
54299
54388
54300
54389
54301
54390
54302
54391
54303
54392
54304
54393
54305
54394
54306
54395
54307
54396
54308
54397
54309
54398
54310
54399
54311
54400
54312
54401
54313
54402
54314
54403
54315
54404
54316
54405
54317
54406
54318
54407
54319
54408
54320
54409
54321
54410
54322
54411
54323
54412
54324
54413
54325
54414
54326
54415
54327
54416
54328
54417
54329
54418
54330
54419
54331
54420
54332
54421
54333
54422
54334
54423
54335
54424
54336
54425
54337
54426
54338
54427
54339
54428
54340
54429
54341
54430
54342
54431
54343
54432
54344
54433
54345
54434
54346
54435
54347
54436
54348
54437
54349
54438
54350
54439
54351
54440
54352
54441
54353
54442
54354
54443
54355
54444
54356
54445
54357
54446
54358
54447
54359
54448
54449
54361
54450
54362
54451
54363
54452
54364
54453
54365
54454
54366
54455
54367
54456
54368
54457
54369
54458
54370
54459
54371
54460
54372
54461
54373
54462
54374
54463
54375
54464
54376
54465
54377
54466
54378
54467
54379
54468
54380
54469
54381
54470
54382
54471
54383
54472
54384
54473
54385
54474
54386
54475
54387
54476
54388
54477
54389
54478
54390
54479
54391
54480
54392
54481
54393
54482
54394
54483
54395
54484
54396
54485
54397
54486
54398
54487
54399
54488
54400
54489
54401
54490
54402
54491
54403
54492
54404
54493
54405
54494
54406
54495
54407
54496
54408
54497
54409
54498
54410
54499
54411
54500
54412
54501
54413
54502
54414
54503
54415
54504
54416
54505
54417
54506
54418
54507
54419
54508
54420
54509
54421
54510
54422
54511
54423
54512
54424
54513
54425
54514
54426
54515
54427
54516
54428
54517
54429
54518
54430
54519
54431
54520
54432
54521
54433
54522
54434
54523
54435
54524
54436
54525
54437
54526
54438
54527
54439
54528
54440
54529
54441
54530
54442
54531
54443
54532
54444
54533
54445
54534
54446
54535
54447
54536
54448
54537
54449
54538
54539
54451
54540
54452
54541
54453
54542
54454
54543
54455
54544
54456
54545
54457
54546
54458
54547
54459
54548
54460
54549
54461
54550
54462
54551
54463
54552
54464
54553
54465
54554
54466
54555
54467
54556
54468
54557
54469
54558
54470
54559
54471
54560
54472
54561
54473
54562
54474
54563
54475
54564
54476
54565
54477
54566
54478
54567
54479
54568
54480
54569
54481
54570
54482
54571
54483
54572
54484
54573
54485
54574
54486
54575
54487
54576
54488
54577
54489
54578
54490
54579
54491
54580
54492
54581
54493
54582
54494
54583
54495
54584
54496
54585
54497
54586
54498
54587
54499
54588
54500
54589
54501
54590
54502
54591
54503
54592
54504
54593
54505
54594
54506
54595
54507
54596
54508
54597
54509
54598
54510
54599
54511
54600
54512
54601
54513
54602
54514
54603
54515
54604
54516
54605
54517
54606
54518
54607
54519
54608
54520
54609
54521
54610
54522
54611
54523
54612
54524
54613
54525
54614
54526
54615
54527
54616
54528
54617
54529
54618
54530
54619
54531
54620
54532
54621
54533
54622
54534
54623
54535
54624
54536
54625
54537
54626
54538
54627
54539
54628
54629
54541
54630
54542
54631
54543
54632
54544
54633
54545
54634
54546
54635
54547
54636
54548
54637
54549
54638
54550
54639
54551
54640
54552
54641
54553
54642
54554
54643
54555
54644
54556
54645
54557
54646
54558
54647
54559
54648
54560
54649
54561
54650
54562
54651
54563
54652
54564
54653
54565
54654
54566
54655
54567
54656
54568
54657
54569
54658
54570
54659
54571
54660
54572
54661
54573
54662
54574
54663
54575
54664
54576
54665
54577
54666
54578
54667
54579
54668
54580
54669
54581
54670
54582
54671
54583
54672
54584
54673
54585
54674
54586
54675
54587
54676
54588
54677
54589
54678
54590
54679
54591
54680
54592
54681
54593
54682
54594
54683
54595
54684
54596
54685
54597
54686
54598
54687
54599
54688
54600
54689
54601
54690
54602
54691
54603
54692
54604
54693
54605
54694
54606
54695
54607
54696
54608
54697
54609
54698
54610
54699
54611
54700
54612
54701
54613
54702
54614
54703
54615
54704
54616
54705
54617
54706
54618
54707
54619
54708
54620
54709
54621
54710
54622
54711
54623
54712
54624
54713
54625
54714
54626
54715
54627
54716
54628
54717
54629
54718
54719
54631
54720
54632
54721
54633
54722
54634
54723
54635
54724
54636
54725
54637
54726
54638
54727
54639
54728
54640
54729
54641
54730
54642
54731
54643
54732
54644
54733
54645
54734
54646
54735
54647
54736
54648
54737
54649
54738
54650
54739
54651
54740
54652
54741
54653
54742
54654
54743
54655
54744
54656
54745
54657
54746
54658
54747
54659
54748
54660
54749
54661
54750
54662
54751
54663
54752
54664
54753
54665
54754
54666
54755
54667
54756
54668
54757
54669
54758
54670
54759
54671
54760
54672
54761
54673
54762
54674
54763
54675
54764
54676
54765
54677
54766
54678
54767
54679
54768
54680
54769
54681
54770
54682
54771
54683
54772
54684
54773
54685
54774
54686
54775
54687
54776
54688
54777
54689
54778
54690
54779
54691
54780
54692
54781
54693
54782
54694
54783
54695
54784
54696
54785
54697
54786
54698
54787
54699
54788
54700
54789
54701
54790
54702
54791
54703
54792
54704
54793
54705
54794
54706
54795
54707
54796
54708
54797
54709
54798
54710
54799
54711
54800
54712
54801
54713
54802
54714
54803
54715
54804
54716
54805
54717
54806
54718
54807
54719
54808
54809
54721
54810
54722
54811
54723
54812
54724
54813
54725
54814
54726
54815
54727
54816
54728
54817
54729
54818
54730
54819
54731
54820
54732
54821
54733
54822
54734
54823
54735
54824
54736
54825
54737
54826
54738
54827
54739
54828
54740
54829
54741
54830
54742
54831
54743
54832
54744
54833
54745
54834
54746
54835
54747
54836
54748
54837
54749
54838
54750
54839
54751
54840
54752
54841
54753
54842
54754
54843
54755
54844
54756
54845
54757
54846
54758
54847
54759
54848
54760
54849
54761
54850
54762
54851
54763
54852
54764
54853
54765
54854
54766
54855
54767
54856
54768
54857
54769
54858
54770
54859
54771
54860
54772
54861
54773
54862
54774
54863
54775
54864
54776
54865
54777
54866
54778
54867
54779
54868
54780
54869
54781
54870
54782
54871
54783
54872
54784
54873
54785
54874
54786
54875
54787
54876
54788
54877
54789
54878
54790
54879
54791
54880
54792
54881
54793
54882
54794
54883
54795
54884
54796
54885
54797
54886
54798
54887
54799
54888
54800
54889
54801
54890
54802
54891
54803
54892
54804
54893
54805
54894
54806
54895
54807
54896
54808
54897
54809
54898
54899
54811
54900
54812
54901
54813
54902
54814
54903
54815
54904
54816
54905
54817
54906
54818
54907
54819
54908
54820
54909
54821
54910
54822
54911
54823
54912
54824
54913
54825
54914
54826
54915
54827
54916
54828
54917
54829
54918
54830
54919
54831
54920
54832
54921
54833
54922
54834
54923
54835
54924
54836
54925
54837
54926
54838
54927
54839
54928
54840
54929
54841
54930
54842
54931
54843
54932
54844
54933
54845
54934
54846
54935
54847
54936
54848
54937
54849
54938
54850
54939
54851
54940
54852
54941
54853
54942
54854
54943
54855
54944
54856
54945
54857
54946
54858
54947
54859
54948
54860
54949
54861
54950
54862
54951
54863
54952
54864
54953
54865
54954
54866
54955
54867
54956
54868
54957
54869
54958
54870
54959
54871
54960
54872
54961
54873
54962
54874
54963
54875
54964
54876
54965
54877
54966
54878
54967
54879
54968
54880
54969
54881
54970
54882
54971
54883
54972
54884
54973
54885
54974
54886
54975
54887
54976
54888
54977
54889
54978
54890
54979
54891
54980
54892
54981
54893
54982
54894
54983
54895
54984
54896
54985
54897
54986
54898
54987
54899
54988
54989
54901
54990
54902
54991
54903
54992
54904
54993
54905
54994
54906
54995
54907
54996
54908
54997
54909
54998
54910
54999
54911
55000
54912
55001
54913
55002
54914
55003
54915
55004
54916
55005
54917
55006
54918
55007
54919
55008
54920
55009
54921
55010
54922
55011
54923
55012
54924
55013
54925
55014
54926
55015
54927
55016
54928
55017
54929
55018
54930
55019
54931
55020
54932
55021
54933
55022
54934
55023
54935
55024
54936
55025
54937
55026
54938
55027
54939
55028
54940
55029
54941
55030
54942
55031
54943
55032
54944
55033
54945
55034
54946
55035
54947
55036
54948
55037
54949
55038
54950
55039
54951
55040
54952
55041
54953
55042
54954
55043
54955
55044
54956
55045
54957
55046
54958
55047
54959
55048
54960
55049
54961
55050
54962
55051
54963
55052
54964
55053
54965
55054
54966
55055
54967
55056
54968
55057
54969
55058
54970
55059
54971
55060
54972
55061
54973
55062
54974
55063
54975
55064
54976
55065
54977
55066
54978
55067
54979
55068
54980
55069
54981
55070
54982
55071
54983
55072
54984
55073
54985
55074
54986
55075
54987
55076
54988
55077
54989
55078
55079
54991
55080
54992
55081
54993
55082
54994
55083
54995
55084
54996
55085
54997
55086
54998
55087
54999
55088
55000
55089
55001
55090
55002
55091
55003
55092
55004
55093
55005
55094
55006
55095
55007
55096
55008
55097
55009
55098
55010
55099
55011
55100
55012
55101
55013
55102
55014
55103
55015
55104
55016
55105
55017
55106
55018
55107
55019
55108
55020
55109
55021
55110
55022
55111
55023
55112
55024
55113
55025
55114
55026
55115
55027
55116
55028
55117
55029
55118
55030
55119
55031
55120
55032
55121
55033
55122
55034
55123
55035
55124
55036
55125
55037
55126
55038
55127
55039
55128
55040
55129
55041
55130
55042
55131
55043
55132
55044
55133
55045
55134
55046
55135
55047
55136
55048
55137
55049
55138
55050
55139
55051
55140
55052
55141
55053
55142
55054
55143
55055
55144
55056
55145
55057
55146
55058
55147
55059
55148
55060
55149
55061
55150
55062
55151
55063
55152
55064
55153
55065
55154
55066
55155
55067
55156
55068
55157
55069
55158
55070
55159
55071
55160
55072
55161
55073
55162
55074
55163
55075
55164
55076
55165
55077
55166
55078
55167
55079
55168
55169
55081
55170
55082
55171
55083
55172
55084
55173
55085
55174
55086
55175
55087
55176
55088
55177
55089
55178
55090
55179
55091
55180
55092
55181
55093
55182
55094
55183
55095
55184
55096
55185
55097
55186
55098
55187
55099
55188
55100
55189
55101
55190
55102
55191
55103
55192
55104
55193
55105
55194
55106
55195
55107
55196
55108
55197
55109
55198
55110
55199
55111
55200
55112
55201
55113
55202
55114
55203
55115
55204
55116
55205
55117
55206
55118
55207
55119
55208
55120
55209
55121
55210
55122
55211
55123
55212
55124
55213
55125
55214
55126
55215
55127
55216
55128
55217
55129
55218
55130
55219
55131
55220
55132
55221
55133
55222
55134
55223
55135
55224
55136
55225
55137
55226
55138
55227
55139
55228
55140
55229
55141
55230
55142
55231
55143
55232
55144
55233
55145
55234
55146
55235
55147
55236
55148
55237
55149
55238
55150
55239
55151
55240
55152
55241
55153
55242
55154
55243
55155
55244
55156
55245
55157
55246
55158
55247
55159
55248
55160
55249
55161
55250
55162
55251
55163
55252
55164
55253
55165
55254
55166
55255
55167
55256
55168
55257
55169
55258
55259
55171
55260
55172
55261
55173
55262
55174
55263
55175
55264
55176
55265
55177
55266
55178
55267
55179
55268
55180
55269
55181
55270
55182
55271
55183
55272
55184
55273
55185
55274
55186
55275
55187
55276
55188
55277
55189
55278
55190
55279
55191
55280
55192
55281
55193
55282
55194
55283
55195
55284
55196
55285
55197
55286
55198
55287
55199
55288
55200
55289
55201
55290
55202
55291
55203
55292
55204
55293
55205
55294
55206
55295
55207
55296
55208
55297
55209
55298
55210
55299
55211
55300
55212
55301
55213
55302
55214
55303
55215
55304
55216
55305
55217
55306
55218
55307
55219
55308
55220
55309
55221
55310
55222
55311
55223
55312
55224
55313
55225
55314
55226
55315
55227
55316
55228
55317
55229
55318
55230
55319
55231
55320
55232
55321
55233
55322
55234
55323
55235
55324
55236
55325
55237
55326
55238
55327
55239
55328
55240
55329
55241
55330
55242
55331
55243
55332
55244
55333
55245
55334
55246
55335
55247
55336
55248
55337
55249
55338
55250
55339
55251
55340
55252
55341
55253
55342
55254
55343
55255
55344
55256
55345
55257
55346
55258
55347
55259
55348
55349
55261
55350
55262
55351
55263
55352
55264
55353
55265
55354
55266
55355
55267
55356
55268
55357
55269
55358
55270
55359
55271
55360
55272
55361
55273
55362
55274
55363
55275
55364
55276
55365
55277
55366
55278
55367
55279
55368
55280
55369
55281
55370
55282
55371
55283
55372
55284
55373
55285
55374
55286
55375
55287
55376
55288
55377
55289
55378
55290
55379
55291
55380
55292
55381
55293
55382
55294
55383
55295
55384
55296
55385
55297
55386
55298
55387
55299
55388
55300
55389
55301
55390
55302
55391
55303
55392
55304
55393
55305
55394
55306
55395
55307
55396
55308
55397
55309
55398
55310
55399
55311
55400
55312
55401
55313
55402
55314
55403
55315
55404
55316
55405
55317
55406
55318
55407
55319
55408
55320
55409
55321
55410
55322
55411
55323
55412
55324
55413
55325
55414
55326
55415
55327
55416
55328
55417
55329
55418
55330
55419
55331
55420
55332
55421
55333
55422
55334
55423
55335
55424
55336
55425
55337
55426
55338
55427
55339
55428
55340
55429
55341
55430
55342
55431
55343
55432
55344
55433
55345
55434
55346
55435
55347
55436
55348
55437
55349
55438
55439
55351
55440
55352
55441
55353
55442
55354
55443
55355
55444
55356
55445
55357
55446
55358
55447
55359
55448
55360
55449
55361
55450
55362
55451
55363
55452
55364
55453
55365
55454
55366
55455
55367
55456
55368
55457
55369
55458
55370
55459
55371
55460
55372
55461
55373
55462
55374
55463
55375
55464
55376
55465
55377
55466
55378
55467
55379
55468
55380
55469
55381
55470
55382
55471
55383
55472
55384
55473
55385
55474
55386
55475
55387
55476
55388
55477
55389
55478
55390
55479
55391
55480
55392
55481
55393
55482
55394
55483
55395
55484
55396
55485
55397
55486
55398
55487
55399
55488
55400
55489
55401
55490
55402
55491
55403
55492
55404
55493
55405
55494
55406
55495
55407
55496
55408
55497
55409
55498
55410
55499
55411
55500
55412
55501
55413
55502
55414
55503
55415
55504
55416
55505
55417
55506
55418
55507
55419
55508
55420
55509
55421
55510
55422
55511
55423
55512
55424
55513
55425
55514
55426
55515
55427
55516
55428
55517
55429
55518
55430
55519
55431
55520
55432
55521
55433
55522
55434
55523
55435
55524
55436
55525
55437
55526
55438
55527
55439
55528
55529
55441
55530
55442
55531
55443
55532
55444
55533
55445
55534
55446
55535
55447
55536
55448
55537
55449
55538
55450
55539
55451
55540
55452
55541
55453
55542
55454
55543
55455
55544
55456
55545
55457
55546
55458
55547
55459
55548
55460
55549
55461
55550
55462
55551
55463
55552
55464
55553
55465
55554
55466
55555
55467
55556
55468
55557
55469
55558
55470
55559
55471
55560
55472
55561
55473
55562
55474
55563
55475
55564
55476
55565
55477
55566
55478
55567
55479
55568
55480
55569
55481
55570
55482
55571
55483
55572
55484
55573
55485
55574
55486
55575
55487
55576
55488
55577
55489
55578
55490
55579
55491
55580
55492
55581
55493
55582
55494
55583
55495
55584
55496
55585
55497
55586
55498
55587
55499
55588
55500
55589
55501
55590
55502
55591
55503
55592
55504
55593
55505
55594
55506
55595
55507
55596
55508
55597
55509
55598
55510
55599
55511
55600
55512
55601
55513
55602
55514
55603
55515
55604
55516
55605
55517
55606
55518
55607
55519
55608
55520
55609
55521
55610
55522
55611
55523
55612
55524
55613
55525
55614
55526
55615
55527
55616
55528
55617
55529
55618
55619
55531
55620
55532
55621
55533
55622
55534
55623
55535
55624
55536
55625
55537
55626
55538
55627
55539
55628
55540
55629
55541
55630
55542
55631
55543
55632
55544
55633
55545
55634
55546
55635
55547
55636
55548
55637
55549
55638
55550
55639
55551
55640
55552
55641
55553
55642
55554
55643
55555
55644
55556
55645
55557
55646
55558
55647
55559
55648
55560
55649
55561
55650
55562
55651
55563
55652
55564
55653
55565
55654
55566
55655
55567
55656
55568
55657
55569
55658
55570
55659
55571
55660
55572
55661
55573
55662
55574
55663
55575
55664
55576
55665
55577
55666
55578
55667
55579
55668
55580
55669
55581
55670
55582
55671
55583
55672
55584
55673
55585
55674
55586
55675
55587
55676
55588
55677
55589
55678
55590
55679
55591
55680
55592
55681
55593
55682
55594
55683
55595
55684
55596
55685
55597
55686
55598
55687
55599
55688
55600
55689
55601
55690
55602
55691
55603
55692
55604
55693
55605
55694
55606
55695
55607
55696
55608
55697
55609
55698
55610
55699
55611
55700
55612
55701
55613
55702
55614
55703
55615
55704
55616
55705
55617
55706
55618
55707
55619
55708
55709
55621
55710
55622
55711
55623
55712
55624
55713
55625
55714
55626
55715
55627
55716
55628
55717
55629
55718
55630
55719
55631
55720
55632
55721
55633
55722
55634
55723
55635
55724
55636
55725
55637
55726
55638
55727
55639
55728
55640
55729
55641
55730
55642
55731
55643
55732
55644
55733
55645
55734
55646
55735
55647
55736
55648
55737
55649
55738
55650
55739
55651
55740
55652
55741
55653
55742
55654
55743
55655
55744
55656
55745
55657
55746
55658
55747
55659
55748
55660
55749
55661
55750
55662
55751
55663
55752
55664
55753
55665
55754
55666
55755
55667
55756
55668
55757
55669
55758
55670
55759
55671
55760
55672
55761
55673
55762
55674
55763
55675
55764
55676
55765
55677
55766
55678
55767
55679
55768
55680
55769
55681
55770
55682
55771
55683
55772
55684
55773
55685
55774
55686
55775
55687
55776
55688
55777
55689
55778
55690
55779
55691
55780
55692
55781
55693
55782
55694
55783
55695
55784
55696
55785
55697
55786
55698
55787
55699
55788
55700
55789
55701
55790
55702
55791
55703
55792
55704
55793
55705
55794
55706
55795
55707
55796
55708
55797
55709
55798
55799
55711
55800
55712
55801
55713
55802
55714
55803
55715
55804
55716
55805
55717
55806
55718
55807
55719
55808
55720
55809
55721
55810
55722
55811
55723
55812
55724
55813
55725
55814
55726
55815
55727
55816
55728
55817
55729
55818
55730
55819
55731
55820
55732
55821
55733
55822
55734
55823
55735
55824
55736
55825
55737
55826
55738
55827
55739
55828
55740
55829
55741
55830
55742
55831
55743
55832
55744
55833
55745
55834
55746
55835
55747
55836
55748
55837
55749
55838
55750
55839
55751
55840
55752
55841
55753
55842
55754
55843
55755
55844
55756
55845
55757
55846
55758
55847
55759
55848
55760
55849
55761
55850
55762
55851
55763
55852
55764
55853
55765
55854
55766
55855
55767
55856
55768
55857
55769
55858
55770
55859
55771
55860
55772
55861
55773
55862
55774
55863
55775
55864
55776
55865
55777
55866
55778
55867
55779
55868
55780
55869
55781
55870
55782
55871
55783
55872
55784
55873
55785
55874
55786
55875
55787
55876
55788
55877
55789
55878
55790
55879
55791
55880
55792
55881
55793
55882
55794
55883
55795
55884
55796
55885
55797
55886
55798
55887
55799
55888
55889
55801
55890
55802
55891
55803
55892
55804
55893
55805
55894
55806
55895
55807
55896
55808
55897
55809
55898
55810
55899
55811
55900
55812
55901
55813
55902
55814
55903
55815
55904
55816
55905
55817
55906
55818
55907
55819
55908
55820
55909
55821
55910
55822
55911
55823
55912
55824
55913
55825
55914
55826
55915
55827
55916
55828
55917
55829
55918
55830
55919
55831
55920
55832
55921
55833
55922
55834
55923
55835
55924
55836
55925
55837
55926
55838
55927
55839
55928
55840
55929
55841
55930
55842
55931
55843
55932
55844
55933
55845
55934
55846
55935
55847
55936
55848
55937
55849
55938
55850
55939
55851
55940
55852
55941
55853
55942
55854
55943
55855
55944
55856
55945
55857
55946
55858
55947
55859
55948
55860
55949
55861
55950
55862
55951
55863
55952
55864
55953
55865
55954
55866
55955
55867
55956
55868
55957
55869
55958
55870
55959
55871
55960
55872
55961
55873
55962
55874
55963
55875
55964
55876
55965
55877
55966
55878
55967
55879
55968
55880
55969
55881
55970
55882
55971
55883
55972
55884
55973
55885
55974
55886
55975
55887
55976
55888
55977
55889
55978
55979
55891
55980
55892
55981
55893
55982
55894
55983
55895
55984
55896
55985
55897
55986
55898
55987
55899
55988
55900
55989
55901
55990
55902
55991
55903
55992
55904
55993
55905
55994
55906
55995
55907
55996
55908
55997
55909
55998
55910
55999
55911
56000
55912
56001
55913
56002
55914
56003
55915
56004
55916
56005
55917
56006
55918
56007
55919
56008
55920
56009
55921
56010
55922
56011
55923
56012
55924
56013
55925
56014
55926
56015
55927
56016
55928
56017
55929
56018
55930
56019
55931
56020
55932
56021
55933
56022
55934
56023
55935
56024
55936
56025
55937
56026
55938
56027
55939
56028
55940
56029
55941
56030
55942
56031
55943
56032
55944
56033
55945
56034
55946
56035
55947
56036
55948
56037
55949
56038
55950
56039
55951
56040
55952
56041
55953
56042
55954
56043
55955
56044
55956
56045
55957
56046
55958
56047
55959
56048
55960
56049
55961
56050
55962
56051
55963
56052
55964
56053
55965
56054
55966
56055
55967
56056
55968
56057
55969
56058
55970
56059
55971
56060
55972
56061
55973
56062
55974
56063
55975
56064
55976
56065
55977
56066
55978
56067
55979
56068
56069
55981
56070
55982
56071
55983
56072
55984
56073
55985
56074
55986
56075
55987
56076
55988
56077
55989
56078
55990
56079
55991
56080
55992
56081
55993
56082
55994
56083
55995
56084
55996
56085
55997
56086
55998
56087
55999
56088
56000
56089
56001
56090
56002
56091
56003
56092
56004
56093
56005
56094
56006
56095
56007
56096
56008
56097
56009
56098
56010
56099
56011
56100
56012
56101
56013
56102
56014
56103
56015
56104
56016
56105
56017
56106
56018
56107
56019
56108
56020
56109
56021
56110
56022
56111
56023
56112
56024
56113
56025
56114
56026
56115
56027
56116
56028
56117
56029
56118
56030
56119
56031
56120
56032
56121
56033
56122
56034
56123
56035
56124
56036
56125
56037
56126
56038
56127
56039
56128
56040
56129
56041
56130
56042
56131
56043
56132
56044
56133
56045
56134
56046
56135
56047
56136
56048
56137
56049
56138
56050
56139
56051
56140
56052
56141
56053
56142
56054
56143
56055
56144
56056
56145
56057
56146
56058
56147
56059
56148
56060
56149
56061
56150
56062
56151
56063
56152
56064
56153
56065
56154
56066
56155
56067
56156
56068
56157
56069
56158
56159
56071
56160
56072
56161
56073
56162
56074
56163
56075
56164
56076
56165
56077
56166
56078
56167
56079
56168
56080
56169
56081
56170
56082
56171
56083
56172
56084
56173
56085
56174
56086
56175
56087
56176
56088
56177
56089
56178
56090
56179
56091
56180
56092
56181
56093
56182
56094
56183
56095
56184
56096
56185
56097
56186
56098
56187
56099
56188
56100
56189
56101
56190
56102
56191
56103
56192
56104
56193
56105
56194
56106
56195
56107
56196
56108
56197
56109
56198
56110
56199
56111
56200
56112
56201
56113
56202
56114
56203
56115
56204
56116
56205
56117
56206
56118
56207
56119
56208
56120
56209
56121
56210
56122
56211
56123
56212
56124
56213
56125
56214
56126
56215
56127
56216
56128
56217
56129
56218
56130
56219
56131
56220
56132
56221
56133
56222
56134
56223
56135
56224
56136
56225
56137
56226
56138
56227
56139
56228
56140
56229
56141
56230
56142
56231
56143
56232
56144
56233
56145
56234
56146
56235
56147
56236
56148
56237
56149
56238
56150
56239
56151
56240
56152
56241
56153
56242
56154
56243
56155
56244
56156
56245
56157
56246
56158
56247
56159
56248
56249
56161
56250
56162
56251
56163
56252
56164
56253
56165
56254
56166
56255
56167
56256
56168
56257
56169
56258
56170
56259
56171
56260
56172
56261
56173
56262
56174
56263
56175
56264
56176
56265
56177
56266
56178
56267
56179
56268
56180
56269
56181
56270
56182
56271
56183
56272
56184
56273
56185
56274
56186
56275
56187
56276
56188
56277
56189
56278
56190
56279
56191
56280
56192
56281
56193
56282
56194
56283
56195
56284
56196
56285
56197
56286
56198
56287
56199
56288
56200
56289
56201
56290
56202
56291
56203
56292
56204
56293
56205
56294
56206
56295
56207
56296
56208
56297
56209
56298
56210
56299
56211
56300
56212
56301
56213
56302
56214
56303
56215
56304
56216
56305
56217
56306
56218
56307
56219
56308
56220
56309
56221
56310
56222
56311
56223
56312
56224
56313
56225
56314
56226
56315
56227
56316
56228
56317
56229
56318
56230
56319
56231
56320
56232
56321
56233
56322
56234
56323
56235
56324
56236
56325
56237
56326
56238
56327
56239
56328
56240
56329
56241
56330
56242
56331
56243
56332
56244
56333
56245
56334
56246
56335
56247
56336
56248
56337
56249
56338
56339
56251
56340
56252
56341
56253
56342
56254
56343
56255
56344
56256
56345
56257
56346
56258
56347
56259
56348
56260
56349
56261
56350
56262
56351
56263
56352
56264
56353
56265
56354
56266
56355
56267
56356
56268
56357
56269
56358
56270
56359
56271
56360
56272
56361
56273
56362
56274
56363
56275
56364
56276
56365
56277
56366
56278
56367
56279
56368
56280
56369
56281
56370
56282
56371
56283
56372
56284
56373
56285
56374
56286
56375
56287
56376
56288
56377
56289
56378
56290
56379
56291
56380
56292
56381
56293
56382
56294
56383
56295
56384
56296
56385
56297
56386
56298
56387
56299
56388
56300
56389
56301
56390
56302
56391
56303
56392
56304
56393
56305
56394
56306
56395
56307
56396
56308
56397
56309
56398
56310
56399
56311
56400
56312
56401
56313
56402
56314
56403
56315
56404
56316
56405
56317
56406
56318
56407
56319
56408
56320
56409
56321
56410
56322
56411
56323
56412
56324
56413
56325
56414
56326
56415
56327
56416
56328
56417
56329
56418
56330
56419
56331
56420
56332
56421
56333
56422
56334
56423
56335
56424
56336
56425
56337
56426
56338
56427
56339
56428
56429
56341
56430
56342
56431
56343
56432
56344
56433
56345
56434
56346
56435
56347
56436
56348
56437
56349
56438
56350
56439
56351
56440
56352
56441
56353
56442
56354
56443
56355
56444
56356
56445
56357
56446
56358
56447
56359
56448
56360
56449
56361
56450
56362
56451
56363
56452
56364
56453
56365
56454
56366
56455
56367
56456
56368
56457
56369
56458
56370
56459
56371
56460
56372
56461
56373
56462
56374
56463
56375
56464
56376
56465
56377
56466
56378
56467
56379
56468
56380
56469
56381
56470
56382
56471
56383
56472
56384
56473
56385
56474
56386
56475
56387
56476
56388
56477
56389
56478
56390
56479
56391
56480
56392
56481
56393
56482
56394
56483
56395
56484
56396
56485
56397
56486
56398
56487
56399
56488
56400
56489
56401
56490
56402
56491
56403
56492
56404
56493
56405
56494
56406
56495
56407
56496
56408
56497
56409
56498
56410
56499
56411
56500
56412
56501
56413
56502
56414
56503
56415
56504
56416
56505
56417
56506
56418
56507
56419
56508
56420
56509
56421
56510
56422
56511
56423
56512
56424
56513
56425
56514
56426
56515
56427
56516
56428
56517
56429
56518
56519
56431
56520
56432
56521
56433
56522
56434
56523
56435
56524
56436
56525
56437
56526
56438
56527
56439
56528
56440
56529
56441
56530
56442
56531
56443
56532
56444
56533
56445
56534
56446
56535
56447
56536
56448
56537
56449
56538
56450
56539
56451
56540
56452
56541
56453
56542
56454
56543
56455
56544
56456
56545
56457
56546
56458
56547
56459
56548
56460
56549
56461
56550
56462
56551
56463
56552
56464
56553
56465
56554
56466
56555
56467
56556
56468
56557
56469
56558
56470
56559
56471
56560
56472
56561
56473
56562
56474
56563
56475
56564
56476
56565
56477
56566
56478
56567
56479
56568
56480
56569
56481
56570
56482
56571
56483
56572
56484
56573
56485
56574
56486
56575
56487
56576
56488
56577
56489
56578
56490
56579
56491
56580
56492
56581
56493
56582
56494
56583
56495
56584
56496
56585
56497
56586
56498
56587
56499
56588
56500
56589
56501
56590
56502
56591
56503
56592
56504
56593
56505
56594
56506
56595
56507
56596
56508
56597
56509
56598
56510
56599
56511
56600
56512
56601
56513
56602
56514
56603
56515
56604
56516
56605
56517
56606
56518
56607
56519
56608
56609
56521
56610
56522
56611
56523
56612
56524
56613
56525
56614
56526
56615
56527
56616
56528
56617
56529
56618
56530
56619
56531
56620
56532
56621
56533
56622
56534
56623
56535
56624
56536
56625
56537
56626
56538
56627
56539
56628
56540
56629
56541
56630
56542
56631
56543
56632
56544
56633
56545
56634
56546
56635
56547
56636
56548
56637
56549
56638
56550
56639
56551
56640
56552
56641
56553
56642
56554
56643
56555
56644
56556
56645
56557
56646
56558
56647
56559
56648
56560
56649
56561
56650
56562
56651
56563
56652
56564
56653
56565
56654
56566
56655
56567
56656
56568
56657
56569
56658
56570
56659
56571
56660
56572
56661
56573
56662
56574
56663
56575
56664
56576
56665
56577
56666
56578
56667
56579
56668
56580
56669
56581
56670
56582
56671
56583
56672
56584
56673
56585
56674
56586
56675
56587
56676
56588
56677
56589
56678
56590
56679
56591
56680
56592
56681
56593
56682
56594
56683
56595
56684
56596
56685
56597
56686
56598
56687
56599
56688
56600
56689
56601
56690
56602
56691
56603
56692
56604
56693
56605
56694
56606
56695
56607
56696
56608
56697
56609
56698
56699
56611
56700
56612
56701
56613
56702
56614
56703
56615
56704
56616
56705
56617
56706
56618
56707
56619
56708
56620
56709
56621
56710
56622
56711
56623
56712
56624
56713
56625
56714
56626
56715
56627
56716
56628
56717
56629
56718
56630
56719
56631
56720
56632
56721
56633
56722
56634
56723
56635
56724
56636
56725
56637
56726
56638
56727
56639
56728
56640
56729
56641
56730
56642
56731
56643
56732
56644
56733
56645
56734
56646
56735
56647
56736
56648
56737
56649
56738
56650
56739
56651
56740
56652
56741
56653
56742
56654
56743
56655
56744
56656
56745
56657
56746
56658
56747
56659
56748
56660
56749
56661
56750
56662
56751
56663
56752
56664
56753
56665
56754
56666
56755
56667
56756
56668
56757
56669
56758
56670
56759
56671
56760
56672
56761
56673
56762
56674
56763
56675
56764
56676
56765
56677
56766
56678
56767
56679
56768
56680
56769
56681
56770
56682
56771
56683
56772
56684
56773
56685
56774
56686
56775
56687
56776
56688
56777
56689
56778
56690
56779
56691
56780
56692
56781
56693
56782
56694
56783
56695
56784
56696
56785
56697
56786
56698
56787
56699
56788
56789
56701
56790
56702
56791
56703
56792
56704
56793
56705
56794
56706
56795
56707
56796
56708
56797
56709
56798
56710
56799
56711
56800
56712
56801
56713
56802
56714
56803
56715
56804
56716
56805
56717
56806
56718
56807
56719
56808
56720
56809
56721
56810
56722
56811
56723
56812
56724
56813
56725
56814
56726
56815
56727
56816
56728
56817
56729
56818
56730
56819
56731
56820
56732
56821
56733
56822
56734
56823
56735
56824
56736
56825
56737
56826
56738
56827
56739
56828
56740
56829
56741
56830
56742
56831
56743
56832
56744
56833
56745
56834
56746
56835
56747
56836
56748
56837
56749
56838
56750
56839
56751
56840
56752
56841
56753
56842
56754
56843
56755
56844
56756
56845
56757
56846
56758
56847
56759
56848
56760
56849
56761
56850
56762
56851
56763
56852
56764
56853
56765
56854
56766
56855
56767
56856
56768
56857
56769
56858
56770
56859
56771
56860
56772
56861
56773
56862
56774
56863
56775
56864
56776
56865
56777
56866
56778
56867
56779
56868
56780
56869
56781
56870
56782
56871
56783
56872
56784
56873
56785
56874
56786
56875
56787
56876
56788
56877
56789
56878
56879
56791
56880
56792
56881
56793
56882
56794
56883
56795
56884
56796
56885
56797
56886
56798
56887
56799
56888
56800
56889
56801
56890
56802
56891
56803
56892
56804
56893
56805
56894
56806
56895
56807
56896
56808
56897
56809
56898
56810
56899
56811
56900
56812
56901
56813
56902
56814
56903
56815
56904
56816
56905
56817
56906
56818
56907
56819
56908
56820
56909
56821
56910
56822
56911
56823
56912
56824
56913
56825
56914
56826
56915
56827
56916
56828
56917
56829
56918
56830
56919
56831
56920
56832
56921
56833
56922
56834
56923
56835
56924
56836
56925
56837
56926
56838
56927
56839
56928
56840
56929
56841
56930
56842
56931
56843
56932
56844
56933
56845
56934
56846
56935
56847
56936
56848
56937
56849
56938
56850
56939
56851
56940
56852
56941
56853
56942
56854
56943
56855
56944
56856
56945
56857
56946
56858
56947
56859
56948
56860
56949
56861
56950
56862
56951
56863
56952
56864
56953
56865
56954
56866
56955
56867
56956
56868
56957
56869
56958
56870
56959
56871
56960
56872
56961
56873
56962
56874
56963
56875
56964
56876
56965
56877
56966
56878
56967
56879
56968
56969
56881
56970
56882
56971
56883
56972
56884
56973
56885
56974
56886
56975
56887
56976
56888
56977
56889
56978
56890
56979
56891
56980
56892
56981
56893
56982
56894
56983
56895
56984
56896
56985
56897
56986
56898
56987
56899
56988
56900
56989
56901
56990
56902
56991
56903
56992
56904
56993
56905
56994
56906
56995
56907
56996
56908
56997
56909
56998
56910
56999
56911
57000
56912
57001
56913
57002
56914
57003
56915
57004
56916
57005
56917
57006
56918
57007
56919
57008
56920
57009
56921
57010
56922
57011
56923
57012
56924
57013
56925
57014
56926
57015
56927
57016
56928
57017
56929
57018
56930
57019
56931
57020
56932
57021
56933
57022
56934
57023
56935
57024
56936
57025
56937
57026
56938
57027
56939
57028
56940
57029
56941
57030
56942
57031
56943
57032
56944
57033
56945
57034
56946
57035
56947
57036
56948
57037
56949
57038
56950
57039
56951
57040
56952
57041
56953
57042
56954
57043
56955
57044
56956
57045
56957
57046
56958
57047
56959
57048
56960
57049
56961
57050
56962
57051
56963
57052
56964
57053
56965
57054
56966
57055
56967
57056
56968
57057
56969
57058
57059
56971
57060
56972
57061
56973
57062
56974
57063
56975
57064
56976
57065
56977
57066
56978
57067
56979
57068
56980
57069
56981
57070
56982
57071
56983
57072
56984
57073
56985
57074
56986
57075
56987
57076
56988
57077
56989
57078
56990
57079
56991
57080
56992
57081
56993
57082
56994
57083
56995
57084
56996
57085
56997
57086
56998
57087
56999
57088
57000
57089
57001
57090
57002
57091
57003
57092
57004
57093
57005
57094
57006
57095
57007
57096
57008
57097
57009
57098
57010
57099
57011
57100
57012
57101
57013
57102
57014
57103
57015
57104
57016
57105
57017
57106
57018
57107
57019
57108
57020
57109
57021
57110
57022
57111
57023
57112
57024
57113
57025
57114
57026
57115
57027
57116
57028
57117
57029
57118
57030
57119
57031
57120
57032
57121
57033
57122
57034
57123
57035
57124
57036
57125
57037
57126
57038
57127
57039
57128
57040
57129
57041
57130
57042
57131
57043
57132
57044
57133
57045
57134
57046
57135
57047
57136
57048
57137
57049
57138
57050
57139
57051
57140
57052
57141
57053
57142
57054
57143
57055
57144
57056
57145
57057
57146
57058
57147
57059
57148
57149
57061
57150
57062
57151
57063
57152
57064
57153
57065
57154
57066
57155
57067
57156
57068
57157
57069
57158
57070
57159
57071
57160
57072
57161
57073
57162
57074
57163
57075
57164
57076
57165
57077
57166
57078
57167
57079
57168
57080
57169
57081
57170
57082
57171
57083
57172
57084
57173
57085
57174
57086
57175
57087
57176
57088
57177
57089
57178
57090
57179
57091
57180
57092
57181
57093
57182
57094
57183
57095
57184
57096
57185
57097
57186
57098
57187
57099
57188
57100
57189
57101
57190
57102
57191
57103
57192
57104
57193
57105
57194
57106
57195
57107
57196
57108
57197
57109
57198
57110
57199
57111
57200
57112
57201
57113
57202
57114
57203
57115
57204
57116
57205
57117
57206
57118
57207
57119
57208
57120
57209
57121
57210
57122
57211
57123
57212
57124
57213
57125
57214
57126
57215
57127
57216
57128
57217
57129
57218
57130
57219
57131
57220
57132
57221
57133
57222
57134
57223
57135
57224
57136
57225
57137
57226
57138
57227
57139
57228
57140
57229
57141
57230
57142
57231
57143
57232
57144
57233
57145
57234
57146
57235
57147
57236
57148
57237
57149
57238
57239
57151
57240
57152
57241
57153
57242
57154
57243
57155
57244
57156
57245
57157
57246
57158
57247
57159
57248
57160
57249
57161
57250
57162
57251
57163
57252
57164
57253
57165
57254
57166
57255
57167
57256
57168
57257
57169
57258
57170
57259
57171
57260
57172
57261
57173
57262
57174
57263
57175
57264
57176
57265
57177
57266
57178
57267
57179
57268
57180
57269
57181
57270
57182
57271
57183
57272
57184
57273
57185
57274
57186
57275
57187
57276
57188
57277
57189
57278
57190
57279
57191
57280
57192
57281
57193
57282
57194
57283
57195
57284
57196
57285
57197
57286
57198
57287
57199
57288
57200
57289
57201
57290
57202
57291
57203
57292
57204
57293
57205
57294
57206
57295
57207
57296
57208
57297
57209
57298
57210
57299
57211
57300
57212
57301
57213
57302
57214
57303
57215
57304
57216
57305
57217
57306
57218
57307
57219
57308
57220
57309
57221
57310
57222
57311
57223
57312
57224
57313
57225
57314
57226
57315
57227
57316
57228
57317
57229
57318
57230
57319
57231
57320
57232
57321
57233
57322
57234
57323
57235
57324
57236
57325
57237
57326
57238
57327
57239
57328
57329
57241
57330
57242
57331
57243
57332
57244
57333
57245
57334
57246
57335
57247
57336
57248
57337
57249
57338
57250
57339
57251
57340
57252
57341
57253
57342
57254
57343
57255
57344
57256
57345
57257
57346
57258
57347
57259
57348
57260
57349
57261
57350
57262
57351
57263
57352
57264
57353
57265
57354
57266
57355
57267
57356
57268
57357
57269
57358
57270
57359
57271
57360
57272
57361
57273
57362
57274
57363
57275
57364
57276
57365
57277
57366
57278
57367
57279
57368
57280
57369
57281
57370
57282
57371
57283
57372
57284
57373
57285
57374
57286
57375
57287
57376
57288
57377
57289
57378
57290
57379
57291
57380
57292
57381
57293
57382
57294
57383
57295
57384
57296
57385
57297
57386
57298
57387
57299
57388
57300
57389
57301
57390
57302
57391
57303
57392
57304
57393
57305
57394
57306
57395
57307
57396
57308
57397
57309
57398
57310
57399
57311
57400
57312
57401
57313
57402
57314
57403
57315
57404
57316
57405
57317
57406
57318
57407
57319
57408
57320
57409
57321
57410
57322
57411
57323
57412
57324
57413
57325
57414
57326
57415
57327
57416
57328
57417
57329
57418
57419
57331
57420
57332
57421
57333
57422
57334
57423
57335
57424
57336
57425
57337
57426
57338
57427
57339
57428
57340
57429
57341
57430
57342
57431
57343
57432
57344
57433
57345
57434
57346
57435
57347
57436
57348
57437
57349
57438
57350
57439
57351
57440
57352
57441
57353
57442
57354
57443
57355
57444
57356
57445
57357
57446
57358
57447
57359
57448
57360
57449
57361
57450
57362
57451
57363
57452
57364
57453
57365
57454
57366
57455
57367
57456
57368
57457
57369
57458
57370
57459
57371
57460
57372
57461
57373
57462
57374
57463
57375
57464
57376
57465
57377
57466
57378
57467
57379
57468
57380
57469
57381
57470
57382
57471
57383
57472
57384
57473
57385
57474
57386
57475
57387
57476
57388
57477
57389
57478
57390
57479
57391
57480
57392
57481
57393
57482
57394
57483
57395
57484
57396
57485
57397
57486
57398
57487
57399
57488
57400
57489
57401
57490
57402
57491
57403
57492
57404
57493
57405
57494
57406
57495
57407
57496
57408
57497
57409
57498
57410
57499
57411
57500
57412
57501
57413
57502
57414
57503
57415
57504
57416
57505
57417
57506
57418
57507
57419
57508
57509
57421
57510
57422
57511
57423
57512
57424
57513
57425
57514
57426
57515
57427
57516
57428
57517
57429
57518
57430
57519
57431
57520
57432
57521
57433
57522
57434
57523
57435
57524
57436
57525
57437
57526
57438
57527
57439
57528
57440
57529
57441
57530
57442
57531
57443
57532
57444
57533
57445
57534
57446
57535
57447
57536
57448
57537
57449
57538
57450
57539
57451
57540
57452
57541
57453
57542
57454
57543
57455
57544
57456
57545
57457
57546
57458
57547
57459
57548
57460
57549
57461
57550
57462
57551
57463
57552
57464
57553
57465
57554
57466
57555
57467
57556
57468
57557
57469
57558
57470
57559
57471
57560
57472
57561
57473
57562
57474
57563
57475
57564
57476
57565
57477
57566
57478
57567
57479
57568
57480
57569
57481
57570
57482
57571
57483
57572
57484
57573
57485
57574
57486
57575
57487
57576
57488
57577
57489
57578
57490
57579
57491
57580
57492
57581
57493
57582
57494
57583
57495
57584
57496
57585
57497
57586
57498
57587
57499
57588
57500
57589
57501
57590
57502
57591
57503
57592
57504
57593
57505
57594
57506
57595
57507
57596
57508
57597
57509
57598
57599
57511
57600
57512
57601
57513
57602
57514
57603
57515
57604
57516
57605
57517
57606
57518
57607
57519
57608
57520
57609
57521
57610
57522
57611
57523
57612
57524
57613
57525
57614
57526
57615
57527
57616
57528
57617
57529
57618
57530
57619
57531
57620
57532
57621
57533
57622
57534
57623
57535
57624
57536
57625
57537
57626
57538
57627
57539
57628
57540
57629
57541
57630
57542
57631
57543
57632
57544
57633
57545
57634
57546
57635
57547
57636
57548
57637
57549
57638
57550
57639
57551
57640
57552
57641
57553
57642
57554
57643
57555
57644
57556
57645
57557
57646
57558
57647
57559
57648
57560
57649
57561
57650
57562
57651
57563
57652
57564
57653
57565
57654
57566
57655
57567
57656
57568
57657
57569
57658
57570
57659
57571
57660
57572
57661
57573
57662
57574
57663
57575
57664
57576
57665
57577
57666
57578
57667
57579
57668
57580
57669
57581
57670
57582
57671
57583
57672
57584
57673
57585
57674
57586
57675
57587
57676
57588
57677
57589
57678
57590
57679
57591
57680
57592
57681
57593
57682
57594
57683
57595
57684
57596
57685
57597
57686
57598
57687
57599
57688
57689
57601
57690
57602
57691
57603
57692
57604
57693
57605
57694
57606
57695
57607
57696
57608
57697
57609
57698
57610
57699
57611
57700
57612
57701
57613
57702
57614
57703
57615
57704
57616
57705
57617
57706
57618
57707
57619
57708
57620
57709
57621
57710
57622
57711
57623
57712
57624
57713
57625
57714
57626
57715
57627
57716
57628
57717
57629
57718
57630
57719
57631
57720
57632
57721
57633
57722
57634
57723
57635
57724
57636
57725
57637
57726
57638
57727
57639
57728
57640
57729
57641
57730
57642
57731
57643
57732
57644
57733
57645
57734
57646
57735
57647
57736
57648
57737
57649
57738
57650
57739
57651
57740
57652
57741
57653
57742
57654
57743
57655
57744
57656
57745
57657
57746
57658
57747
57659
57748
57660
57749
57661
57750
57662
57751
57663
57752
57664
57753
57665
57754
57666
57755
57667
57756
57668
57757
57669
57758
57670
57759
57671
57760
57672
57761
57673
57762
57674
57763
57675
57764
57676
57765
57677
57766
57678
57767
57679
57768
57680
57769
57681
57770
57682
57771
57683
57772
57684
57773
57685
57774
57686
57775
57687
57776
57688
57777
57689
57778
57779
57691
57692
57693
57694
57695
57696
57697
57698
57699
57700
57701
57702
57703
57704
57705
57706
57707
57708
57709
57710
57711
57712
57713
57714
57715
57716
57717
57718
57719
57720
57721
57722
57723
57724
57725
57726
57727
57728
57729
57730
57731
57732
57733
57734
57735
57736
57737
57738
57739
57740
57741
57742
57743
57744
57745
57746
57747
57748
57749
57750
57751
57752
57753
57754
57755
57756
57757
57758
57759
57760
57761
57762
57763
57764
57765
57766
57767
57768
57769
57770
57771
57772
57773
57774
57775
57776
57777
57778
57779
)


// ************************************************************************* //
